243sentences.0,lowPMI,beekeeping conservation habitats the of encourages local.,0.9241144812634047
243sentences.1,lowPMI,is interest local produce it every that in to beekeeper's conserve plants pollen.,1.49982101508735
243sentences.2,lowPMI,passive agriculture not native be make crops as of that for a it to form does require vegetation cleared way.,0.9957328081188423
243sentences.3,lowPMI,beekeepers discourage pesticides kill the on they the of because could also use crops honeybees.,1.1247889805113418
243sentences.4,lowPMI,artisanal go craft is to their their the for but worth beekeepers extremes product effort.,1.2421217230288202
243sentences.5,lowPMI,artisanal emphasizes character consistency and and over honey-making quality quantity.,1.6295708489735354
243sentences.6,lowPMI,produce honey become honeybees to of the their finest beekeepers micromanagers.,1.4365138531169293
243sentences.7,lowPMI,scout know flows best extract they when the the and to fields nectar select ways honey.,0.9949397148669548
243sentences.8,lowPMI,beekeeper hive hum fills as the of the the the 40000 opens deep bees air.,0.8948004436051079
243sentences.9,lowPMI,beekeeper honey pollen bee the the and checks stores supplies nursery.,1.8396360342561062
243sentences.10,lowPMI,bees bare hands sting gentle across and they his but because crawl arms don't they're.,1.5178037843001957
243sentences.11,lowPMI,i recurring exams i'm college a though in about no have dream even longer.,1.0016678340891787
243sentences.12,lowPMI,dream day exam suddenly i've gone in the my to my of and it's final i realize never class.,0.5452460754163156
243sentences.13,lowPMI,i've even reading any the of never done assignments.,0.7682551099641559
243sentences.14,lowPMI,i many people same who the know other have nightmare.,1.0986113717925945
243sentences.15,lowPMI,morning study write experience night each the down from in to their the participants had dream previous.,1.0207177196410357
243sentences.16,lowPMI,recorded dreams dream intensity they they and and if any each its recalled described emotional.,0.9111672399590061
243sentences.17,lowPMI,participants assigned category flying bad nightmare each a a or to as a a then dream such dream dream.,1.0539394931120527
243sentences.18,lowPMI,night minds as are every we as we while our when sleep are active awake.,1.1724813737792736
243sentences.19,lowPMI,dream cycles minutes we the of each throughout in about night ninety.,0.6714149099518764
243sentences.20,lowPMI,images stories combinations places dreams and and our of can feelings strange characters fill.,0.9778883869165418
243sentences.21,lowPMI,i start cards went worse when from to to decided playing things bad.,0.4684737255229584
243sentences.22,lowPMI,gambling something had i already close to to it and $10000 was i do had spent doing.,0.7203550338857906
243sentences.23,lowPMI,friends sick gamble my me away of my were watching savings.,1.3269220083899833
243sentences.24,lowPMI,hardest was leaving losing i not the of after the a part horror casino money did have.,0.8787183568726239
243sentences.25,lowPMI,good social effects gambling hard on and to the of by data economic legalized are come.,1.3480833883317527
243sentences.26,lowPMI,studies having nearby gambling more some a that indicate casino makes problems likely.,1.2257594948426649
243sentences.27,lowPMI,gambling be personal marriage may and with also associated bankruptcies problems.,1.3916771285769551
243sentences.28,lowPMI,past has dramatic legalized over there of the a generation been expansion gambling.,0.6887277931919262
243sentences.29,lowPMI,most have lotteries have as and states instituted many casinos well.,1.3719855560716496
243sentences.30,lowPMI,gambling become big business but has very controversial.,1.0662558107977866
243sentences.31,lowPMI,wind shook shattering kitchen the the a the from the in hurricane house window.,1.2960048828123216
243sentences.32,lowPMI,ran food door kitchen we some and to in the the the grabbed slammed surrendered hurricane.,1.1248414534727869
243sentences.33,lowPMI,i afraid be foundation our from would its was house ripped.,0.5173851219488805
243sentences.34,lowPMI,later wind house asleep sofa that the we the with the on night shaking fell huddled.,0.9899483920315592
243sentences.35,lowPMI,hurricanes limbs suck foundations can of off off and their tear trees houses.,0.8936342968277442
243sentences.36,lowPMI,dump rains floods they can that and heavy trigger mudslides.,1.1601773704045673
243sentences.37,lowPMI,hurricanes bring surge ocean lurches can a that a of onto also storm wall water land.,0.6469293286497577
243sentences.38,lowPMI,scientists several look ancient to of for use methods evidence hurricanes.,1.2609060099779834
243sentences.39,lowPMI,strongest deposited windblown sand coastal the at of of the storms layers beach bottoms lakes.,1.6648523355523064
243sentences.40,lowPMI,trees passing preserve storm rings by of in a each their drenched hurricanes record growth.,1.010846983031068
243sentences.41,lowPMI,american cream exported different have preferences around but the ice is world countries different.,0.7660134591719516
243sentences.42,lowPMI,many enjoy cream local their with people ice flavored delicacies.,1.7812847775570517
243sentences.43,lowPMI,tropical vanilla cream topped fresh in with some and places ice is bananas mangos.,1.6847834919377802
243sentences.44,lowPMI,i making cream child at a as remember ice home.,0.6024536875871477
243sentences.45,lowPMI,poured mixture tub start crank cold we into the it the the a to to cream frozen then turning expose.,0.8284801667291218
243sentences.46,lowPMI,eventually i turn crank it that any enough the froze couldn't hand more.,1.0430082033951809
243sentences.47,lowPMI,then put half-frozen cream harden the into to of the i container ice freezer.,1.3294586225438814
243sentences.48,lowPMI,ice is milk sugar up whipped-in a or to of and cream mixture cream flavorings half air.,1.2606287966874603
243sentences.49,lowPMI,butterfat cream makes silky the and it in what and milk is smooth.,1.1860160419332753
243sentences.50,lowPMI,high-priced ice is butterfat flavorings with and premium cream loaded natural.,1.411698299803364
243sentences.51,lowPMI,i riding mower chair back when the the my use lawn uncomfortable makes hurt.,1.5865992499290402
243sentences.52,lowPMI,i levers control the in me the two of to use front machine.,1.1237198840663454
243sentences.53,lowPMI,sharp lawn precisely blade the the of underneath each blades mower sever grass.,2.0353625128930815
243sentences.54,lowPMI,mowing is task taught the and me a it lawn long has patience.,1.0851925168951102
243sentences.55,lowPMI,lawn is revolving cut even a with to a that an mower machine blades grass height.,1.4462735785304457
243sentences.56,lowPMI,blades powered machine motor the by the a may or may be muscle have.,1.53952481774447
243sentences.57,lowPMI,most power lawn is gas the a for common source mowers small engine.,1.4744326891169117
243sentences.58,lowPMI,electric are environment not emissions for because the they lawnmowers better do create.,1.2536909054173684
243sentences.59,lowPMI,also less are expensive they to and need maintenance less run.,1.7336942252489431
243sentences.60,lowPMI,electric mowers much ordinary as an as lawn use electricity toaster.,1.5953767986476843
243sentences.61,lowPMI,astronauts long spacewalks a their for train time.,1.2599389733656319
243sentences.62,lowPMI,much is underwater of their training conducted.,1.048951790999036
243sentences.63,lowPMI,spend pool spend space they 8 10 the every will may to in for they in hours hour floating.,0.3592278916720765
243sentences.64,lowPMI,astronauts be perform repair outside station to and the the to on of practice able construction work space.,1.1623536200391993
243sentences.65,lowPMI,commanders flights always many backgrounds test the and of as shuttle are pilots have military pilots.,0.9792434843307731
243sentences.66,lowPMI,other are doctors scientists experiments as who in and can astronauts trained engineers run space.,1.4037721644367631
243sentences.67,lowPMI,early were men now much diverse all but crews young astronauts are more.,0.8653485017311
243sentences.68,lowPMI,team floated exterior shuttle the out the the of to of astronauts together space.,1.061126572882433
243sentences.69,lowPMI,carried needed broken huge they the the to on tools repair part telescope.,0.9320982612147574
243sentences.70,lowPMI,astronaut bolts other replacement place one on while the the the the into loosened pipe fitted part.,1.271811355442538
243sentences.71,lowPMI,computers been art time artists in a for by have used long experimental.,0.919364176097665
243sentences.72,lowPMI,now are affordable computer have mainstream world that the and computers more widespread graphics entered art.,1.0986466232350083
243sentences.73,lowPMI,computer conferences art showcase graphics some the that science have exhibitions latest technology.,1.3169697963709792
243sentences.74,lowPMI,brand conferences sprung devoted cultures up to two that the new have are bridging.,0.9633113214961513
243sentences.75,lowPMI,computer specialist doctors medical surgical the to with and graphics works visualize conditions procedures.,1.6319672170335666
243sentences.76,lowPMI,uses animation doctors structures body she within to a digital help understand patient's.,0.7844413964236756
243sentences.77,lowPMI,seeing structures screen much squinting the an a at in on than internal animation is clearer x-rays.,0.7323963166216534
243sentences.78,lowPMI,modern animation powerful education a for digital is tool.,1.1975556832554046
243sentences.79,lowPMI,field graphics graphics help as of we if the broadens must computer ask actually students.,1.1305169356405271
243sentences.80,lowPMI,research suggest engaging imagery effective that can the and in does vivid digital be classroom.,0.7862194868410628
243sentences.81,lowPMI,reason law first was the to the he in came school place cliche.,0.8957274943984582
243sentences.82,lowPMI,wanted things he for to the change better.,1.1504434877392562
243sentences.83,lowPMI,recalled law program had all-nighter he at he the one when and an evening school director pulled.,0.9010620374031991
243sentences.84,lowPMI,finally drafting several families they for a at finished petition evicted sunrise.,0.953015302023018
243sentences.85,lowPMI,past legal has relentlessly over four the up the decades of cost education gone.,0.9634728550107398
243sentences.86,lowPMI,private school increased by of since 1970s a four the law tuition factor.,0.97133856409623
243sentences.87,lowPMI,market law new eventually the to for for and could admission school lawyers crash.,0.8409636528785147
243sentences.88,lowPMI,law faculty have experience practicing in school often minimal actually law.,0.8366559749073937
243sentences.89,lowPMI,professors writing review prestigious on for focus law articles journals.,1.2511937698174735
243sentences.90,lowPMI,law often theoretical topics law england the on in with like schools emphasize classes property feudal.,0.7671536381607711
243sentences.91,lowPMI,pharmacists increasingly preventive in are involved care.,1.287774319299293
243sentences.92,lowPMI,are front-line advisers go often they to because becoming health people pharmacies.,0.9674875618187807
243sentences.93,lowPMI,pharmacists often source public a about of are good information health.,0.7521993246100742
243sentences.94,lowPMI,doctors pharmacists lot interactions effects with they about because a and consult know drug side.,0.4938001026204317
243sentences.95,lowPMI,pharmacists prescription patients advice use to about of and the dispense drugs offer safe medications.,1.0913944605836126
243sentences.96,lowPMI,also health screenings vaccines they and and conduct wellness provide.,1.431835321143832
243sentences.97,lowPMI,pharmacists professional pass order licensed must two to and in have degrees exams be.,0.9601154804886539
243sentences.98,lowPMI,i pharmacy chose much chose pharmacist the as a me to think profession as i be.,0.8164643247753487
243sentences.99,lowPMI,i fascinated arranged pharmacies by in a the as was neatly bottles child.,1.4176004208176678
243sentences.100,lowPMI,i it's i impact have patients but that of the on my know cliche love i lives.,0.9257175708565797
243sentences.101,lowPMI,person own potentially situations each or to his her has response stressful.,0.7521748013996015
243sentences.102,lowPMI,person devastated find fulltime one by another may while may be unemployment working stressful.,1.2430003586739746
243sentences.103,lowPMI,are stresses stuck there in like everyday being traffic.,1.4631681248789996
243sentences.104,lowPMI,are traumatic such loss there or a as of also stresses divorce child.,0.941764892444894
243sentences.105,lowPMI,people different stress some to can of adapt levels.,1.3374711254838914
243sentences.106,lowPMI,not effectively take toll if though a with can on dealt stress real health.,0.9530848963339468
243sentences.107,lowPMI,remember reaction determines harmful that to if will your that it or it's stress be beneficial.,1.169110654702551
243sentences.108,lowPMI,company downsizing felt stressed when and my was i incredibly worried.,0.9415063914130046
243sentences.109,lowPMI,heart reason even dizzy my for and would no at race i felt times.,0.45163711958675123
243sentences.110,lowPMI,then started yoga manage level to my to i taking try stress.,0.852988147577678
243sentences.111,lowPMI,man jet tuxedo stripes the with a wore black satin.,1.2070470585766817
243sentences.112,lowPMI,was rich cut style it in with the made fabric latest.,1.142277711153236
243sentences.113,lowPMI,clearly tailored man he as the it it had fit perfectly.,0.9148297828339641
243sentences.114,lowPMI,looked professional have formal it a out a like would for something stylist picked event.,1.2187217260785823
243sentences.115,lowPMI,tuxedo still today's are personal wedding while in the is preferred grooms making statements attire.,0.9918502265872865
243sentences.116,lowPMI,shorter are edge fashion on of the for jackets cutting wedding men.,1.102636071882127
243sentences.117,lowPMI,grooms also tuxedos shirts ties up with their and are jazzing colorful satin.,1.4158573728010744
243sentences.118,lowPMI,tuxedo is dinner black lapels a with a jacket tailless jacket silk.,2.417056798847113
243sentences.119,lowPMI,black trousers perfect tuxedo should to a the tie be match jacket.,1.6273177194221478
243sentences.120,lowPMI,shirt be white be match lapels the and should the should the and always plain tie black jacket.,1.0162268054482695
243sentences.121,lowPMI,concert went the in blind pianist adulthood.,1.8033152130572752
243sentences.122,lowPMI,blindness caused condition damaged her a the by that was genetic slowly eyes.,1.1974637452548178
243sentences.123,lowPMI,told being was pianist she an a that to interviewers blind advantage.,1.2966495696387998
243sentences.124,lowPMI,had distractions more music she so could her no she on visual concentrate fully.,0.9428374238628492
243sentences.125,lowPMI,government blindness insufficient activities the for of as the defines vision ordinary life.,1.1463271536348814
243sentences.126,lowPMI,establishing legal resources focused blind by of on the can the parameters blindness be legally.,0.7830915607550883
243sentences.127,lowPMI,overlook vision do meet this those but the may who who have problems not standard.,1.0155129481189051
243sentences.128,lowPMI,developing blindness is caused disease deficiencies in by in and countries children usually infectious nutritional.,1.2948878941174549
243sentences.129,lowPMI,causes be medicine supplements these by can and often prevented vitamin.,0.6977602437235467
243sentences.130,lowPMI,developed blindness more be genetic in by to countries is likely caused problems.,0.9785887599067411
243sentences.131,lowPMI,one knows taste mouth no a your your how from to really exactly gets brain.,1.0298923822969397
243sentences.132,lowPMI,scientists process molecule touches bud the a a when of think begins food taste cell.,0.7822108970503217
243sentences.133,lowPMI,cell taste taste cell the to the a beneath carries message nerves.,1.225469321770013
243sentences.134,lowPMI,was believed bud basic it each one the that to of four once taste responded tastes.,0.7708587362014979
243sentences.135,lowPMI,is bud tongue only eating sweet that on of would you a the the if taste tip respond were something.,0.76063798339688
243sentences.136,lowPMI,scientists think taste be basic that can all the a to of now single bud sensitive tastes.,0.8588098916317027
243sentences.137,lowPMI,sense isn't good tend foods strong my so with of to taste very i eat very flavors.,0.7109223772195332
243sentences.138,lowPMI,i lots sauce drink cream it's bitter of my no and with like hot i coffee so very.,1.0992590510193578
243sentences.139,lowPMI,i even sweetness so make i extra when can't taste well i cookies add sugar.,0.4920270162789782
243sentences.140,lowPMI,hip are problem individuals a for fractures real aging.,1.013846390198115
243sentences.141,lowPMI,patients faced break process with of and of the the the are pain difficult healing.,0.7549988790242568
243sentences.142,lowPMI,families adjust loss to the to of have patient's independence.,1.464143149270494
243sentences.143,lowPMI,society fractures substantial time and and the for in hip involve expense hospital.,0.7207186270724912
243sentences.144,lowPMI,halfway i sound snapping through a their the like race heard someone fingers.,1.5467085284183153
243sentences.145,lowPMI,i crunch knew foot broken a that and my felt i instantly was.,0.8085636513529003
243sentences.146,lowPMI,step running every on like felt spikes.,1.6580810919687547
243sentences.147,lowPMI,doctor's afterward clearly fracture at the the the office x-ray showed.,1.2392759858420361
243sentences.148,lowPMI,are different bone there of a few types fracture.,1.2505336665276816
243sentences.149,lowPMI,closed fractures is skin intact in the the or but simple bone broken is.,1.3399907161720064
243sentences.150,lowPMI,open fractures bone punctured produced wound in the and or the an compound broken has skin open.,1.5725721092390907
243sentences.151,lowPMI,new piercings infected not cleaned can if ear become they're carefully.,0.9674958163831971
243sentences.152,lowPMI,signs include swelling earlobe of around or the infection tenderness redness.,1.1922695247237456
243sentences.153,lowPMI,see clean apply if these and you the some symptoms area ointment.,0.8842201709496618
243sentences.154,lowPMI,redness don't contact care if and your the away swelling go health provider.,0.8344240631989143
243sentences.155,lowPMI,local has new reduce a to hospital initiated measures infections.,1.232312938306161
243sentences.156,lowPMI,have hand habits infected are other they that and from improved washing ensured patients isolated patients.,1.0089998928198458
243sentences.157,lowPMI,hospital seen rates new began the the since has infection drop measures.,0.750246610510955
243sentences.158,lowPMI,scrubbing soap delays increases infection a or the with which of wound alcohol healing risk.,1.3133302064008556
243sentences.159,lowPMI,band-aids risk holding moisture can of in the by and increase infection heat.,0.895290184115899
243sentences.160,lowPMI,fortunately skin easily treated diagnosed can they once most infections be are.,1.092037971046778
243sentences.161,lowPMI,modern started sixteenth at of the the opera end century.,1.232909706897207
243sentences.162,lowPMI,began rediscover greek performance it an and as to effort imitate tragic.,0.9733165747394271
243sentences.163,lowPMI,early opera tales subject of for from their founders chose antiquity matter.,1.2306638058025625
243sentences.164,lowPMI,later branched sources musical out of into and operas different stories traditions.,1.3973936105605103
243sentences.165,lowPMI,opera art singers perform combines music an which a and in and that is form musicians play words.,1.2626057021407933
243sentences.166,lowPMI,incorporates elements theatre acting costumes it the as of of and many spoken such scenery.,0.9794358928809046
243sentences.167,lowPMI,performances typically opera accompanied in and an an by are given house orchestra.,1.1424208602564652
243sentences.168,lowPMI,opera has hard role production the the the to in singer worked win new.,0.8898544356525906
243sentences.169,lowPMI,job not singing her about is just.,1.1118584442491177
243sentences.170,lowPMI,acting presence interpretation critical and all stage musical are.,1.0323738898772237
243sentences.171,lowPMI,pure voice certainly show but the the her of strong is star.,0.7075757596984705
243sentences.172,lowPMI,painter many mind painting a in a must while keep elements completing.,0.9906691569222108
243sentences.173,lowPMI,has solid design composition she of and to like use elements strong lighting.,0.7325997491711079
243sentences.174,lowPMI,has brush skill she the to with execute strokes.,1.0176565671803697
243sentences.175,lowPMI,most content reveal painter's the the a the of should of importantly painting glimpse soul.,0.6785881252229355
243sentences.176,lowPMI,long painters employed skilled creative as as than ago were more artisans artists.,1.3566948755479613
243sentences.177,lowPMI,however painters social scholars royal the and the of of prominent had status members court.,0.8970418886861341
243sentences.178,lowPMI,signed decided imagery personal patrons they on and a their their its and with work subject established relationship.,0.699031671704244
243sentences.179,lowPMI,painter learned less scene painting as to the on itself a on and the i focus actual more.,0.869044624961106
243sentences.180,lowPMI,artist's is camera has everything vision an that within of a to its eye not lens record field.,0.9449674494367692
243sentences.181,lowPMI,i nature useful more needed painting but for than a found provides information is good.,1.0467867088448148
243sentences.182,lowPMI,eagle is bird the an owl impressive.,1.8375278265383408
243sentences.183,lowPMI,has tufts horns it up that like ear stick.,0.9696798524558898
243sentences.184,lowPMI,large eyes downright look right its like could you and they through orange are creepy pierce.,1.173994123518963
243sentences.185,lowPMI,owl night swiftly darkness this and the at through hunts flying silently.,1.4862703902143293
243sentences.186,lowPMI,owl have endangered are while some species become others thriving.,1.1272810828382813
243sentences.187,lowPMI,barred has well habitat the its beyond owl spread previous.,1.293248751868366
243sentences.188,lowPMI,early suggest have barred invasion that the may findings logging facilitated owl's.,0.8135804945550265
243sentences.189,lowPMI,owl thick gripped the a it her on and with landed branch talons.,1.0323819147181588
243sentences.190,lowPMI,pressed sides down eye she to and her her an wings settled half-closing.,0.865109974839554
243sentences.191,lowPMI,have statue eyes she a for of might but the her been glow.,0.38669028854991816
243sentences.192,lowPMI,it's watch bear floating ice to across a unnerving polar stalk sea.,1.2674257110719331
243sentences.193,lowPMI,it's worse submerged waters huge when in beneath you the the even are frigid directly animal.,0.9077739112879574
243sentences.194,lowPMI,overhead paws ice bear prey down the the on as its giant set polar pursued.,1.2473950732777905
243sentences.195,lowPMI,part crew bear i months shots as the a of for these film polar documentary spent capturing.,0.8761415804184848
243sentences.196,lowPMI,polar are animals people other confusion one the will than of that for or bears few attack reasons fear.,0.9212796673177813
243sentences.197,lowPMI,attack live environment they out because in may of they a hunger food-scarce.,0.8757823853282523
243sentences.198,lowPMI,sneak slowly conserve they up to will on their people careful energy.,1.1390771863015725
243sentences.199,lowPMI,seal important polar diet the of an the is part bear's.,0.745014043970167
243sentences.200,lowPMI,hunting seal's hole seals basking when will a that the they by or on wait breathing stalk are ice.,1.1110130903583106
243sentences.201,lowPMI,polar crawl forward place looks the and when around will in the bear quietly freeze seal.,1.1303024684962482
243sentences.202,lowPMI,medieval was structure primarily the for a castle not built defense.,1.296527960999205
243sentences.203,lowPMI,purpose dominate its its to was surroundings.,1.2648175395951877
243sentences.204,lowPMI,castle control day's a within could a easily lands walk.,0.8340113021624158
243sentences.205,lowPMI,times peasants property brought walls during and inside for of could the attack livestock be castle's protection.,1.0409066927354171
243sentences.206,lowPMI,spectacular dramatic provide stormy many in of of a the castles locations record history regions.,1.0228613841974434
243sentences.207,lowPMI,today atop cliffs beautiful quaint they and stand rocky overlooking landscapes villages.,1.4707479357074829
243sentences.208,lowPMI,past home plots in they and the to were battles intrigue.,0.6721119436305197
243sentences.209,lowPMI,leaving station hotel magnificent built upon we above on the our a a train saw looming castle cliff.,1.4533677244089047
243sentences.210,lowPMI,thick walls inner hundreds river the of the an above outside sheltered courtyard feet.,1.7870439590315261
243sentences.211,lowPMI,tower had slightly view our but an rooms incredible scary.,0.8382264445150959
243sentences.212,lowPMI,climbing feet pyramid gestured black after the the me a up of the into fifty side man small entranceway.,0.7884832989595619
243sentences.213,lowPMI,led pyramid's this the the into at chamber center.,0.9478122397903568
243sentences.214,lowPMI,i steep narrow him the down followed dark passage.,1.2582799643487188
243sentences.215,lowPMI,smell was air thick the the the inside and pyramid chalky was.,1.5861350162148293
243sentences.216,lowPMI,more tomb pyramids pride than of the the the the of just king represented nation.,0.9171891519509231
243sentences.217,lowPMI,care builders craft evident the the their that in pyramid took is.,0.6714619940221621
243sentences.218,lowPMI,stones pyramid precisely together structure the and the the until covering were fitted polished gleamed.,1.079460276591052
243sentences.219,lowPMI,architects still solve pyramids constructed to of the how are working mysteries were.,1.0393837953146763
243sentences.220,lowPMI,think were pyramid's raise blocks some the inside to ramps built walls stone.,1.2248976135341947
243sentences.221,lowPMI,others ramps exterior pyramid that the the up of speculate zigzagged walls.,1.4221598919737695
243sentences.222,lowPMI,even rock takes strength and beginner climbing courage.,1.0520493673767168
243sentences.223,lowPMI,climbers learning try large who can the on are sport scrambling boulders.,0.914648416313657
243sentences.224,lowPMI,once comfortable using safely vertical faces with they to that can they're begin ropes climb rock.,0.9970554774007949
243sentences.225,lowPMI,boys were rock all the the of on to trip new climbing.,1.1914036884965153
243sentences.226,lowPMI,many afraid of were heights.,1.4002767217383476
243sentences.227,lowPMI,having else knots helped their them and down someone check harnesses calm.,0.9701585853180756
243sentences.228,lowPMI,adults climbing appropriate the for up set routes beginners.,1.3291745883527548
243sentences.229,lowPMI,free-climbing particular rock one of is style climbing.,1.0319556853034044
243sentences.230,lowPMI,climber solely physical ascend face the her to on and a relies skill strength rock.,1.1657258849495875
243sentences.231,lowPMI,rope are equipment and the bolts only used.,0.9309311985162496
243sentences.232,lowPMI,are only climber they the she to if meant stop falls.,1.1353398637106897
243sentences.233,lowPMI,i skied trail convinced down that me the my to hesitantly steep buddies try.,1.3924153299077817
243sentences.234,lowPMI,i bad i tumbling a myself and down made turn found.,1.2091034534053733
243sentences.235,lowPMI,i came flat slope to at of a a the finally stop part.,0.8896694723418587
243sentences.236,lowPMI,skis nowhere found were snow hill my and in up to my a the were be poles lodged drift.,1.2023550174225928
243sentences.237,lowPMI,major professional is ski a how of they strength skiers use poles.,1.3570309381787926
243sentences.238,lowPMI,proper ski improves adds skiing of and their their to use poles balance flair.,0.9870241754753193
243sentences.239,lowPMI,minimizes upper movements lost skiing it for while the to need body regain balance.,1.0600304088104204
243sentences.240,lowPMI,new designs boots skiers more and ski stiffer let turn quickly.,1.4830459532429516
243sentences.241,lowPMI,faster turns twisting legs but the the and on tighter increase force.,1.2260380298213434
243sentences.242,lowPMI,has more particularly skier's this to the to in led injuries ligaments knee.,0.8618407643243692
384sentences.0,lowPMI,accordion portable instrument an with a two is musical keyboards.,1.4593590870893653
384sentences.1,lowPMI,keyboard used notes chords one the for for is individual other.,0.9687280271622789
384sentences.2,lowPMI,accordions sound blow reeds with through that produce bellows air.,1.052105610951281
384sentences.3,lowPMI,accordionist keyboards closing an while the both and plays opening bellows.,1.047497557932148
384sentences.4,lowPMI,apartment self-contained is building an that a a of is home part.,1.102825375967683
384sentences.5,lowPMI,apartment more as kitchen an one as and may or a a have rooms well bathroom.,0.7150725438878334
384sentences.6,lowPMI,apartments single others some for for are people families.,1.1800893960270047
384sentences.7,lowPMI,building garage facility storage the a or can a have laundry extra space.,1.5794886601696236
384sentences.8,lowPMI,apple fruit green yellow an that or a can is be red.,1.5990790956368264
384sentences.9,lowPMI,apples thin sweet seeds skin and a inside have crisp pulp.,1.457879143327686
384sentences.10,lowPMI,very apples used cider some to tart are make.,1.7592430922575861
384sentences.11,lowPMI,apples eaten roasted pies can in or be raw baked.,1.8263463254471057
384sentences.12,lowPMI,arson criminal burning wildland the a of or is act building.,1.0910621292846296
384sentences.13,lowPMI,fire determines was accident a a or if by investigation fire caused arson.,1.1625934268475644
384sentences.14,lowPMI,arson done damage collect can to to or be cause others insurance.,1.4368006108566251
384sentences.15,lowPMI,severity depends were the the whether of on crime people harmed.,1.0447617375278933
384sentences.16,lowPMI,automobile is vehicle passengers an a or for car wheeled transporting.,1.5556854543980991
384sentences.17,lowPMI,car powered electric a by or can a be gasoline engine.,1.90091513175312
384sentences.18,lowPMI,driver car other just the on the steers roads passengers sit.,1.4430095191551104
384sentences.19,lowPMI,automobiles size doors trunk in and of of the vary number type.,0.8295712975646559
384sentences.20,lowPMI,axe tool split wood the to a and is used cut.,1.0915005628443732
384sentences.21,lowPMI,axe consists attached the a a of to usually head handle.,0.5276067379749638
384sentences.22,lowPMI,historically heads made then of and axe were stone metal.,1.0607980237734467
384sentences.23,lowPMI,axes used firemen buildings by and are woodcutters entering.,1.5916200780496657
384sentences.24,lowPMI,banana long grows soft inside a that with a in a is fruit bunchs edible.,1.4641374289566262
384sentences.25,lowPMI,banana be purple have brown a can and when or ripe yellow red small spots.,1.445729198678704
384sentences.26,lowPMI,greatest are countries india the or as producers tropical such ecuador.,1.0524891699677452
384sentences.27,lowPMI,unripe plantains staple often potatoes and like and bananas are foods cooked.,1.5772283790935482
384sentences.28,lowPMI,bed piece used sleep sex a of a or a as to in is furniture place have.,0.615415870692912
384sentences.29,lowPMI,bed made box sheets covers a a a and of and plus is mattress spring pillows.,0.9695071933660311
384sentences.30,lowPMI,waterbeds is water is air in with in with the and it mattress filled airbeds filled.,1.3339293854847423
384sentences.31,lowPMI,type is fabric suspended another the above of a the bed hammock sling ground.,1.9029852991608596
384sentences.32,lowPMI,bee flying black body a with and six a a and is insect yellow legs.,1.3386918770575238
384sentences.33,lowPMI,bees pollen collect honey between they to as nectar spread flowers make.,1.9665117944709
384sentences.34,lowPMI,bees social live colony hive and a a in in are insects together located.,1.1707814185692955
384sentences.35,lowPMI,many have attack threatened and if can they bees stingers feel.,1.4430565352479374
384sentences.36,lowPMI,bicycle vehicle pedals a with and a a two on is wheels frame.,1.524870655630307
384sentences.37,lowPMI,bicycle propelled cyclist a the a the by of on is pedalling saddle.,1.4327800073725647
384sentences.38,lowPMI,wheels rubber inner full the an with of have tires tube air.,1.5602278189419723
384sentences.39,lowPMI,people bicycles recreation for and use transportation racing.,1.4722914839410217
384sentences.40,lowPMI,blacksmith objects iron a or by creates forging steel.,1.6972522186192083
384sentences.41,lowPMI,blacksmith bends iron change a on to and an its hammers hot anvil shape.,1.0668096198424977
384sentences.42,lowPMI,blacksmiths thick handle tongs a the and with wears apron metal.,1.2749856845979826
384sentences.43,lowPMI,blacksmiths objects horse iron like or make weapons shoes furniture.,1.1694862306462803
384sentences.44,lowPMI,blender kitchen used ingredients food a to a or is appliance mix puree.,1.1597030724348056
384sentences.45,lowPMI,blenders glass container blade a with in or a the have plastic rotating bottom.,1.3854763704072524
384sentences.46,lowPMI,blenders used milk fruit to and are make shakes smoothies.,1.046873773684711
384sentences.47,lowPMI,blenders also make alcoholic crushed to with are used cold drinks ice.,1.2877094791415027
384sentences.48,lowPMI,boy young child not puberty a who a is male has undergone.,1.045846445425518
384sentences.49,lowPMI,term used sex relative the to to is indicate distinctions girls.,1.3153018883226124
384sentences.50,lowPMI,traditionally play games other like and each to with boys rough fight.,1.511772324842531
384sentences.51,lowPMI,adult behaving is referred an as to a male immaturely often boy.,1.3306563748045905
384sentences.52,lowPMI,broccoli plant family a the in is cabbage.,1.2010281235854967
384sentences.53,lowPMI,broccoli green head tough a a and has flower thick stalk.,1.4811064783212289
384sentences.54,lowPMI,broccoli high fiber nutrients in and is vitamins other.,1.043177185883017
384sentences.55,lowPMI,broccoli boiled eaten can or be stir-fried raw.,2.4660248826709315
384sentences.56,lowPMI,butterfly flying large a with a four is insect wings.,1.7929687900751536
384sentences.57,lowPMI,wings be colorful the can of and butterflies very patterned.,1.117511987379775
384sentences.58,lowPMI,metamorphosis transformation butterfly the a a of into is caterpillar.,1.5001732864760775
384sentences.59,lowPMI,people butterflies wings some of because their collect colorful.,1.304413784239795
384sentences.60,lowPMI,carpenter artist laborer wood a or with an who is manual works.,0.9150112006372595
384sentences.61,lowPMI,carpenters repair furniture other and and build houses boats objects.,1.9547848049418477
384sentences.62,lowPMI,carpenters tools hammers pliers as and use such saws planes.,1.6922404896811327
384sentences.63,lowPMI,luthier carpenter repairs instruments a that a and is makes musical.,0.8357084308985615
384sentences.64,lowPMI,cats small animals tail with and four a are furry legs.,1.4479801549270184
384sentences.65,lowPMI,cats licking like themselves their to by groom fur.,1.921860694444113
384sentences.66,lowPMI,cats mice are fed can but their or by hunt birds often owners.,1.5417026135183882
384sentences.67,lowPMI,claws are keep the so they of that cats retractable sharp.,1.3136488323312445
384sentences.68,lowPMI,chair piece designed sit a of to a for on is furniture people.,0.8426298775804891
384sentences.69,lowPMI,chairs seat floor supported of above a by consist raised level legs.,0.8370352708431635
384sentences.70,lowPMI,chairs have arm as cushion can as and a also back rests well.,0.6592045943686254
384sentences.71,lowPMI,seats fixed located places in in or like are chairs vehicles cinemas.,1.3426335832942058
384sentences.72,lowPMI,clarinet woodwind instrument a a is musical.,1.6089097111829238
384sentences.73,lowPMI,clarinet long tube bottom a with at a a the is black flare.,1.3224327177589044
384sentences.74,lowPMI,player notes keys the and by chooses pressing holes.,1.1903486646303292
384sentences.75,lowPMI,clarinet used classical the in both and is jazz music.,1.3276188246034537
384sentences.76,lowPMI,cod fish colder atlantic a that the the a in of is lives areas.,1.2854337942842224
384sentences.77,lowPMI,cod is mild-tasting easily and when and flesh white flakes cooked.,1.6278750223390712
384sentences.78,lowPMI,fresh is fish salted elaborate for for and cod used chips cod dishes.,1.8097841296994672
384sentences.79,lowPMI,cod been salted time and the the since of has caught traded vikings.,1.3394849880893342
384sentences.80,lowPMI,coffee made beans coffee from of the the is coffee seeds plant.,1.8604399044803839
384sentences.81,lowPMI,coffee popular many usually hot a and in is drink countries served.,0.7192180973073411
384sentences.82,lowPMI,coffee mild called keeps awake a that contains drug caffeine people.,1.6166730585810625
384sentences.83,lowPMI,coffee world's legal export the is seventh-largest agricultural.,1.3876192691189764
384sentences.84,lowPMI,desert natural almost falls a where a no is environment rain.,0.9021806671682329
384sentences.85,lowPMI,hot are filled dunes with or deserts usually sand rocks.,1.4531840164702114
384sentences.86,lowPMI,animals have live some to and in plants adapted deserts.,1.5452805095013387
384sentences.87,lowPMI,biggest desert sahara africa the in the hot is northern.,1.6559846750878566
384sentences.88,lowPMI,desk piece used sometimes a of at a a for with is furniture working computer.,1.1008052716056076
384sentences.89,lowPMI,desk flat be wood metal a and of a can or has surface made plastic.,0.9606396614862243
384sentences.90,lowPMI,desk drawers supplies a to may and have store papers.,1.1102794077794058
384sentences.91,lowPMI,cubicle desk partitions a a on of by three consists surrounded sides.,1.5647781978522224
384sentences.92,lowPMI,door movable entrance enclosed a to from a or an is barrier exit area.,1.2522296302467844
384sentences.93,lowPMI,most have control pass to to them who through doors locks gets.,1.253766482855283
384sentences.94,lowPMI,most are pushing handle unlocked by a they or after doors opened pulling are.,1.154434221097991
384sentences.95,lowPMI,other doors consist chamber of or a can of types slide revolving.,1.0496666832167336
384sentences.96,lowPMI,dress piece women wear a of a that is clothing sometimes.,1.310472731352556
384sentences.97,lowPMI,dress shirt long skirt a a a like to is attached matching.,2.1686604579664834
384sentences.98,lowPMI,dress usually formal such dance a as or at a a is worn occasions wedding.,1.4376659142168644
384sentences.99,lowPMI,be climb ride dress it to a a can or in hard stairs bike.,0.5187873334677341
384sentences.100,lowPMI,drunk is driving alcohol the under of of the driving act effects.,1.6953389398463403
384sentences.101,lowPMI,drunk vehicle crime world of a of any in the driving is most.,1.0339535618414335
384sentences.102,lowPMI,plays almost vehicle-related it in all a of role half deaths.,1.0024941474017797
384sentences.103,lowPMI,drunk are field breathing by and drivers caught sobriety tests.,1.0782437543951706
384sentences.104,lowPMI,drought persistent water caused rain a of by a the of is shortage supply lack.,1.744941109758072
384sentences.105,lowPMI,drought crops stop die will to and and cause plants growing.,1.118668490080894
384sentences.106,lowPMI,extreme eventually areas cause will and into drought turn desert famine.,1.3369890845345775
384sentences.107,lowPMI,large people migrate bowls of away to from numbers have dust.,1.1179454643100277
384sentences.108,lowPMI,eagles large prey day very eyesight of during and that the are birds hunt have good.,1.2631127385086152
384sentences.109,lowPMI,eagles hooked tearing strong sharp for and have beaks flesh legs talons.,1.340212373617075
384sentences.110,lowPMI,eagles eyries eat others mammals in some and and live species fish small.,1.4558439035059993
384sentences.111,lowPMI,bald has white is bird states the and of a the the eagle bright head national united.,1.0481170056115674
384sentences.112,lowPMI,earthquakes ground buildings structures the can and and down shake knock other.,1.1052208596521065
384sentences.113,lowPMI,shaking trigger volcanic the and can also landslides activity.,1.3540078369084942
384sentences.114,lowPMI,most are release earth's by of the the in earthquakes caused energy crust.,1.0720726109508085
384sentences.115,lowPMI,earthquake displace cause an can and at the a sea seabed tsunami.,1.5072827599506933
384sentences.116,lowPMI,elephants largest land weighing tons the of are kind mammal several.,1.6380385952661816
384sentences.117,lowPMI,elephant long called grab food an a can a which or has nose trunk things.,0.7000504060255037
384sentences.118,lowPMI,elephant pair tusks objects trees the of or a for into has ivory moving digging.,1.1497608568579978
384sentences.119,lowPMI,elephant large cool body the to in and its the them its flaps ears blood.,1.0577000954052034
384sentences.120,lowPMI,eye organ light visual the for it the an and for is sensing coding cortex.,1.2015893788817513
384sentences.121,lowPMI,most have eyes color texture which and can animals complex detect motion.,1.112321933830555
384sentences.122,lowPMI,fovea center eye sensitive the of and of the the the it is human most part.,1.012007696064253
384sentences.123,lowPMI,insects compound made units many up in of have eyes eye facing directions.,0.7850194113255343
384sentences.124,lowPMI,farm land grow raise food a or to for is used plants animals.,1.2795556852957337
384sentences.125,lowPMI,farmers people farm produce the the what who and to are run decide.,1.0333159888869665
384sentences.126,lowPMI,farms have farmers barn a a a for and usually house silo.,0.8674498121015027
384sentences.127,lowPMI,cooperative farm farmers land a where and a the is many share equipment.,1.274543286765593
384sentences.128,lowPMI,primates have thumb four a each and on usually fingers hand.,0.7855756194283784
384sentences.129,lowPMI,fingers used writing other for and are grasping grooming activities.,1.3398002986032311
384sentences.130,lowPMI,fingertips sensitive pressure the and to are temperature vibration.,1.0453946996781047
384sentences.131,lowPMI,nail tip be decorated the of and or the the can protects finger grown.,0.8293311279815965
384sentences.132,lowPMI,flood overflow water inhabited a of of an an that is expanse submerges land.,1.4711480891999689
384sentences.133,lowPMI,flood caused rain snow as earthquakes can or at by as be heavy rapid melt well sea.,0.7066243148156859
384sentences.134,lowPMI,flood flow channel dams in a of or a will its and river out break levees.,1.1222639543493744
384sentences.135,lowPMI,flood evacuate water diseases during and a the people contaminated causes.,0.9312896243846824
384sentences.136,lowPMI,floor horizontal building walking a inside for a a on is surface used.,1.3488555372215802
384sentences.137,lowPMI,floors made concrete linoleum floorboards may or of be bare tile wooden.,1.6246646153315385
384sentences.138,lowPMI,people put floor dampen on for to a and often carpets comfort noise.,0.8677693489291283
384sentences.139,lowPMI,buildings often pipes wiring in and it the under floor has electrical.,0.8984665994387512
384sentences.140,lowPMI,foot body end a on of a the a is part leg.,1.0917779557074672
384sentences.141,lowPMI,people feet running straight their or when use walking standing.,1.4464688635466503
384sentences.142,lowPMI,people use kick sports their in and to both also feet fighting.,0.9619851890541832
384sentences.143,lowPMI,many have behavior feet for to cultures rules related.,0.45850563897606794
384sentences.144,lowPMI,forest area density canopy a with of an a and is high trees cover.,1.6698509489700477
384sentences.145,lowPMI,type depends rainfall the on in of and its forest temperature location.,1.3735131931155622
384sentences.146,lowPMI,forest has types animals well plants a and of as ecosystem various trees as ground.,0.8752358635742016
384sentences.147,lowPMI,deforestation cutting disregarding the of down is forests regeneration.,0.8329133780861897
384sentences.148,lowPMI,fork tool solid handle tines a for a a with and is eating foods several.,1.3516671271171063
384sentences.149,lowPMI,forks usually metal disposable of if or are made plastic.,0.9407134344244779
384sentences.150,lowPMI,forks used food hold place to the to while to or in are lift mouth food cutting.,0.557714554989312
384sentences.151,lowPMI,forks used cultures special various in there and for are western are kinds foods.,0.8462365173275999
384sentences.152,lowPMI,frying is pan sides a with a a and pan small sloping handle.,1.8784746631127505
384sentences.153,lowPMI,frying is fry brown a and to pan used sear food.,1.6514393545993806
384sentences.154,lowPMI,food cooked covering pan the the the on of is oil bottom.,1.455792155562061
384sentences.155,lowPMI,frying are iron steel of or pans made teflon-clad.,1.818688821835331
384sentences.156,lowPMI,girl female has yet maturity a who a is human not reached.,0.8471108470445085
384sentences.157,lowPMI,body develops at the a that a puberty of into of girl woman.,0.9591842507250177
384sentences.158,lowPMI,girls playing social like and with often dolls games.,1.2717021466794463
384sentences.159,lowPMI,girls grow hair dresses and and sometimes long wear skirts.,1.7151999989653604
384sentences.160,lowPMI,glove piece covers fingers a of the a that and is clothing hand.,1.0906624226958002
384sentences.161,lowPMI,gloves cold made lined material to of against or protect are wool waterproof.,0.837282969804414
384sentences.162,lowPMI,disposable latex are shield germs or from to or rubber gloves used hands chemicals.,1.4798888175641796
384sentences.163,lowPMI,mitten kind fingers covered a of the a where four is glove are together.,0.8486082250815223
384sentences.164,lowPMI,hammer tool deliver object a to to a an an is used impact.,0.9772701839257949
384sentences.165,lowPMI,hammer most used nails a into to is often drive wood.,1.2353396087899597
384sentences.166,lowPMI,claw be remove the the to on can head used nails.,0.8920007791924616
384sentences.167,lowPMI,hammers shape handle in of and the the vary head length.,0.8667123454445516
384sentences.168,lowPMI,hand is used people a as against an a grenade explosive weapon.,1.8122777318624876
384sentences.169,lowPMI,hand are timed bit and a that to after grenades thrown explode.,1.0203529035563077
384sentences.170,lowPMI,grenades be rifles launchers can or from also fired shoulder.,0.9477736687435439
384sentences.171,lowPMI,gas are middle disperse tear the a it into of to grenades thrown mob.,1.2300302710395987
384sentences.172,lowPMI,horse large mammal muscular a with a four is hoofed long legs.,1.5402982215586052
384sentences.173,lowPMI,horse tail neck usually brown a and on and a a its or has mane is gray.,0.9999150555649886
384sentences.174,lowPMI,horses been draft travel for and have used work entertainment.,0.9082428829467771
384sentences.175,lowPMI,human horse trots a a it can while or ride walks gallops.,1.2958349401839981
384sentences.176,lowPMI,people hospitals healed sick to when or to they go be are injured.,1.3060436332570435
384sentences.177,lowPMI,hospitals staffed physicians nurses by and are professional surgeons.,1.8776075441802367
384sentences.178,lowPMI,patients there diagnosis leaving day some or for the go specialist therapy same.,0.7915359716349815
384sentences.179,lowPMI,operations patients stay weeks for or for some to treatments have several.,1.3075644946256644
384sentences.180,lowPMI,house permanent structure families a or or in a for to is building people live.,0.8797686905643451
384sentences.181,lowPMI,house roof keep rain let a and out and in a to and to has walls cold windows light.,0.6365345476573969
384sentences.182,lowPMI,house rooms sleeping washing a for or can like have purposes cooking.,0.88206714228314
384sentences.183,lowPMI,most leave work back eat the and to to at and people house come night sleep.,0.5928282351117689
384sentences.184,lowPMI,igloo type made snow an of of a from by is shelter blocks inuit.,1.0621509621687717
384sentences.185,lowPMI,igloos built snow land time in the the where of are places covers most.,1.5384644227518
384sentences.186,lowPMI,igloos often shape entrance in of with the a an are built dome tunnel.,0.9832599921512526
384sentences.187,lowPMI,air snow space heat igloos in and the pockets insulate body warms.,1.6474508101387229
384sentences.188,lowPMI,knife tool edge used things a with that a a to is sharp is cut.,1.1417143389750315
384sentences.189,lowPMI,modern consist blade made of and of a a knives handle usually metal.,0.8936090154443878
384sentences.190,lowPMI,knives also used instruments as in and have been weapons rituals.,1.3095552710489788
384sentences.191,lowPMI,knife used slashing throwing a to or can by be attack stabbing.,1.159398350440568
384sentences.192,lowPMI,lentils seeds legume the a the of of are plant family.,1.2033162404064153
384sentences.193,lowPMI,lentils red brown yellow can or be green black.,2.292766067733608
384sentences.194,lowPMI,lentils commonly indian cuisines in and are used mediterranean.,0.9818423620288389
384sentences.195,lowPMI,lentils cooked are source by a and of are boiling great protein.,1.0507971183553795
384sentences.196,lowPMI,lettuce biennial often temperate leaf a as in a is plant grown climates vegetable.,1.0467619865816051
384sentences.197,lowPMI,lettuce eaten raw other cooked can in or and and be cold salads dishes.,1.543558189992699
384sentences.198,lowPMI,lettuce considered easy suitable beginners to a and for is fairly grow crop.,0.9350144317229167
384sentences.199,lowPMI,most leaves bitter bred bitterness but to some the lettuce taste are remove.,1.2179591570518524
384sentences.200,lowPMI,library place books media kept a where of a a and is collection documents is.,1.017984727962263
384sentences.201,lowPMI,librarians libraries experts organizing at at and and work are finding information.,0.8268611969409941
384sentences.202,lowPMI,people public borrow take several can and for to to go libraries books home weeks.,1.1362842170881724
384sentences.203,lowPMI,academic support research specialized and libraries scholarly have books.,3.155956384126342
384sentences.204,lowPMI,log is house round a from a cabin small built logs.,1.7754051823357304
384sentences.205,lowPMI,log is american life origins a and of cabin symbol frontier humble.,1.0962196672798934
384sentences.206,lowPMI,log were first european as by cabins used shelters settlers.,0.9319574405372327
384sentences.207,lowPMI,log were using notch ends with the at cabins built logs joints.,1.5108414681161988
384sentences.208,lowPMI,man male adult a a is human.,1.6422489758637695
384sentences.209,lowPMI,boy man puberty a after a through becomes passing.,1.2369291034458165
384sentences.210,lowPMI,manhood associated virility with and is masculinity.,1.1664069303305327
384sentences.211,lowPMI,men women weight structure from and in differ height body.,0.9347525724033456
384sentences.212,lowPMI,milk white produced mammals young a to by their is liquid female feed.,0.9660888806785248
384sentences.213,lowPMI,newborn be milk solid must they before can animals fed eat food.,1.268400096525134
384sentences.214,lowPMI,dairy such butter made as from and products cheese are milk.,1.4707935222103492
384sentences.215,lowPMI,liquid soybeans is called from and produced coconuts sometimes milk.,1.5041040729036874
384sentences.216,lowPMI,mosquitos thin flying emit sound that a are small insects high-pitched.,1.320890314866244
384sentences.217,lowPMI,mosquitoes mouthparts skin animals for of the and have piercing plants.,0.737188319324841
384sentences.218,lowPMI,female bite animals blood and their and for mosquitoes people suck protein.,1.5161416173681534
384sentences.219,lowPMI,mosquito spread fever other diseases can and bites yellow malaria parasite.,1.6828587986179369
384sentences.220,lowPMI,mountain landform steeply land a that a above is rises surrounding.,0.9671638936547625
384sentences.221,lowPMI,mountains higher sometimes snow than at and the rise hills have top.,1.4140482779154844
384sentences.222,lowPMI,range forms tectonic collision a to of mountains due plate.,1.1985567212506503
384sentences.223,lowPMI,mountaineers people hike who up or are climb mountains.,1.580922924876244
384sentences.224,lowPMI,mouth face put eat the we when the in we is cavity food.,0.9569521284771322
384sentences.225,lowPMI,mouth teeth food saliva the and with to it has chew mix.,1.250103022612141
384sentences.226,lowPMI,mouth also kissing the and for is used talking.,1.1540413197133563
384sentences.227,lowPMI,speech are tongue mouth by the in sounds controlled placement.,0.631481948634932
384sentences.228,lowPMI,mug sturdy handle hot a with for a a is cup drinking liquids.,2.0957574917774933
384sentences.229,lowPMI,mug normally also made glass a can or but of is ceramic be metal.,0.6424091413533047
384sentences.230,lowPMI,mug thick ring thermal a a and for is has base insulation.,1.3506640211625696
384sentences.231,lowPMI,mugs plain drawings carved can or them or on be have imprinted.,0.43392949725232915
384sentences.232,lowPMI,murder unlawful human intent the another of with is killing being.,1.276385262809265
384sentences.233,lowPMI,murder crime victim a it of because the their serious deprives existence.,1.7049972454755697
384sentences.234,lowPMI,killing accidentally is considered in in or self-defense war not murder.,1.3231891448588673
384sentences.235,lowPMI,convicted is given sentence penalty a or a the murderer often life death.,1.425561701580495
384sentences.236,lowPMI,orange is made orange a the from in juice drink liquid pulp.,1.4097012585340913
384sentences.237,lowPMI,orange has acid contains vitamin a a and of juice sweet taste lot c.,1.3886440140524963
384sentences.238,lowPMI,freshly orange often pulp well squeezed juice contains as.,1.4636096908712986
384sentences.239,lowPMI,orange is drunk glass at a from juice often breakfast.,0.9740740390839494
384sentences.240,lowPMI,parrot bird warm regions a that and a in is lives tropical.,0.9277602541851114
384sentences.241,lowPMI,parrots brightly-colored sharp beak and a have feathers curved.,1.6677052985092047
384sentences.242,lowPMI,parrots human hear can if it the they imitate voice repeatedly.,1.3721818072308476
384sentences.243,lowPMI,appearance makes pets their them and abilities popular.,1.5621992848530708
384sentences.244,lowPMI,peach orange-yellow characteristic a with an a is fruit smell.,1.1753944587987883
384sentences.245,lowPMI,skin is covered fine the a in of and peach thin small hairs.,1.3644859045814821
384sentences.246,lowPMI,peaches large stone seed a which inside the have red-brown contains.,1.7292892564076996
384sentences.247,lowPMI,peaches sweet be ripening and must and after are delicate harvested.,1.292651287239867
384sentences.248,lowPMI,piano popular instrument means the by a a of is musical played keyboard.,1.3422384861924341
384sentences.249,lowPMI,pressing key felt-tipped hit steel a to a a piano causes hammer vibrating string.,1.3842278744055814
384sentences.250,lowPMI,piano enormous range change quality the and the an to has note pedals sound.,0.9956624306872089
384sentences.251,lowPMI,piano is famous give concerts the can and repertoire large pianists solo.,1.4552750232888931
384sentences.252,lowPMI,piranhas small fish south rivers that in are ferocious live american.,1.143124427026782
384sentences.253,lowPMI,piranhas attack are active and and the in during live schools most day.,1.1206348340956416
384sentences.254,lowPMI,piranhas very teeth opportunistic and have sharp are carnivores.,0.656046206119108
384sentences.255,lowPMI,piranhas fish lizards carrion and eat insects mammals.,2.8940422503233925
384sentences.256,lowPMI,raspberry fruit forest fields the that or a in is grows clearings.,1.0776069580494088
384sentences.257,lowPMI,single consists small joined a of raspberry many fruits together.,1.29404638978316
384sentences.258,lowPMI,raspberries eaten sugar by or into themselves with are cooked jam.,1.6283675114553315
384sentences.259,lowPMI,leaves are fresh herbal of or the in raspberry used dried teas.,1.6624803886535953
384sentences.260,lowPMI,raven large bird many a that a in is black thrives climates.,1.4892656968106763
384sentences.261,lowPMI,ravens carrion berries animals on or feed insects small.,2.157709415234276
384sentences.262,lowPMI,ravens large are problem and of have brains capable solving.,1.128210597599322
384sentences.263,lowPMI,folklore are ill-omen tricksters in and of ravens birds also.,1.500415677920625
384sentences.264,lowPMI,refrigerator cooling used preserve a to a and is device contain food.,0.9421886143964603
384sentences.265,lowPMI,refrigerators small freezing some a can at have compartment temperature.,1.2401746045769382
384sentences.266,lowPMI,refrigerator shelves compartments types a and of can for have small different food.,0.8490101373738878
384sentences.267,lowPMI,refrigerator generally people put surface a on and its is white often magnets.,0.8376747534260562
384sentences.268,lowPMI,rifle firearm shoulder barrel grooves a that the a a on and with is rests has twisting.,1.140427531780499
384sentences.269,lowPMI,grooves bullets rifle fly the around as through the the they the make spin axis air.,1.644361108881103
384sentences.270,lowPMI,rifles used shooting sometimes in with and are hunting sports scopes.,1.497931126618427
384sentences.271,lowPMI,assault fire are infantry can and in the rifles bursts standard weapon.,1.182279847443802
384sentences.272,lowPMI,salmon fish fresh ocean spawn a from the to that to and is migrates water back.,1.9526392934162236
384sentences.273,lowPMI,salmon is red high content taste or and and a flesh orange has protein nice.,1.1793736059844964
384sentences.274,lowPMI,salmon eaten sushi grilling other can or or in by in be raw cooked poaching ways.,1.3637906963543227
384sentences.275,lowPMI,salmon most farmed also caught the it in though can the is common fish be wild.,1.1572379828929873
384sentences.276,lowPMI,saw tool hard abrasive cut materials a that or a a to is uses blade wire hard.,1.1748108565726918
384sentences.277,lowPMI,small points side are teeth the the the along of the sharp cutting saw called.,1.2998255587126992
384sentences.278,lowPMI,saws worked powered motor engine can or an by by or be hand electric gas.,1.5881275783394446
384sentences.279,lowPMI,saws used forestry carpentry in and are extensively construction medicine.,1.2288745585909415
384sentences.280,lowPMI,scientist produces knowledge world a about and the studies new physical.,0.9569754255270554
384sentences.281,lowPMI,scientist hypotheses experiments a to and them creates does test.,0.5881780451960488
384sentences.282,lowPMI,physics biology classic sciences and of chemistry are examples.,1.1950446121759124
384sentences.283,lowPMI,scientists research conferences their and in publish journals.,1.7301230352627808
384sentences.284,lowPMI,scissors two-bladed used a for are instrument cutting.,1.0849501716788945
384sentences.285,lowPMI,blades usually plastic handles the or with are metallic metal.,1.6167077448517952
384sentences.286,lowPMI,depending format cut hair on and or the can size scissors paper fabric.,1.1615052444130451
384sentences.287,lowPMI,shears large used shrubs metal for of or are scissors cutting pieces.,1.6242788089778886
384sentences.288,lowPMI,screwdriver tool tightening something a for into a and is inserting screws.,1.4199664422700462
384sentences.289,lowPMI,screwdrivers be remove are can after to they also used screws inserted.,1.2039853829432938
384sentences.290,lowPMI,screwdriver applies rotating the from the the tip torque handle.,1.3187579212408729
384sentences.291,lowPMI,major screwdrivers phillips the of two and types are flathead.,1.4120846996571077
384sentences.292,lowPMI,shark large cartilage a with a a is fish skeleton.,1.8758481509579514
384sentences.293,lowPMI,sharks streamlined large fin with a have bodies dorsal.,1.7229520778519647
384sentences.294,lowPMI,most predate mammals jaws on with and sharks fish powerful.,1.233469399268725
384sentences.295,lowPMI,sharks very senses electrical and can have keen detect fields.,0.7916629640870768
384sentences.296,lowPMI,ship large floats water a that on a and is vehicle travels.,1.2382609237198994
384sentences.297,lowPMI,ship powered sails diesel a in by can the or be ocean steam engines.,1.7019785640719212
384sentences.298,lowPMI,ships used ocean cargo to the to in and are fish transport containers.,1.3513469244778638
384sentences.299,lowPMI,cruise are hotels people that between ships floating take cities.,0.9741002980698048
384sentences.300,lowPMI,shoe clothing sole heel a the a and for with an a is foot outsole.,1.3031704394546009
384sentences.301,lowPMI,shoes usually leather rubber of or are made canvas plastic.,1.45117294952065
384sentences.302,lowPMI,women's often high come styles and and in shoes have heels many colors.,0.8364086924724059
384sentences.303,lowPMI,sneaker shoe athletic a for a and is sports activity.,1.481929315095939
384sentences.304,lowPMI,soldier member armed fights a of who a the on is national forces land.,1.2581182099203032
384sentences.305,lowPMI,soldier wear usually a the a in must militia uniform camouflage.,1.157569543747385
384sentences.306,lowPMI,volunteer soldier paid in a his her a for or army is work.,1.145458579925676
384sentences.307,lowPMI,soldier using such grenades a and as fights weapons rifles.,1.1935673855247755
384sentences.308,lowPMI,spears weapons pole head that a at of and one are consist sharpened end.,0.7834213153529972
384sentences.309,lowPMI,spears most personal advent the the before of were common weapon firearms.,1.0548365814989973
384sentences.310,lowPMI,spears used throwing war for when or in were stabbing fighting.,1.3177912803419
384sentences.311,lowPMI,native still spear fishing some for the and people use hunting.,1.3696801125619544
384sentences.312,lowPMI,spiders insects make with that eight are legs silk.,1.238884552975829
384sentences.313,lowPMI,spiders webs use insects with them and to build silk catch.,1.600725357732126
384sentences.314,lowPMI,spiders venomous paralyse prey to their use fangs stuck.,2.580435815923896
384sentences.315,lowPMI,spiders as coin big can a as as or a be small as bird.,1.340605819850282
384sentences.316,lowPMI,swamps low land frequent to are spongy subject inundation.,1.2545703678251428
384sentences.317,lowPMI,swamp covered water vegetation a and with is shallow mud.,1.64719759523923
384sentences.318,lowPMI,swamps nesting grounds reptiles and and for are breeding birds.,1.153490915965197
384sentences.319,lowPMI,farmers drain produce arable to often swamps fertile land.,1.5349021058265704
384sentences.320,lowPMI,sweater heavy worn warmth a on for a the is garment torso.,1.7325646278656228
384sentences.321,lowPMI,sweaters often wool is common from but are knitted cotton also.,1.5065439290870961
384sentences.322,lowPMI,sweater front called a down a that the opens is cardigan.,0.9752923656375112
384sentences.323,lowPMI,sweaters cut sleeve as decoration in as and differ collar shape well.,1.2223087844678076
384sentences.324,lowPMI,table piece flat legs a of a a with and is furniture surface.,1.23544546634087
384sentences.325,lowPMI,are chairs people there a to around for usually table sit.,0.7998473274837877
384sentences.326,lowPMI,people cutlery food eat together and a a on to set plates table meal.,1.057032233437008
384sentences.327,lowPMI,tables also surfaces write as or to on are used work.,0.8783744440513038
384sentences.328,lowPMI,television appliance displays images a with that an a is screen moving.,1.3217787955877753
384sentences.329,lowPMI,televisions mostly watching films for or are used programs.,1.5565679433180282
384sentences.330,lowPMI,are play connected console they when a to to used videogames game.,1.2206872184394706
384sentences.331,lowPMI,television be received internet can via or or content broadcast cable.,1.675609719455625
384sentences.332,lowPMI,theft taking property the without of their is person's consent.,1.6437658093357674
384sentences.333,lowPMI,thieves own sell to to to or it steal something receivers.,1.4014140541954574
384sentences.334,lowPMI,theft crime punishable fines a can or and with is be jail.,0.993044818919232
384sentences.335,lowPMI,industrial is ideas property of and espionage theft intellectual.,1.5679410882187228
384sentences.336,lowPMI,toaster kitchen toasting using elements a for a is appliance bread heating.,1.3713818832030655
384sentences.337,lowPMI,pop-up toast placed eject done the a it in and toasters bread slot once.,1.322726332333337
384sentences.338,lowPMI,toaster have side temperature a the within on a and ovens door tray control.,1.2805446424092677
384sentences.339,lowPMI,allow cooked garlic they to like bread with or be toppings cheese.,1.1853527799855634
384sentences.340,lowPMI,tomato shiny red savory the and a a with is smooth fruit taste.,1.9489923092330834
384sentences.341,lowPMI,tomato changes green gets ripe a from as and to it softens color red more.,1.3860237276317025
384sentences.342,lowPMI,tomatoes used salads ketchup well can or to as be make soup as sauce.,0.5671561943232922
384sentences.343,lowPMI,are varieties different tastes there with of and many tomato sizes.,1.4240974345770336
384sentences.344,lowPMI,train connected cars stations a of between a a that on is series moves track.,1.12456538172043
384sentences.345,lowPMI,train pulled powered electricity the a or by by is locomotive diesel.,1.2759527268564215
384sentences.346,lowPMI,freight transports goods long a or of over train containers fuel distances.,1.2735222472029264
384sentences.347,lowPMI,commuter transport suburbs city between inside and a trains people stations.,1.390852738360262
384sentences.348,lowPMI,train is passengers train a where or a a on off station place get.,1.1717494888215347
384sentences.349,lowPMI,train have machines tickets or for stations counters purchasing.,1.5732676617471242
384sentences.350,lowPMI,are rooms eat there to a and in waiting places station.,1.0195275457237871
384sentences.351,lowPMI,passengers trains platform or a to from next the cargo enter line.,1.1342061078396477
384sentences.352,lowPMI,tropical is formed tropical a over a cyclone storm warm sea.,1.8316535071032791
384sentences.353,lowPMI,cyclones very winds rain can and produce powerful torrential.,1.0491959861984241
384sentences.354,lowPMI,tropical also high coastal can and cyclone cause waves flooding.,1.5743509809281273
384sentences.355,lowPMI,tropical move seriously property a and can cyclone inland damage.,0.8785159115852333
384sentences.356,lowPMI,violin instrument is bow the with that a an four with is strings played.,1.3742231621557865
384sentences.357,lowPMI,violin smallest pitched family the in and its is highest instrument.,1.3790270246537941
384sentences.358,lowPMI,violinist instrument collarbone a between and the the the holds chin.,0.7166740745503065
384sentences.359,lowPMI,different are fingering hand by with while the one notes made neck bowing.,0.9794182147549967
384sentences.360,lowPMI,vultures scavenging feeding carcasses animals on of the are birds mostly dead.,2.359723247112145
384sentences.361,lowPMI,many have head losing a for without vultures bald feathers heat.,1.5449886653355256
384sentences.362,lowPMI,vultures large soar flapping their for to without use wings miles.,1.6039838224099456
384sentences.363,lowPMI,vultures attack animals wounded but the may or seldom healthy kill sick.,0.7827520047217327
384sentences.364,lowPMI,wall solid defines protects a that an a and is structure sometimes area.,1.3374665318682937
384sentences.365,lowPMI,walls building roof space a and into the the delineate support divide rooms.,1.5607406396077161
384sentences.366,lowPMI,walls usually stone cement well of as or are made brick as drywall.,1.2940989509292211
384sentences.367,lowPMI,retaining provide movement stone a of to or walls barrier earth water.,1.2467056979122146
384sentences.368,lowPMI,water most liquid covering the 70% its on of is common earth area.,1.1238529968025028
384sentences.369,lowPMI,plants people water live and in must to animals drink order.,1.335671478540075
384sentences.370,lowPMI,water low becomes ice at and a freezes temperature solid.,1.706990416884268
384sentences.371,lowPMI,rain water clouds are vapor that in which from the is falls sky condensed.,1.8184626696616233
384sentences.372,lowPMI,whale very mammal ocean a that the a in is large lives.,1.0807785823568714
384sentences.373,lowPMI,whales blowholes surfacing through their on when breathe heads.,1.8135071771780074
384sentences.374,lowPMI,blubber serves reservoir the a an as in as and whale energy insulation.,1.1802050184354878
384sentences.375,lowPMI,whales been meat oil for and have hunted whale ambergris.,1.2920102631780415
384sentences.376,lowPMI,window transparent wall light a in to a a through is opening let.,1.4654975697557702
384sentences.377,lowPMI,typical is sheets held frames a of by of in window made glass place.,0.7428591805224177
384sentences.378,lowPMI,open also air when will through a and window let sound.,1.0501916874074178
384sentences.379,lowPMI,windows multiple increase some inside to have panes insulation.,1.155260219218032
384sentences.380,lowPMI,woman female adult a a is human.,1.7137270574793122
384sentences.381,lowPMI,woman stereotypically caregiver a a as is seen.,1.4595686184125727
384sentences.382,lowPMI,woman pregnant children a and can become bear.,1.5460765046463885
384sentences.383,lowPMI,woman different organs a a than has reproductive man.,1.1548496725259545