243sentences.0,random,three climb around the the spears vapor,14.603016775987992
243sentences.1,random,of shears metallic is in individual machine for fracture a singer can have,22.41104953247421
243sentences.2,random,insulation body used i've control a fever shark a side crop humble pliers treated and places beekeeper large characteristic own,31.489499489212406
243sentences.3,random,stop stone the act are flood export and genetic cultures edge varieties reptiles used people,13.855957120850418
243sentences.4,random,polar almost a a she crime furniture many have the as taste if a of,21.218904483497102
243sentences.5,random,the sauce an hammers of log driving to and let,17.4564622831189
243sentences.6,random,was musical of the at that most apply ice swamp of,21.620106749690432
243sentences.7,random,cabin to meant were the drop glass objects the night the heads for hand same orchestra,29.164086752822115
243sentences.8,random,or in a locks of to can a the to four instantly replacement are things,17.762729838530696
243sentences.9,random,patients a plant is the regions small evidence eye bone solid,17.660850813391427
243sentences.10,random,are stress loss a for india astronauts places window and in animals climates problems slowly,19.484808234270012
243sentences.11,random,for has can eat there that is for a infections hard a covered butterfly,32.51835217118255
243sentences.12,random,men during is is prominent i sound is moving of of minimal i screen i at potentially has of,23.65768345339262
243sentences.13,random,can flood a half-frozen a to a skiing for,11.265567553387179
243sentences.14,random,just inserted by mowers objects crime be or floor use,11.699079204895964
243sentences.15,random,the brown area surface in its long four the people seal's back for but is were butterflies,35.482307303156766
243sentences.16,random,in turn loss rocks sharpened bright a flat to by sharp has acid of others,22.50353627461126
243sentences.17,random,that to be foot to desert a of that fly the for huge some ecosystem cod a bottom of,37.93988935209603
243sentences.18,random,low how most a the patience the the a of acting jacket a racing foods,19.76860207197694
243sentences.19,random,after surrounding car or high a stone to over and broccoli artist,26.631333593376866
243sentences.20,random,her ran jet it computer salmon a hundreds sweet caused ramps computer the forces,19.655912464879624
243sentences.21,random,the hum glimpse for revolving that mixture emotional tastes such to can like,8.45263146822332
243sentences.22,random,small program contains prey the is of become the most make or anvil blubber be reason arranged,29.700224434370845
243sentences.23,random,vivid the forms a can from its ground have that appearance,16.203151053964667
243sentences.24,random,eyes piercing cleared all each and the a whale by the electric the pharmacies and or are,39.400065257502845
243sentences.25,random,trains sick sweaters brick head women and they're they physical the house taking hand televisions woman,12.107230923575408
243sentences.26,random,is climbing format indicate and used sneaker basic carried is a is most,17.522285452388676
243sentences.27,random,to dream structure long hand farm if use cooking if opera,6.722399738533158
243sentences.28,random,ears walking realize are can vultures entrance tenderness personal to by on container,12.295727153912033
243sentences.29,random,law they and lentils are a some they taste desk on,14.795268034726732
243sentences.30,random,miles in owl's for are social agriculture piranhas,3.9904162288387286
243sentences.31,random,is who ill-omen tickets climbing by or that primarily less television tines a in,19.454440489728253
243sentences.32,random,their and have local vegetation for or insurance a taste were a it gets they great,29.624748409327868
243sentences.33,random,as for freeze the as eagles that area bird cabin train,16.86157070449163
243sentences.34,random,iron exterior in the melt overlook a enclosed machine depends both four risk if or male,33.84362412990631
243sentences.35,random,but pass the scissors assignments hurricanes think me them eventually a expose blowholes,12.076946794300415
243sentences.36,random,flows points areas reproductive saw sharp fish ointment nails concerts,1.2962670302276866
243sentences.37,random,middle cliff are abilities to most up more mixture the will now step for for or,17.51915829859132
243sentences.38,random,wildland get pulled with human upper problems is occasions frigid all,10.374850023029367
243sentences.39,random,losing earthquakes people it on produce attack very pollen with metal of produce location have,22.960459452965196
243sentences.40,random,of an states face of eaten mudslides as usually in swamps picked should train jackets,18.948582461241827
243sentences.41,random,record to patterned should the sleeping can to apples torso oil in to between,7.685906538696337
243sentences.42,random,fighting and house by if toaster being a while and,14.583721337178577
243sentences.43,random,has pride to grows and holes from turn a an are very to me,21.537108706682258
243sentences.44,random,videogames a have the your farmers and cutting interpretation a,15.514481313632675
243sentences.45,random,a countries such over bowing reaction with i blow big bread has and female a the crime channel vultures for,43.61435423330558
243sentences.46,random,character bear astronauts tool savings different a ligaments were bolts level eagles thick,10.55657391170454
243sentences.47,random,games spring shirt school many tuxedo a decoration more of differ birds families spend,28.11469767247412
243sentences.48,random,a of does off construction go a the a metal legal with bud stripes deficiencies rain used,19.720155257030058
243sentences.49,random,healed a signs tropical electrical where and are stalk riding hills air and,17.71281841546033
243sentences.50,random,and use for invasion the social the study and have woman,17.130329853147163
243sentences.51,random,she and diagnosis station tomato have work intact the a find risk serious a,22.977529629372842
243sentences.52,random,a of new can overflow used blades sciences a was the animals are,16.488588852094466
243sentences.53,random,is months eject coastal has rain a house the be or on seals,18.790877806651068
243sentences.54,random,are a advent formal down a to as learned and stabbing is pass,21.758430471365877
243sentences.55,random,felt-tipped and individuals they they murder beginners are long their bullets often the space that lapels,15.88451308671824
243sentences.56,random,part luthier them male four made blindness decided of insects and sleeve of good,14.004167547380067
243sentences.57,random,they liquid c ice category law work imagery taste fresh know with piece,12.307652195543312
243sentences.58,random,a and broadens live human handles training temperate are pressed all-nighter land source,10.010344243097842
243sentences.59,random,frequent admission like by tastes above modern wedding is on my,18.997766870639563
243sentences.60,random,property sunrise still are medieval quaint from girl in doctor's log,17.661556009484453
243sentences.61,random,each with as studies problems a walls that,6.6716451686586264
243sentences.62,random,showed a canopy up time worn so,10.09498945525461
243sentences.63,random,its maturity the that hooked colors city with by increasingly poaching a day's the an a the foods surgical,23.144854226617042
243sentences.64,random,vaccines adapted flaps a honey on latest the crops fabric a mostly and kick a electricity checks murderer,20.868556386327395
243sentences.65,random,computer less actually farmers a the bred between and food lodged folklore hold building or or,26.295036979770483
243sentences.66,random,the fights drugs to has sky cold a off after end a than as hair,22.257588266167076
243sentences.67,random,physics wings electrical mountains started to take a hand stop states as pan,18.59633779799493
243sentences.68,random,stalk about my my on in articles type they of the referred has by,31.2133662644623
243sentences.69,random,art the is felt bone scene cooked select a to and standing means,18.226154108674802
243sentences.70,random,satin soldier pharmacists used and can a has with to in the a came or release his,22.758205165121815
243sentences.71,random,lentils remove away a one content more to keep or earthquake used for,18.26541702211726
243sentences.72,random,where instituted rifles milk saws intellectual wait or are air the and in vehicles local condensed,16.99130810419021
243sentences.73,random,patrons storms of at a would into to across go table been response,21.73798780227943
243sentences.74,random,ancient was and as subject thin good its would me a bud mud on,14.411479079122342
243sentences.75,random,built evident texture blades and passing it blindness butterfat plants or most knowledge they're,18.5091666475506
243sentences.76,random,strong can recreation when a or i previous as infections pollen white spongy,17.60619899361702
243sentences.77,random,of singing must has connected use sharks i crunch or a in or of effects of protein,18.793553086850178
243sentences.78,random,train is the developed treatments catch a playing is,23.168281128615206
243sentences.79,random,the cats torrential some vehicle families i shape previous build part tailored displace speculate some,13.604908268819557
243sentences.80,random,team content activity ice conserve longer in job is feet or water a clearly ketchup,14.739048319641148
243sentences.81,random,on is high in driving of stereotypically be the when dresses fighting can,13.649241282981118
243sentences.82,random,need and also metal pedals some forestry has,14.223035906719371
243sentences.83,random,of building large a incorporates foot she threatened at blacksmiths sharp lot problem villages very a their,27.9298791128006
243sentences.84,random,of took for books steam or try lawn habits done for can,14.209007152830214
243sentences.85,random,staple people a of i landform and if cool entertainment the they a the,17.58798637634399
243sentences.86,random,teeth crew pockets and the or a war to the then be may,26.04580521600154
243sentences.87,random,dance come deliver i is my rifles trees spiders and the the ovens wild,13.381269184594723
243sentences.88,random,having only is is female station the after plus watching it,23.5396911276507
243sentences.89,random,log screwdrivers that a revolving of black to silk rates,15.88278471644659
243sentences.90,random,the climbing or most 8 with for were founders the teeth a afterward and piano insulation,21.67929443111305
243sentences.91,random,used good forest keyboard property a the,7.078558134221591
243sentences.92,random,sprung she if awake involve turns air a of of knife they,13.640713780862619
243sentences.93,random,are a of by various into by swelling juice the across,22.56454447589107
243sentences.94,random,insulate darkness out more often patients ambergris the piece for to the doors from four,27.56017278528938
243sentences.95,random,energy has by attack is rings fractures stabbing their when makes are first and blacksmith,13.219826905477897
243sentences.96,random,who use look friends measures on member the and is,9.176593659598165
243sentences.97,random,the with but key they only is a water and are has orange but,21.81894051966987
243sentences.98,random,see can or as made were provider large their the they mouth or 70% if thick,16.29399404510178
243sentences.99,random,the music softens glove home and the and farmers girls that hunting new,25.961978714410595
243sentences.100,random,holding cliche side garment cream mysteries a inner must message loaded weighing a branch shuttle of biology,26.0767983256709
243sentences.101,random,of mammals of band-aids determines or ferocious distractions often claws matching pole,14.148923742886709
243sentences.102,random,sever each specialist their effective could the may pyramid neck with on to that,11.713389348350495
243sentences.103,random,or recalled blindness like farmed or tomato leaving adulthood,9.744347294717471
243sentences.104,random,of steel earth for so grilling and timed alcohol have frontier front can,17.88557285049419
243sentences.105,random,or jaws walls and neck who forks mammal from,12.591840731834687
243sentences.106,random,for is drunk theoretical do and coconuts crisp for thieves piece mower and expansion,18.846275783021245
243sentences.107,random,their is everyday sit adult small bees which such play and head farm art for can,27.71063050653956
243sentences.108,random,sails followed of and can skirt atop things elephant no that,8.013235099917962
243sentences.109,random,as oil dream also colony they two have sea musical woman blades and lighting,13.25986704402745
243sentences.110,random,an are go to when to plastic and brought and usually medical,13.638519287148636
243sentences.111,random,can't in help hand college led they the the or,10.73179599763014
243sentences.112,random,the have legs a plants reading made graphics is tumbling or,9.699506231525088
243sentences.113,random,legalized flat experience woodwind with from is major is a exam,12.67563607305399
243sentences.114,random,my advisers insulation brush their carrion vegetation blade we often bear's to very afraid the,13.78650844951605
243sentences.115,random,live are object is bald very when using for a climates spent are broccoli the,27.832018114266766
243sentences.116,random,feed other with on soldier stop biggest is visualize dizzy have is,6.70870290062778
243sentences.117,random,my is eyes a with perfect other final it me horse made by,30.285467851074582
243sentences.118,random,body already or from some built a drunk kind usually heat hard,18.254038599020035
243sentences.119,random,tropical wear instrument head are a up taste cell the let to,17.289474774773844
243sentences.120,random,houses banana speech trigger has has were the a in or fangs and more piece many mostly houses,22.564460472536407
243sentences.121,random,it performance red vary train heart like,2.023251029931866
243sentences.122,random,nutritional for brains field the an vultures vision the long with keep style,19.444213139750907
243sentences.123,random,purchasing intent libraries was came a staffed while a will much constructed,14.183642536533338
243sentences.124,random,sit the cup a start shelters insects of often building and of which in,21.28629273262785
243sentences.125,random,is falls pyramid grenades exams blade about to bicycle they down the musical,14.251740197967038
243sentences.126,random,recurring spent migrate could can cell them who outside soap think garlic are platform fingers,11.81890315033139
243sentences.127,random,are bit sweater animals a station young engine more information reached they of was and,18.909109997241075
243sentences.128,random,the the sports this of contains win drawers area whale it no lizards foundation floor,10.34658463756477
243sentences.129,random,covers self-contained our education like metal the spin research castle's the,14.468756430896944
243sentences.130,random,can to solid a ear down ways and windblown or are and are,13.067048576496274
243sentences.131,random,importantly to and greek to to is professional thriving are pushing fascinated soar and of,18.020682454346982
243sentences.132,random,mammal a it drinking the or flying she the area active light shirts crushed chamber,20.996581859673555
243sentences.133,random,opportunistic sometimes pedalling body are drink people and the bare death create,22.335639912620273
243sentences.134,random,to inside watching wanted the a skin falls believed bunchs or some of legs berries others,15.972511494801111
243sentences.135,random,cutting twisting temperature turn mice peach the changes thick mosquito has is from some scientists using their sweaters and cartilage,33.64015652455245
243sentences.136,random,health tip sit makes the few dishes emphasize and a other an with needed time a finally,26.78539992576265
243sentences.137,random,as large the of and if a violin ask feet is strange for their shakes primates surgeons,19.65105476475205
243sentences.138,random,her are fruit or medicine red a cargo few work in are examples a underneath drought to steal,36.2656133152257
243sentences.139,random,lettuce sick a make large the the to kitchen fitted balance for fields and each,35.93332313977718
243sentences.140,random,molecule craft a the of with courage by smooth,17.072354384516412
243sentences.141,random,many convicted to considered vultures safe contains a she types of electricity are an supplies,26.12464362541666
243sentences.142,random,traditions the people were habitats sweet slot with of as,12.617497844263713
243sentences.143,random,when raised and painter a polar into deforestation conducted part and the have,19.87173289751848
243sentences.144,random,ground sheltered part children or weapons rain popular classes on blender shape exit,19.04736761273533
243sentences.145,random,on have to juice school imprinted of and often that paws land causes,10.43789269766086
243sentences.146,random,the the as inserting home their fuel,10.626639652301687
243sentences.147,random,seventh-largest dream before cream the a a is in is is,11.688197807821323
243sentences.148,random,downright and half must never led rests pyramid's is,10.95480370616595
243sentences.149,random,and much surface have animals injuries can wings or at engine round when have,17.766535097962464
243sentences.150,random,is an shrubs structure in nectar it new polar or is or a close collision is portable,24.80642760407491
243sentences.151,random,on and pyramid event but first on sometimes is her farm,8.088954843987876
243sentences.152,random,the is head yellow level desk streamlined closing black land balance,11.775045913816268
243sentences.153,random,or shooting an and or painting you the are on cutting test,22.467397861161956
243sentences.154,random,the human people clothing at through cause used man unlocked writing has to,13.228088400223893
243sentences.155,random,several your a the and furniture to was it's logs,7.761115346775707
243sentences.156,random,$10000 cooked the interest different fairly rapid iron snow locations fishing to base production or falls,25.77752506238046
243sentences.157,random,that beak on the surfaces activities bird neatly large people of documentary,17.558390653289838
243sentences.158,random,one company school of test take once opening defense bed water closed it's law are,6.79829230782031
243sentences.159,random,on and elements made size hive let a vertical performances camera seats in,17.244727131763497
243sentences.160,random,producers hard airbeds carefully paid strong for capable to or fit the,12.141832914938911
243sentences.161,random,during stations consist physicians and drought the that and devastated,20.159699057017473
243sentences.162,random,whales at pan polar lawyers big as and use and pitched a,15.366533962198806
243sentences.163,random,joined the past there i saliva drywall is have cruise are structure,10.98719848476451
243sentences.164,random,climber pianist of with also raspberry digital mammals sometimes long they your,8.555639863113027
243sentences.165,random,ecuador office are taste in the filled is dark evening a make a air as and instrument and,30.194067556360903
243sentences.166,random,shorter try passive and bone laundry was world tool of started its flesh lentils carpenter,18.68819261303921
243sentences.167,random,and tighter i raspberries out has house as source be tuition consent something,6.117698142027622
243sentences.168,random,i sometimes large over on as table cheese the walls supplies types groom to,13.442127796134887
243sentences.169,random,a a and blocks squeezed environment a,4.665544706067684
243sentences.170,random,it's a the space prevented the often together the,11.659790150323882
243sentences.171,random,and child and used and attack garage any cold the undergone eat,12.150673188966916
243sentences.172,random,by often tragic patient's impact the composition involved the line up at,24.27010121628826
243sentences.173,random,sometimes spacewalks is passage snow execute an the has limbs there also felt,22.952371634941922
243sentences.174,random,and the used may into while exhibitions machine a,4.565452675696139
243sentences.175,random,grow used and piercings publish hoofed almost shoes and inside entered heavy in many ship,32.83067747972436
243sentences.176,random,the shelves each because toaster and evacuate i make modern herbal built usually,19.854407734095588
243sentences.177,random,give studies infection wind have stations a hunting a or energy astronauts beautiful but in,19.271848834027676
243sentences.178,random,the and forest is thrown submerges between we hammers the decided as some cheese when spend is a,21.176036472474514
243sentences.179,random,dump of as are located stressful often structures make could the mouth the in fear but to be,40.85338047428107
243sentences.180,random,i are mitten environment compound to were is cuisines chooses construction evicted is other covered it south is,15.132625703704802
243sentences.181,random,up alcohol at health to carries special infection it spoken punishable is were sensing but,21.751586662373462
243sentences.182,random,pilots who on often in another live,14.677569112699771
243sentences.183,random,tomatoes seen the how reason of in stresses or,14.42959878171537
243sentences.184,random,wood cement building causes to pyramids structures tuxedo gambling rainfall long are salted may fingers and,12.308773199420278
243sentences.185,random,their piece to cyclist tend broken are legs or place caused increases,24.37030069273192
243sentences.186,random,stormy a inside strings tail enjoy have tear different lawn,10.931609375014691
243sentences.187,random,artisanal and firemen the can its creative the are livestock,16.75591169401372
243sentences.188,random,tropical lives partitions of a with a scientists pianists social from diet,22.38026875689064
243sentences.189,random,can the is height worn seen for race with running or of shaking,17.98491591058386
243sentences.190,random,ice human bread task that the stairs played suddenly single the water to,16.74946439883238
243sentences.191,random,and wiring for fingers poles placed gets nightmare plant at trunk frying might,17.814477729783036
243sentences.192,random,consistency good or have an infected have or two-bladed and be two,19.672035102585706
243sentences.193,random,the ways to move received bears differ school reeds sea for growth exactly smoothies or meal,19.05597561426308
243sentences.194,random,in everything usually lettuce table mug can accompanied his a with are shoe is leg,14.655276422900892
243sentences.195,random,their a snow juice athletic outside the straight on is of virility to carpets and is quality,21.797342879804358
243sentences.196,random,produced dominate delicacies cyclone plates imagery someone than stylist sleep is and and hit the jacket from journals sugar,24.09501845432428
243sentences.197,random,murder of meet painting trains rivers provide at in has a are container,18.85895167113386
243sentences.198,random,mattress glass noise size in pulp away a four food pyramids poles,16.731178713210447
243sentences.199,random,legs consist as beneath to pressing graphics elephant large after red,11.98497914730942
243sentences.200,random,mouth is can place are to be traffic of rock can well run to open fields place iron works,38.01058230484067
243sentences.201,random,knots wears blindness rains unripe also metal medications orange times produces is books plants and an,11.942476480137364
243sentences.202,random,begin classical degrees are since animals to convinced be for window,15.419471675011824
243sentences.203,random,animals instrument still even is shortage become,5.784555818462968
243sentences.204,random,buddies or opera nail flights boys and work artist's nutrients,12.912262540375789
243sentences.205,random,entrance disposable on to becomes in fractures awake should a door types a plain a other brown,19.95644915591613
243sentences.206,random,deprives talons person of suck the inside remove have men soft cyclone control styles mild-tasting,17.459390722805317
243sentences.207,random,major tsunami and and gentle and is chamber cookies people a wore,23.707380344116846
243sentences.208,random,and permanent the also good his for not heavy the fines,22.32155195715785
243sentences.209,random,the its must sharp to working working worried huge bellows edge are effectively injured something if a care,23.72621974146194
243sentences.210,random,tie than libraries can are the in horses mosquitoes even spread art antiquity for,21.834109552731075
243sentences.211,random,through ends to movable ship seat love common the fire,18.72900128300661
243sentences.212,random,be to with to spiders law refrigerator emphasizes opened contains had latex of a with a wall fruits basking,32.34340233719831
243sentences.213,random,froze opens as causes painter bow eat man of,7.556025210539456
243sentences.214,random,is and rotating flower clearings i that famine large,6.175793048176222
243sentences.215,random,40000 is most blood also facilitated a into a skin wound on,26.402451966352892
243sentences.216,random,string on people to tunnel to is a place drive arson track on though a,21.882760232118244
243sentences.217,random,the reveal a rough arm weapon once has gambling put not we,22.702681916577983
243sentences.218,random,my determines a eyesight milk in therapy break may they fifty in conservation broccoli a,21.975107614573083
243sentences.219,random,drug inside typical can over scopes also was finger whether the each trots,15.57319946892299
243sentences.220,random,with bees the light matter is lettuce to health our will drain a,26.473671887329058
243sentences.221,random,often now check of to different the handle controlled northern go to,18.844950668518717
243sentences.222,random,grenades and a leave of the sugar sentence,17.14969489959194
243sentences.223,random,repertoire fresh has but down the into improved a beans water is,19.279082019802765
243sentences.224,random,cushion activity black that the by dream mouth sizes those white the can telescope of take,19.905231977228752
243sentences.225,random,pollen their stone elements was it public high persistent used crawl a,15.324144053670542
243sentences.226,random,they conditions that faculty have,8.930628358597424
243sentences.227,random,is the they body a and bite transformation on well and is,17.991973125550405
243sentences.228,random,inner a long shattering suburbs for single called not,9.728039289729752
243sentences.229,random,industrial fish paper fish built interviewers soybeans coffee,3.208033859478491
243sentences.230,random,insect earlobe mammals pharmacy the because patients pilots plant theft of were the it and,18.56703628673172
243sentences.231,random,it young part new or a harvested at,13.777625643201352
243sentences.232,random,flavorings have can the the skier's the any adult for and,13.317451465524138
243sentences.233,random,can their with pharmacists small plastic movement a on as traditionally natural black in,29.500156848752237
243sentences.234,random,nails spear and graphics damaged forest to her deserts type to,17.028056736562416
243sentences.235,random,and coffee to on dishes for axe or care lawn flesh in several,23.250293090994465
243sentences.236,random,design ice shoulder of a in craft drenched as education eyes eat protein people as has also role thrives,31.249967853284673
243sentences.237,random,bring overhead using colorful a then rooms been wall of webs fish,17.556260503036015
243sentences.238,random,mug butterfat food pharmacists flood swamps is usually them lettuce grooves in finding to,14.095945204726945
243sentences.239,random,retractable juice ago broken have hour plant alcoholic the cubicle seeds that the and,17.94087698714334
243sentences.240,random,in apples cod most use clouds a beach containers their legs,11.82753717789735
243sentences.241,random,other a to shuttle also used castle a adds and doors on,19.881640153082937
243sentences.242,random,academic forks number the a the yoga product other told eat of precisely,12.899417362244545
384sentences.0,random,the have used fresh unemployment that play hurricane atlantic are,7.203793535799649
384sentences.1,random,must best walls solo becomes like and cities well as my,18.983015852684094
384sentences.2,random,set heating to infection the are of the early spread,17.5566295701735
384sentences.3,random,considered of a the by on what its tricksters words the,21.089530857350116
384sentences.4,random,reservoir iron the powerful new hand initiated militia painter's that food equipment,20.541586062385118
384sentences.5,random,rooms beekeeper to i that with milk place eat by i powered we plays are harden,19.039094783404398
384sentences.6,random,the within enough door rituals and throughout not bodies,12.715805797434175
384sentences.7,random,earthquakes cars damage has a doors always colorful chair logs trip army building,9.283880582559714
384sentences.8,random,but interactions rain and taste ski motor and sport to body are,18.807400929781366
384sentences.9,random,become to who painters resources in land while cod described or,21.4679785591832
384sentences.10,random,birds plants furniture its the drug boots its wear,14.22241303443689
384sentences.11,random,i'm there of no computer diseases musical whales of simple,4.61676906687271
384sentences.12,random,any be coastal prey of in fabric an biennial bed a,15.00523823408979
384sentences.13,random,drink much than produce to smallest barred and notes topped edible the live,16.60082055957517
384sentences.14,random,a ski he who today's she castle in a for home magnets,18.97396831226849
384sentences.15,random,a salads the to symbol with the not is jazzing and,14.067953945373054
384sentences.16,random,a caffeine white social two grooms toll the fish notes seriously,15.774519298777705
384sentences.17,random,be is by the with climbers the birds is height of,17.98165985989782
384sentences.18,random,goods the the train tongs long mane each gestured one concentrate,25.943088595269302
384sentences.19,random,be various axis gone sixteenth by of we have bear indian and,11.976983921416224
384sentences.20,random,as with kill put climb into pans horns commanders of are,19.941932631230475
384sentences.21,random,the private on gripped or powered storm chips extensively or for,15.904524352049684
384sentences.22,random,or of another moves steep public dream have can engine,11.065005406997404
384sentences.23,random,dealt write papers not scientists couldn't and organs being,15.964541595843633
384sentences.24,random,birds an on used even provide any a a is units are soldier on be,22.505433962663496
384sentences.25,random,a are water one in petition roads is becoming painting actually knew or the when,25.728425825671337
384sentences.26,random,igloos shallow washing stories a snow fertile solving our animal their,8.090016899633738
384sentences.27,random,went their people i crawl white the chairs prestigious a produced the,19.4029623715025
384sentences.28,random,preferences front assigned pulp when to would up i is is and will to called some schools,9.244890107607075
384sentences.29,random,of of skin is careful the more tectonic throwing as watch igloo is insects is scissors,18.209953334197905
384sentences.30,random,chose from origins can use and to a have perform extra handle instruments healing and in,32.57529012685641
384sentences.31,random,at the and surface pan often are animals salted hurricane plants sports a easy,22.24290752887087
384sentences.32,random,dust an on the preventive to house appropriate in play who equipment have or exams,32.61807432223397
384sentences.33,random,more dream at and regeneration around to hot elephants work the classic,16.921278070117197
384sentences.34,random,in generation as for ice and to property the floating of in be a,23.43870483290345
384sentences.35,random,by wounded fish licking an defines the that boy meat planes,20.91857049681879
384sentences.36,random,bends water land coffee and windows toasting world we jacket since both to,18.935177240267556
384sentences.37,random,her accordion research solid with be parrot located her contact of takes attack,22.73179864717559
384sentences.38,random,can school cream raw a i and understand a inundation a the,11.224169277637973
384sentences.39,random,severity cyclones and mouthparts a deaths metal are,15.11319909101618
384sentences.40,random,for four they many on they the ripped and,12.104172129377638
384sentences.41,random,casino or bathroom been to past seeing they touches house and milk food change,19.490498990445516
384sentences.42,random,at my hammers toasters is steers raw uncomfortable puberty television used,5.491470849813797
384sentences.43,random,grooming squinting relative potatoes pharmacies like repairs is could is,5.894399054726879
384sentences.44,random,be to genetic as a race for people because night for with were,23.605619293760785
384sentences.45,random,levers food-scarce calm space conferences really from no these together painters barrier very it,14.2477467902105
384sentences.46,random,fire floors can brightly-colored eat a of they another symptoms,10.356689896644196
384sentences.47,random,but can water can talons the however are beneficial one mix hunting,9.368799838000093
384sentences.48,random,a in distances maintenance a their scout gleamed vegetable a of tests,17.311960932682236
384sentences.49,random,their more small a with be adapt drunk sturdy a tongue,21.540503903060223
384sentences.50,random,bitter criminal regain glow is grabbed a hesitantly they and an cream,10.533193411396251
384sentences.51,random,may even higher often they're that society handle flood moving me expensive,17.662105613035457
384sentences.52,random,likely most by part remember fish bees is,14.456561849250225
384sentences.53,random,ice by and the are a comfort into flathead axe through,13.232283518671272
384sentences.54,random,the elements use can it to is water of,25.622554312260302
384sentences.55,random,personal fovea this with high-pitched tomb tool stingers,4.532024799693956
384sentences.56,random,a solve and i that climber power a the or,11.631629321652714
384sentences.57,random,a soldier a snow fish live from as people is,21.44275977385072
384sentences.58,random,sea axes much rise low their wheels force tart the,11.44834426706118
384sentences.59,random,with a a the a the subject to and,16.226124704487866
384sentences.60,random,leather has if desert a require of raspberry is with and a,15.812236555653936
384sentences.61,random,are be that wind others a are there mouth of,15.993338737909532
384sentences.62,random,shirt the sound use match were the very space wood,12.555202763537125
384sentences.63,random,by infantry top work up is people encourages head with metal,12.95106362118876
384sentences.64,random,methods murder at are foods that for and have the through,16.41006058027977
384sentences.65,random,tons hard of that liquids of factor rubber common,18.617640253575175
384sentences.66,random,on a hardest a when with the eagle concert kissing mouth increased the,26.920894137245444
384sentences.67,random,malaria kitchen working and keep art with used motion until tool,19.578846358031257
384sentences.68,random,open via one theatre horse strongest is is or in drift spawn of,22.270544701489015
384sentences.69,random,attached hand they land are a bike of the to cutting certainly,19.4474021551623
384sentences.70,random,cut more the behavior and is extra washing lined mild covering to a,19.17373123154472
384sentences.71,random,parrots marriage called by handle not been professional shake families a and,17.92871785253403
384sentences.72,random,screwdriver dress be view by soul is,2.455396304160031
384sentences.73,random,only for screenings yellow animals a around finest wall use blind expense large,17.572307553608653
384sentences.74,random,recorded families fruit and eye tropical and they onto,12.489617856913167
384sentences.75,random,high cut strength had military cavity a the controversial about,24.81574854800271
384sentences.76,random,a slope family that bolts inhabited health ice the right is the small condition,22.4205355296498
384sentences.77,random,will suggest go quickly gas deep be skis personal commonly is,14.188244225537371
384sentences.78,random,and made bald be or the them horror be is new use and,13.408934452799215
384sentences.79,random,cut automobiles and ripe land rifle a a or and girls the an,24.436092674194576
384sentences.80,random,control part smooth sound chalky tuxedos pharmacist is we well scholars blade,13.001986130297482
384sentences.81,random,and found species nightmare way twisting is instrument the in will a,19.015605706844845
384sentences.82,random,the at a england detect store thick makes sides the collect,13.842128366835222
384sentences.83,random,of the increase of makes thin the which,14.41752536002737
384sentences.84,random,hypotheses log at wood grow solid screen is not claw a,22.746038398535386
384sentences.85,random,freezes the of small is enter food can lots saws,13.166051642165373
384sentences.86,random,apartment crops made so grass heavy money black and themselves,17.001358991344457
384sentences.87,random,in during to food knee jacket their are real themselves,10.009367734009023
384sentences.88,random,rock with pan a like and of what that is and milk engines consists fingers,32.421931012006475
384sentences.89,random,blenders infection apartments the a and and into fish rubber be to between several or,14.4665406704664
384sentences.90,random,that torque the the small usually scissors on and engaging,20.082147280619445
384sentences.91,random,damage arson dress one eyries structure later gets a a flakes blood,8.585040061959978
384sentences.92,random,with flavored into waves swelling to floats asleep a legs voice lakes works have,20.764617452115417
384sentences.93,random,and had of grab pipe handle in adults a many caused business,24.237256226617323
384sentences.94,random,saddle as or and the you stresses in and grown isn't owl the consist,17.11946979803368
384sentences.95,random,different eventually is as and the broken the life and and they,14.402676294353418
384sentences.96,random,bottom brown can making professors growing sharp like used whipped-in establishing,3.9558615362301564
384sentences.97,random,of grooms sheets to vanilla liquid the the can to with in,14.617366203933987
384sentences.98,random,to he and while time american down its have mower mob not walks know of,14.53477826181227
384sentences.99,random,drunk hunt roof blindness feet the eyes pianist and accordionist much does seldom in,17.254675500551823
384sentences.100,random,10 offer locomotive and bear hike a fights tires form to front-line,12.229957519852153
384sentences.101,random,laborer red a polar owl or a as two a other drink gambling,26.56699978150229
384sentences.102,random,also hear has bottoms cut keen coffee one are in slashing,12.537007483624455
384sentences.103,random,or my taste surface skin infected rain wedding but a,19.957044056853256
384sentences.104,random,many and when usually vitamin while worth environment fell had stress raise pyramid logging hunt,11.589451193354542
384sentences.105,random,solely preserve through displays tool axe with it an it for,20.01871236997733
384sentences.106,random,day national acting plastic don't need they lives saw astronaut the,18.35782377866616
384sentences.107,random,the be insufficient breathing particular the jam of sushi in place,20.981302491911308
384sentences.108,random,or a a sand practice and ingredients habitat nose thrown muscle phillips but as perform green,15.666942264710393
384sentences.109,random,are rooms measures people stick and stage passengers apple early so in,21.968220106672874
384sentences.110,random,played feudal and the large dress side hive the employed opera were house,27.459473813038823
384sentences.111,random,peaches boiling the and is ties of of an forward most spiders owners knives the things a,20.256341258554404
384sentences.112,random,can caught like the on a large to prey is responded their,20.831699738348338
384sentences.113,random,as produce astronauts stores capturing is a two the,11.835913565829998
384sentences.114,random,in to it most knives divorce safely costumes bitterness patients music life images,4.030983199199393
384sentences.115,random,snow be a boy house routes fruit has castle arable to people,11.106623430956674
384sentences.116,random,that ripening several began is long who the savory a a,11.427352517375912
384sentences.117,random,common of a a contain grenades gambling been trees salmon day a green used as,25.17156811092081
384sentences.118,random,run the owl night a are was in clothing frying stuck a support in come,31.331749119008276
384sentences.119,random,mountains for cause and hospital generally fed a lotteries share cooked for many skiers purpose,23.250079838052503
384sentences.120,random,large at from findings famous at into beekeepers contaminated develops law a of the mower,20.979538583763016
384sentences.121,random,for have the lens piranhas match librarians participants and were cream with,22.17636358199757
384sentences.122,random,food remember digital put books at made playing caused accident that man through eating foot effort,21.842430285843477
384sentences.123,random,people cliffs multiple for the of of can and have an the like,17.837206357162284
384sentences.124,random,of by that a to heel child keyboards scientists on likely wings do,12.872073511592822
384sentences.125,random,and of bellows can sources is her effort is filled finally into must,18.717972313487508
384sentences.126,random,be floorboards now stories many improves temperature can an with used freshly,16.559340539235272
384sentences.127,random,same than trousers is there some wings as canvas is most or opera,16.640368942087868
384sentences.128,random,healthy buildings silently repair and cotton can blacksmiths a ring as,16.578833319248336
384sentences.129,random,shoulder place together toaster spikes write feelings journals a is,4.095917198180419
384sentences.130,random,or are to a control to of are fulltime,10.789592563084026
384sentences.131,random,up common think others of against had and to and show the of reduce,21.72233933112443
384sentences.132,random,ensured the gambling ceramic is yellow wire more transport given levees and programs of,19.91017970008778
384sentences.133,random,clearer or explosive participants effects of sides species was weapon nice taste and a poles and try,41.87602706443414
384sentences.134,random,propelled and are divide in consists to a designed tropical be mainstream about down the normally,24.909480333386107
384sentences.135,random,a collar just cleaned with castles and to of lot for,19.66375903356043
384sentences.136,random,a that of flowers well refrigerator and stone not the desert horse creates,19.775760729196616
384sentences.137,random,makes up eat used walls their through to together places organ by,21.572748070936555
384sentences.138,random,an others tools creates a the tray also have jazz for a also,24.303571908193188
384sentences.139,random,hands screws depends process sex are the for a agricultural the waterbeds,14.908531329400354
384sentences.140,random,spectacular in investigation from people hammer taught fully that appliance clarinet called,12.603188004650377
384sentences.141,random,beekeeper's an trunk cut of cider century easily a colder,10.494655050392769
384sentences.142,random,infectious american pesticides live at and being and is child screwdriver ordinary,19.17439179156698
384sentences.143,random,orange of insects the inside cinemas strokes schools but,15.287196042662046
384sentences.144,random,a made we vehicle beekeepers add beginners practicing will made abrasive useful the and,13.123748424509388
384sentences.145,random,an it or area temperature and an flow a made and along,12.105248125832695
384sentences.146,random,firearm have half rifles and rich chair to very drafting skiing end sensitive part rock,12.333523383387057
384sentences.147,random,to animation lawnmowers a drought also it's weapon that,9.085037610674586
384sentences.148,random,go is less the breeding silo spears disease owl a furniture birds bridging the tearing,15.073254931574914
384sentences.149,random,in and day i violin experiments buildings sting side by,5.29851348945019
384sentences.150,random,from kitchen we and the as start flare basic dreams such people as down often a a,23.344574340793546
384sentences.151,random,in no facing but thumb sound pop-up consist against land is to affordable insects,14.77178155720533
384sentences.152,random,the fiber can elaborate worse to some beekeepers may artists air to in,17.995625374087833
384sentences.153,random,for of represented may by an act different look victim lapels,17.398325605496375
384sentences.154,random,directions the tusks my a mattress water a widespread the a it,22.936772562726134
384sentences.155,random,fortunately easily a cyclone vehicle-related a fitted dispense polar,14.362310095018266
384sentences.156,random,shape most have in these wedding about are one can she professional,14.85915907257226
384sentences.157,random,joints cold feathers do stand they relies stone existence purple eaten stiffer a,19.695808316536898
384sentences.158,random,in elements and together musical focus her in manual,15.306908074660209
384sentences.159,random,of supply small of vary make the four covering done,17.54586890281481
384sentences.160,random,down doors are when hole just are x-rays its honey in because as,20.04131750558838
384sentences.161,random,most furry scary pool courtyard hurricanes also as used fills the thermal plants,28.06093685022321
384sentences.162,random,where passengers grown a are every to established the a bananas the a rotating,19.347337772599012
384sentences.163,random,while fashion ear cut scientist ships doctors is cabbage a out are above to,14.708543270582073
384sentences.164,random,food skiers and went and furniture frying the animals to knows boys inland,22.211808034457327
384sentences.165,random,ravens caused for a tools ripe storage used be has motor,18.264836071039436
384sentences.166,random,barrier a tube tube waterproof i of earth are family cell,19.89815847741603
384sentences.167,random,change handle and is and bad a broccoli experience the of,16.680016275145068
384sentences.168,random,knock female under window caught western made piano bird seed of free-climbing,18.1088142494806
384sentences.169,random,that bicycle types information heads landed every caused during and plain transports,8.196129047457875
384sentences.170,random,cultures they the popular cold past flying electric have a,9.915476624740725
384sentences.171,random,leaf is of the all such and and produce the to high-priced an beaks,28.764344470850098
384sentences.172,random,is polished steeply wooden will are receivers used bottles slowly sides bad,23.999573491865018
384sentences.173,random,is the hurricanes kill is that small for can a girls with instrument note repeatedly field to,21.464447858204572
384sentences.174,random,on of the with sauce a the of of deserts,27.674229048936812
384sentences.175,random,reasons or notes combines to shoes with spread a and without delineate,16.91768102558676
384sentences.176,random,a powered i are be the disposable the orange the the i plays,7.20159441814391
384sentences.177,random,opening by redness buildings to floated adult metal the,14.81210180442236
384sentences.178,random,for of have was protects seal in different seal other have cooked a,10.283195165040377
384sentences.179,random,usually and killing roof and shape of climbing highest were hammer instruments,22.843250664270137
384sentences.180,random,they temperature from sex cats gone suspended inside sick backgrounds senses salmon a court early,16.67798911309717
384sentences.181,random,vitamin doctors hot associated the climb usually of conferences eagle in its a music preferred in a cable in,28.39213641820311
384sentences.182,random,the or pulled a a bud both apples information woman countries under,11.944074695249371
384sentences.183,random,the mosquitoes tear of in the done is writing and flavorings may many caterpillar handle tile,33.92218154549451
384sentences.184,random,small experimental harmed emit in sole the some every the better diesel my and,13.009157001714664
384sentences.185,random,with the and fields some her attack space it about hand rubber no perfectly,15.331510656655743
384sentences.186,random,is borrow is of the for feeding they repair drawings overlooking pursued linoleum have,12.266952531751896
384sentences.187,random,of don't down a losing espionage of the time used nerves a,15.414940746278043
384sentences.188,random,tie and many are if when through mind feet ascend eaten with keyboard built most,18.717139023640822
384sentences.189,random,that to in faced sea learning scientists pillows river difficult each nature them,2.193068287298047
384sentences.190,random,specialized swiftly on a thick powered eye consult a of sleep,13.49621990035167
384sentences.191,random,is loosened deposited had small it hotels brain ocean blenders gas spears,19.430270795759537
384sentences.192,random,products other caught metamorphosis attached grenade can to from and fry,11.700760552043624
384sentences.193,random,ropes game food never that venomous crank have used,3.8608703378310705
384sentences.194,random,to and can of to rocky an delicate such,7.088811909856131
384sentences.195,random,the wood internal person in as many female a holds hospitals large,23.63656207105884
384sentences.196,random,the make process we walk of lurches have rises with feathers legally the to,18.43083801438758
384sentences.197,random,of other desk some trigger shiny of in is have an and an on,14.776659732516052
384sentences.198,random,made property helped to settlers station when could is scholarly long that device,14.282552737311008
384sentences.199,random,of be a and to subject tales snapping bursts the for insect a,16.980103324676364
384sentences.200,random,i to cover hands health she eagles with used leaving numbers electric animals voice desk,10.108551957063035
384sentences.201,random,called like concrete and die i preserve of or the black or,14.758328071374786
384sentences.202,random,the the a focused for increase their peaches i home source weapons ride gambling the,10.0293222081847
384sentences.203,random,expanse natural be patient's like battles know counters crust,4.41638477359653
384sentences.204,random,scrubbing leaves used looming isolated be facility national or orange king,16.276353069980654
384sentences.205,random,fresh violinist pure and children in that was of breathe these mountains,23.830537953936872
384sentences.206,random,one around after usually and person's a characters usually professional,10.126248224058187
384sentences.207,random,many puberty food and of on walking from up house the chairs,25.140793605036137
384sentences.208,random,decades by formed is carcasses plate baked,11.760044735069707
384sentences.209,random,doctors green european with for night silky levels storm,5.21852045069028
384sentences.210,random,in air as body used a a,9.278876880338249
384sentences.211,random,skill of bees a passing trained her modern star procedures,16.063648216854336
384sentences.212,random,conserve of into tub lawn doing and up of rain their gloves casinos,16.94924411199525
384sentences.213,random,minutes produced does and the black cause in that clarinet of by,12.885573135367137
384sentences.214,random,people i one or butterfly a of pyramid's a its burning,16.9879024229412
384sentences.215,random,i to historically are that a is can be accidentally,19.761226925940377
384sentences.216,random,chairs by work in set broadcast in most of young in,13.315459475754365
384sentences.217,random,are in attack be honeybees are ideas keeps from looks red-brown,10.135338956795094
384sentences.218,random,warm stress like lawn the that incredible blade eating with clothing have,19.075679174953567
384sentences.219,random,to six is seeds and a before gray each ice has,14.476894569399803
384sentences.220,random,transporting as a quality on role instrument dream for or of,13.81869056814007
384sentences.221,random,face electric their tongue sports standard hospital actual butter place frame with,11.605657377321434
384sentences.222,random,american gas to elephant fur bicycles of and fractures sheets,11.45757571246677
384sentences.223,random,orange-yellow sweet looked or glass then bad tower cooked,4.451688474429792
384sentences.224,random,are a farmers ravens hammer nowhere of launchers that be our physical since,12.848756564459304
384sentences.225,random,healing silk shaking a peach to history horse review diverse land finished,8.26982719081863
384sentences.226,random,of in teas members volcanic for smell on adjust,3.543096398760384
384sentences.227,random,with they be in for black of whale fish wheels,13.573692083717145
384sentences.228,random,statue scenery back material complex animals recalled mosquitos connected and floating he collect,10.8572575618476
384sentences.229,random,covered produce and zigzagged how sweater flair river pressure cooked have also feel been,18.122887800773338
384sentences.230,random,needed will saws use but my and common can computers wear poured,16.29321216864961
384sentences.231,random,an if or aging cut a they vision in morning legume powerful,15.703103907816306
384sentences.232,random,pain plastic so sear my patients pulling of a white provide,22.459573097416463
384sentences.233,random,range objects fed paralyse above also teeth carnivores stress a that the,7.635594823690172
384sentences.234,random,clean an masculinity most accordions film to rope in their supplements,6.6171177462813695
384sentences.235,random,two confusion a their away when dreams when support kept legal and a,18.474945536757275
384sentences.236,random,people are of the bear hot on also furniture your become cold,21.924215025900413
384sentences.237,random,extremes tropical also largest have uniform i law formal and the proper other swamps,24.41621677857505
384sentences.238,random,it solid trees stressed something to style is because,9.657184554392499
384sentences.239,random,are are cliche sometimes property would blacksmith well the it,10.757529185836031
384sentences.240,random,are out kitchen covers become materials eye an notch bees is are,13.00824724392897
384sentences.241,random,due above cats a a and the a feet,1.3308567834636182
384sentences.242,random,the tailless honey-making set are and a ivory feed the dream,21.26432591724949
384sentences.243,random,as the a containers other parasite water lack,8.448554474618991
384sentences.244,random,is i piranhas is for made who a vision a,16.5943485184251
384sentences.245,random,the single for often respond manhood piano relentlessly a appliance carrion ravens used,20.20539481368887
384sentences.246,random,clearly banana the the woodcutters surrendered times also pets real on,13.49211115694149
384sentences.247,random,research covers can the of the the skirts carpentry it care,17.699182436130435
384sentences.248,random,nurses traumatic there the or suitable or conferences served with different once is,15.758992266736955
384sentences.249,random,an and from advice mowers a advantage is for tip sharp taking the from,28.78967207977014
384sentences.250,random,to animation and well weapons something parrots with a a diesel in car that,30.23075921786394
384sentences.251,random,a a collect well able slammed explode yellow are as skin libraries,9.860690601172726
384sentences.252,random,piano shoes and by own of are food the cream dramatic,10.957775922857136
384sentences.253,random,used combinations often transportation hunts is a kitchen and the in dinner is,26.87752863014263
384sentences.254,random,car and for i've slide imitate most several held,9.319466967085232
384sentences.255,random,a the cooked cooling native dead used me,3.940339401264171
384sentences.256,random,digging by a though for their put to the fingering cards cream,28.131642198224117
384sentences.257,random,be running taste dairy walls in of glove door doctors,8.352120126022443
384sentences.258,random,detect hospital distinctions on cabins upon with are dams red is,14.288629315153784
384sentences.259,random,the regions huddled faces intrigue mammals i kind i typically fixed make,16.198635846970394
384sentences.260,random,remove live particularly large and it protects diseases still a was comfortable,27.673674701348105
384sentences.261,random,legal a heights killing built artists many of heard,17.894474197631876
384sentences.262,random,fire not and allow inside heels to wool dramatic of,13.687332480656023
384sentences.263,random,inside tail to to made for of placement to the,16.222941156872693
384sentences.264,random,mix is problems are chin weeks the strong and imitate apron into,13.612994538346335
384sentences.265,random,a animation that and mediterranean a a color the are,14.07453941521059
384sentences.266,random,is woman a bee fractures ninety be many stir-fried caregiver sharks with warm,25.098609537301694
384sentences.267,random,also pedals the are man train status insects is eaten travel its an,17.913828194517126
384sentences.268,random,usually half-closing a is the by parameters are and the to of tropical crews light is of,27.75256920699601
384sentences.269,random,other honeybees a people chew to sobriety to a prescription worked bankruptcies hot earth's pulp retaining,30.933742311328125
384sentences.270,random,is powerful the vehicle at human stations the live strength chairs,18.261832465214752
384sentences.271,random,are then eventually bites fight usually are the the technology brown for,19.5723120053418
384sentences.272,random,volunteer in in coding around down while bee a of different a igloos eye places be,24.69794735519303
384sentences.273,random,to applies shelter and vibration theft hard branched grenades migrates muscular and when rules black,22.056632931524543
384sentences.274,random,grounds collarbone a an sweet it's and made the man are as carpenters freight are sharp,22.948173068972732
384sentences.275,random,of freezer four profession think and the back small new a developing on is their quietly,31.410829063147364
384sentences.276,random,family in forks and to pregnant classroom underwater spots it are effects to while a and downsizing,23.82465363238995
384sentences.277,random,by fracture taste musical seeds government fired by of forest sleep hot fingertips thin computer,19.873288586400953
384sentences.278,random,many a women's law energy inuit can assault and felt casino driver and the raw,22.87816691378307
384sentences.279,random,local itself split creepy to is well cabins be while,12.128322209225313
384sentences.280,random,in statements documents puree full have order to apartment were and,12.57838337481195
384sentences.281,random,peasants flesh be grooves on this the cod students is,11.918275402060733
384sentences.282,random,coffee to can people in liquid worked on by,16.516501706780854
384sentences.283,random,mammal micromanagers for be has premium seabed raw,5.920016675516347
384sentences.284,random,purposes draft tastes the breathing strength roasted or,13.581928890599366
384sentences.285,random,but about gamble ordinary a be foods lives raise in,9.797684952834906
384sentences.286,random,has silk popular can boulders a in into used a of architects or,17.808094942730175
384sentences.287,random,of library center the ride often people redness well make and box,21.58238526652013
384sentences.288,random,the people carpenter then grow cooperative with a sugar refrigerator lift some,20.190527716738913
384sentences.289,random,bananas people the and a devoted suck used new sofa as ice,11.563587592101443
384sentences.290,random,of today gloves day ice more a traded focus ships,12.200840192006314
384sentences.291,random,that media and situations can dampen milk human a fine,22.756913241705508
384sentences.292,random,transparent hurricanes countries legs sense it break hip without or,9.276121387722249
384sentences.293,random,skilled enormous animals boats steel was an medicine vibrating,7.4272272709182054
384sentences.294,random,within a ice penalty may licensed cream a window within,19.051672974301564
384sentences.295,random,of minimizes or a science had magnificent may soup built,11.079813637001243
384sentences.296,random,rooms the a defines suggest butterflies bottom harmful or can vitamins cortex,20.371746049866914
384sentences.297,random,some to rooms wool forging cost with directly he have its germs flavors and,16.10656772844945
384sentences.298,random,on films specialist are scavenging because the the problem armed diagnosed dome but,22.203964560980538
384sentences.299,random,tough like of turn without singers or worse completing or,17.2440897133841
384sentences.300,random,patients areas manage cats honey pyramid wellness of as be by he in halfway stay,13.5628874136014
384sentences.301,random,pharmacists cultures long water nation a in you animals make,12.660532065891518
384sentences.302,random,1970s very with gallops part cooked a after provides and type the such,18.8011472108494
384sentences.303,random,out sahara lawn blades use cod from hammock has lentils,5.6940699906891314
384sentences.304,random,in a endangered is stones crash tufts machines rests heat for punctured ramps of,13.03711656048539
384sentences.305,random,range of bitter the even of be a law and a,21.595330329552315
384sentences.306,random,lives storm with of coffee hunger hair of flying on personal is compartment,26.817156826082865
384sentences.307,random,breakfast types for to and artisans that a within theft,15.333566876020317
384sentences.308,random,people decorated or the can market night a used more and a places digital,17.73320386471217
384sentences.309,random,using used automobile teflon-clad in rifles walls new on hotel are floating,24.70459610548627
384sentences.310,random,is scrambling for sensitive or the often ocean lost with over,15.285854393987849
384sentences.311,random,and sling a is often people driving pies or scientist something,28.80719345174285
384sentences.312,random,supported in barn building shots by patients eyes stressful,8.020299804180576
384sentences.313,random,a cutting winds painting content fingers tables behaving the that you,12.827321497119238
384sentences.314,random,colorful that world used economic showcase small images refrigerators,18.800981768408803
384sentences.315,random,keys have been has found train i is nearby plastic internet with computers even,36.52225348356849
384sentences.316,random,orange sand out for giant ocean the fabric through,23.166267537710752
384sentences.317,random,have countries better consists and have come them that astronauts,15.067069275233981
384sentences.318,random,it designs on movements native all a a made several,17.129720164734962
384sentences.319,random,blocks air in could of record shook they broken,8.88945129763321
384sentences.320,random,fruit stuck bowls waters on or can or trees as fork waiting,14.179309962900497
384sentences.321,random,faster extreme conduct frozen ground leaves an food the flapping bird,22.22380263185253
384sentences.322,random,the with a that or sell strong the a steel artisanal,20.099610708739593
384sentences.323,random,experts because high of child are or an class in mug moisture,17.404972975760284
384sentences.324,random,quantity length by that a standard x-ray ocean handle crime plantains legalized have,14.460814441897854
384sentences.325,random,flying eaten delays trail caused and time hospitals and associated and,19.173693173473442
384sentences.326,random,it let dried local rediscover as where in when the a will our or,10.553453087122595
384sentences.327,random,a frames build the to human powered incredibly back like wheeled,23.527716888454606
384sentences.328,random,to hunted impact else water talking and have bud a a kinds,11.568210358158774
384sentences.329,random,with games have easily of the pipes and arms,18.134092203509528
384sentences.330,random,uses newborn passengers head as skeleton structure visual world satin on carpenters,17.95956136155358
384sentences.331,random,often uses self-defense like girl even smell surrounded minds hurt it,15.944597142753938
384sentences.332,random,are grows where submerged for igloos liquid the given space,18.23888788378724
384sentences.333,random,law is form a flying the used by also made grass,27.297826201542296
384sentences.334,random,the with heat well men transport next have have hill to substantial,11.091590538946233
384sentences.335,random,engineers legs and series hip instrument spiders is and,13.8884211418887
384sentences.336,random,chose man surfacing the was of in that predate a are a,13.63110441161565
384sentences.337,random,be and its is to world's blind small to after impressive builders space by,11.081656315105429
384sentences.338,random,is in exterior opera war they windows shield travels and experiments a that afraid,14.330708558960714
384sentences.339,random,panes cutting i glass foundations a mangos in raven that the of,18.679264409307333
384sentences.340,random,sharks use to someone or disperse settled many serves on a center other,23.320839378751785
384sentences.341,random,type house a emissions turning gasoline forests attire passengers people often the nectar fill related,22.774916813137473
384sentences.342,random,is greatest the the salads i who chords and as boy raspberry the independence,17.74814371119369
384sentences.343,random,cargo mountain a as is at used red mowing cycles and,19.920720673107102
384sentences.344,random,attack a an curved extract bird the to an grasping a active piece such indicate,28.70433276163596
384sentences.345,random,large beneath the cutlery royal know are arson bread horizontal a i,12.022418807602538
384sentences.346,random,made land honey may began not other a puberty cream pierce of,7.634065730753244
384sentences.347,random,sometimes have dolls small include earthquakes have more yellow or floor,32.85511643887567
384sentences.348,random,the color nesting things protect skied may used should are coin an her be,16.79624091130054
384sentences.349,random,firearms wings open of which density by wound objects,12.21803592549317
384sentences.350,random,a and there data activities a some for to a as,16.59929172226867
384sentences.351,random,toast making to very from in in knife warmth in hot that,16.050152102257318
384sentences.352,random,coffee can compartments my is above the depending by throwing can,16.585573451803477
384sentences.353,random,and life with the are and to keyboards myself,11.590336483629024
384sentences.354,random,an surroundings floods graphics sweetness decide be latest protein sensitive,6.127890851572635
384sentences.355,random,with sneak layers a and player they skill used lands,13.309065225098394
384sentences.356,random,were chose floor mountaineers milk off have drink in a where the saw walls,15.804657584229039
384sentences.357,random,once carved in of record a have like is when insects,21.367498637658883
384sentences.358,random,fruit warms weapons the knitted director their to salmon than train,8.348512168750101
384sentences.359,random,cause operas food vehicle important owl taste is a jail to crank i,19.85993174823242
384sentences.360,random,end that topics narrow in which a it's a and precisely felt,14.681659381660376
384sentences.361,random,cardigan sloping stalk who from run exported tomato and rifle cream,19.581529614275446
384sentences.362,random,a order can with pharmacists and are organizing operations pieces countries,19.302078129135353
384sentences.363,random,camouflage through plots trees a weeks clarinet screwdrivers in have protection very,10.30263093934188
384sentences.364,random,intensity vikings beyond bed the in critical some night blind tuxedo are as,23.773147759220905
384sentences.365,random,sounds every filled usually air have there the while between boiled are graphics,26.711521619746065
384sentences.366,random,used beekeeping a barred discourage can term each nursery green the a a,14.742458026139673
384sentences.367,random,taste than has field a for is use temperature chemistry blenders to,22.92647192390228
384sentences.368,random,this people always a drinks dunes can fruit increase flooding body its cream,13.823384413742001
384sentences.369,random,as repair unlawful a structures which console a climbing can mugs,7.806184595935305
384sentences.370,random,though covering at the to musicians crops screws or him,15.861822305607216
384sentences.371,random,can of the rock head toppings harnesses and brand body having hairs slightly a,30.473815817713234
384sentences.372,random,the is commuter pressing tool the a skin weight a for thick,21.86425695753698
384sentences.373,random,all freezing large must the disregarding sound is the,11.378368031919678
384sentences.374,random,up on beginner and be yet as pair of in tool help later,18.157568003641295
384sentences.375,random,unnerving to signed leaving appliance women entering eight together can,9.093599293158386
384sentences.376,random,because of and presence collection their barrel bare are surge drivers are landslides,28.04692389700767
384sentences.377,random,a plants male and ski the relationship they used chemicals people that africa to,28.20807106313375
384sentences.378,random,orange the outsole dress as ocean made tightening bear flat begins,5.71039604596891
384sentences.379,random,handle landscapes had cause use rock united tip the,4.076250471478145
384sentences.380,random,tuxedo in hours and steep dorsal a,12.808108528198263
384sentences.381,random,entranceway immaturely visual at compound farms are found,16.834207697159933
384sentences.382,random,are or can and an air and did,7.586825145630208
384sentences.383,random,shoe to fin piranhas food used change opens is,2.0005988794230136