243sentences.0,Scr5,conservation beekeeping encourages the habitats of local,5.2592245158302875
243sentences.1,Scr5,in it is every interest beekeeper's to conserve local plants produce pollen that,24.75681551564999
243sentences.2,Scr5,a as passive agriculture of form it does require not that native vegetation be cleared to make way for crops,45.35969200863602
243sentences.3,Scr5,discourage beekeepers also the of use pesticides on crops because could kill they the honeybees,24.798246443264553
243sentences.4,Scr5,go artisanal beekeepers to for extremes their craft but their is worth product the effort,19.74957717787164
243sentences.5,Scr5,emphasizes quality artisanal honey-making character and over quantity and consistency,23.288989330039882
243sentences.6,Scr5,the finest to produce beekeepers honey become micromanagers of their honeybees,14.260866680536527
243sentences.7,Scr5,the they scout fields when know nectar flows and select best ways the to extract honey,30.20564420787678
243sentences.8,Scr5,beekeeper as the opens hive the the deep hum of bees fills 40000 the air,23.530398466143296
243sentences.9,Scr5,checks honey the beekeeper pollen stores supplies and the bee nursery,15.120595954372952
243sentences.10,Scr5,across bees crawl his arms bare and hands but they sting because don't they're gentle,30.114008964100307
243sentences.11,Scr5,a i have recurring about dream exams even though i'm longer in no college,13.216589989730164
243sentences.12,Scr5,my in dream day the it's of my exam final and i suddenly realize i've never gone to class,30.040277260561112
243sentences.13,Scr5,even done i've never of any the reading assignments,11.714308287963393
243sentences.14,Scr5,many other i know who people have the same nightmare,23.25046592105186
243sentences.15,Scr5,morning each participants study the in had to down write their dream experience from the previous night,42.558942744606796
243sentences.16,Scr5,if they recorded they any recalled dreams and described each and its dream emotional intensity,21.442540920910755
243sentences.17,Scr5,then participants assigned to dream each a category as such a flying dream a bad dream or a nightmare,47.33744726212203
243sentences.18,Scr5,while every night we our sleep minds are as active when we as are awake,26.957074392472702
243sentences.19,Scr5,throughout we dream in the night cycles of about ninety each minutes,18.00873619573942
243sentences.20,Scr5,stories images feelings and combinations strange of characters and places fill our can dreams,20.969920549232736
243sentences.21,Scr5,decided when i to playing start cards things went from to worse bad,12.710861341691102
243sentences.22,Scr5,was gambling something to had i do and had i already spent close to $10000 doing it,18.846036418875215
243sentences.23,Scr5,were sick my friends watching of me gamble my savings away,14.816239530461505
243sentences.24,Scr5,hardest the part horror the was of leaving casino a after losing money i did not have,33.88209571643196
243sentences.25,Scr5,on good data the and social economic effects of legalized are hard gambling to come by,24.05349760608091
243sentences.26,Scr5,indicate some studies that a having casino nearby makes gambling more likely problems,25.2817271584907
243sentences.27,Scr5,also be gambling may with associated personal bankruptcies and marriage problems,24.884600397146666
243sentences.28,Scr5,past over the generation has there been a dramatic expansion legalized gambling of,35.571502465509184
243sentences.29,Scr5,have instituted most states and lotteries many have casinos as well,24.73509381139718
243sentences.30,Scr5,very gambling has become controversial big but business,10.762813449823026
243sentences.31,Scr5,from the wind the shook hurricane the house shattering a in the window kitchen,34.0309332960874
243sentences.32,Scr5,in we ran grabbed food some slammed the door and the kitchen surrendered to the hurricane,25.45889831485208
243sentences.33,Scr5,afraid our i was would house be ripped from its foundation,14.477241512841232
243sentences.34,Scr5,night later that with wind the shaking the house we asleep huddled fell on the sofa,24.846926514968203
243sentences.35,Scr5,tear hurricanes can limbs of off trees and suck houses their foundations off,16.94756120000173
243sentences.36,Scr5,heavy rains they dump can that trigger floods and mudslides,26.54013580729583
243sentences.37,Scr5,also hurricanes can bring storm a surge a wall of water that ocean lurches onto land,34.26949332198374
243sentences.38,Scr5,several methods scientists use look to for evidence of ancient hurricanes,19.603963787020838
243sentences.39,Scr5,storms the strongest deposited of layers windblown beach sand at bottoms of the coastal lakes,39.3149618632648
243sentences.40,Scr5,by trees drenched passing preserve hurricanes a record of each in their storm growth rings,24.21083088422886
243sentences.41,Scr5,cream american ice is around exported the world but different have different countries preferences,17.094007396914776
243sentences.42,Scr5,enjoy their many people cream ice flavored with local delicacies,41.71422871908103
243sentences.43,Scr5,tropical in some places ice vanilla cream is topped with and fresh bananas mangos,44.670803923391055
243sentences.44,Scr5,making ice i remember at cream home as a child,12.873432157433012
243sentences.45,Scr5,poured we the into mixture cream a frozen then tub start turning the crank to expose it to the cold,38.182666162798625
243sentences.46,Scr5,froze eventually it enough i that couldn't turn the hand any more crank,9.638373545659787
243sentences.47,Scr5,put then i the of container half-frozen ice cream into freezer to the harden,29.631777778560075
243sentences.48,Scr5,cream ice is of mixture a milk or sugar cream flavorings and up to half whipped-in air,37.58691924341887
243sentences.49,Scr5,in the butterfat milk cream and is what makes it and silky smooth,42.38939773486619
243sentences.50,Scr5,ice cream high-priced premium loaded is with butterfat and natural flavorings,31.65879716669762
243sentences.51,Scr5,use when i the lawn riding mower the uncomfortable chair my back makes hurt,35.30613573551694
243sentences.52,Scr5,the i use two in levers front of me to the machine control,15.339887661098201
243sentences.53,Scr5,blades the sharp underneath lawn the mower precisely sever each of grass blade,22.547177356926703
243sentences.54,Scr5,lawn mowing the is long a task and it has me patience taught,29.08177936631379
243sentences.55,Scr5,mower a lawn is machine a with revolving blades that grass to cut an even height,29.872943769573816
243sentences.56,Scr5,may the blades be by powered muscle or the machine have a may motor,16.4179945848717
243sentences.57,Scr5,common the most power for source lawn mowers is a gas engine small,37.33011970909842
243sentences.58,Scr5,are electric lawnmowers better the for environment because they do create emissions not,24.47229144767702
243sentences.59,Scr5,need less they also and maintenance are less expensive to run,24.860194640296672
243sentences.60,Scr5,mowers use electric lawn much as electricity as an ordinary toaster,26.46444266182071
243sentences.61,Scr5,long astronauts train a their time for spacewalks,13.642149277376522
243sentences.62,Scr5,training much of their underwater is conducted,8.767012234755683
243sentences.63,Scr5,may they spend 10 to 8 hours in pool the for every hour they will spend floating in space,42.65995184174271
243sentences.64,Scr5,practice astronauts to to able be perform construction repair and work on the outside of the space station,42.18327993489065
243sentences.65,Scr5,of the commanders shuttle are flights always pilots and many backgrounds as have military test pilots,23.78747930924215
243sentences.66,Scr5,are other astronauts trained doctors as engineers and scientists who run experiments can in space,36.98027759263647
243sentences.67,Scr5,were early crews all men young but astronauts now are more diverse much,22.23856363213896
243sentences.68,Scr5,of the team astronauts out floated together to the exterior the space of shuttle,23.051799503072363
243sentences.69,Scr5,tools they carried needed repair to the broken part on huge telescope the,21.772886568834572
243sentences.70,Scr5,astronaut one loosened on bolts the the pipe the while other fitted the replacement part into place,20.040194702911037
243sentences.71,Scr5,been computers have used art in for a long time experimental artists by,23.395308256264034
243sentences.72,Scr5,computers now that are affordable more and widespread computer graphics entered the have mainstream art world,37.90782192367902
243sentences.73,Scr5,science some computer conferences art have exhibitions that showcase the graphics technology latest,22.877694738944392
243sentences.74,Scr5,conferences brand new have up sprung that are devoted to the two bridging cultures,36.82150212461227
243sentences.75,Scr5,graphics the computer specialist with works doctors to visualize medical and surgical conditions procedures,25.794654970912873
243sentences.76,Scr5,digital she uses animation help to doctors understand structures within patient's body a,18.871353993396703
243sentences.77,Scr5,the seeing internal an in structures animation on screen a is much clearer than squinting at x-rays,37.661042518934416
243sentences.78,Scr5,animation is modern digital powerful a tool for education,22.327713442395577
243sentences.79,Scr5,field as the of graphics computer broadens we must ask graphics actually if help students,30.783521332471814
243sentences.80,Scr5,suggest research does that and vivid engaging digital imagery can effective in be the classroom,23.613819971967896
243sentences.81,Scr5,he the reason came law to school in the first was cliche place,13.474491725216593
243sentences.82,Scr5,change he wanted to the things for better,15.942094513823768
243sentences.83,Scr5,recalled he one law at evening school when and he the program director had pulled an all-nighter,26.75658759739037
243sentences.84,Scr5,finished they finally petition drafting a for several evicted families sunrise at,28.87089637691833
243sentences.85,Scr5,past over the four the decades cost of legal education gone up has relentlessly,20.34958094874873
243sentences.86,Scr5,school private law tuition by increased a factor of four the 1970s since,24.931594460332835
243sentences.87,Scr5,for the market admission law to school and for new could eventually lawyers crash,12.82182833571465
243sentences.88,Scr5,faculty often law school minimal have experience in actually practicing law,22.016703083527176
243sentences.89,Scr5,on writing professors focus review law articles for prestigious journals,18.867678575254846
243sentences.90,Scr5,often law schools emphasize theoretical the with classes on topics property law like in feudal england,21.889861831219157
243sentences.91,Scr5,involved pharmacists are increasingly care in preventive,12.072652235745279
243sentences.92,Scr5,becoming they are advisers front-line health because people go to often pharmacies,20.754042764638466
243sentences.93,Scr5,often a pharmacists are source good of information about public health,24.019289105678084
243sentences.94,Scr5,with doctors consult pharmacists they because know a lot about interactions and drug side effects,38.66747823559424
243sentences.95,Scr5,prescription pharmacists dispense drugs patients to and offer advice about safe use the of medications,41.08041593028103
243sentences.96,Scr5,conduct health they also wellness and screenings and provide vaccines,14.68080798512856
243sentences.97,Scr5,have pharmacists must professional and degrees pass two exams in to be order licensed,18.25559610070554
243sentences.98,Scr5,the i think pharmacy chose profession me as much as chose to i be a pharmacist,24.887253902789354
243sentences.99,Scr5,fascinated i was by neatly the arranged bottles in pharmacies a child as,12.534666807816139
243sentences.100,Scr5,know i it's i but cliche love the that impact i have on lives of my patients,13.321854288537438
243sentences.101,Scr5,has each person her his or own response to potentially situations stressful,24.514353920753372
243sentences.102,Scr5,may one person be by devastated unemployment while another may working fulltime find stressful,27.835629460308986
243sentences.103,Scr5,everyday stresses there are being like stuck in traffic,23.89772520665212
243sentences.104,Scr5,also there are traumatic such stresses as divorce or loss a child of,24.418090969848706
243sentences.105,Scr5,can adapt some people different to levels of stress,17.880445770194736
243sentences.106,Scr5,dealt if not with though effectively stress can take a toll on real health,21.370418076197605
243sentences.107,Scr5,it's remember that your to reaction stress that determines if will be it harmful or beneficial,35.66269423945558
243sentences.108,Scr5,company was when my i downsizing felt incredibly stressed and worried,15.860757587093746
243sentences.109,Scr5,would my heart race no for reason and i even dizzy at felt times,17.988862008883483
243sentences.110,Scr5,started then i to taking yoga try to manage my level stress,26.860367959142273
243sentences.111,Scr5,wore a the man black jet tuxedo with satin stripes,30.975240806716137
243sentences.112,Scr5,made with it was fabric rich cut in the latest style,25.761328335996076
243sentences.113,Scr5,had it clearly he as tailored it fit the man perfectly,12.477738499466788
243sentences.114,Scr5,like it looked something professional a stylist would have picked for a out formal event,26.18838572021079
243sentences.115,Scr5,tuxedo while the is preferred still today's grooms are making statements in personal wedding attire,33.8789825936974
243sentences.116,Scr5,are shorter jackets cutting on the edge of wedding fashion men for,19.137904777451485
243sentences.117,Scr5,also grooms are jazzing their up tuxedos with colorful shirts satin ties and,32.55555778636418
243sentences.118,Scr5,jacket a tuxedo tailless is a dinner jacket with black lapels silk,40.08635724186207
243sentences.119,Scr5,trousers black tie a should be perfect match to the jacket tuxedo,48.717184138447045
243sentences.120,Scr5,shirt the should plain be always white and tie the should be black and match the jacket lapels,32.8640089644196
243sentences.121,Scr5,went the concert pianist adulthood blind in,14.257633950483106
243sentences.122,Scr5,was her blindness caused a by genetic condition that slowly the eyes damaged,21.886457190560996
243sentences.123,Scr5,interviewers she told blind that being was an advantage to pianist a,19.446911851476063
243sentences.124,Scr5,no she had visual so distractions she could concentrate more on her fully music,21.355124406934834
243sentences.125,Scr5,defines the government blindness vision as insufficient for the ordinary of life activities,20.989150046750066
243sentences.126,Scr5,the by establishing parameters legal of blindness resources can be on the focused legally blind,33.787580896759366
243sentences.127,Scr5,overlook this may those have who vision problems but who not meet do the standard,18.434867135440616
243sentences.128,Scr5,countries in developing blindness children in is usually caused by disease and infectious nutritional deficiencies,42.51978717357274
243sentences.129,Scr5,can often these causes prevented be by medicine and vitamin supplements,29.213722873652017
243sentences.130,Scr5,countries in developed blindness more is likely to be caused genetic problems by,28.1154301913836
243sentences.131,Scr5,really no one knows how exactly a taste gets from mouth to your your brain,36.04573417778521
243sentences.132,Scr5,the scientists think process when begins a molecule of food a taste touches bud cell,19.063202083332065
243sentences.133,Scr5,carries the cell message a taste to taste nerves beneath cell the,23.36118713985093
243sentences.134,Scr5,once it was believed each that taste bud responded to of the one four basic tastes,35.420881703746026
243sentences.135,Scr5,is that a on bud taste the tip the of tongue would respond only if you were eating something sweet,54.24220985770965
243sentences.136,Scr5,now scientists think single a that taste bud be can sensitive to all of the basic tastes,42.221208781407796
243sentences.137,Scr5,sense my of very isn't taste good so tend i to eat foods with very strong flavors,36.67089529595039
243sentences.138,Scr5,like i lots sauce hot of and i my drink coffee with no cream so it's very bitter,28.137936055941708
243sentences.139,Scr5,even i can't taste well sweetness so when i make i add cookies extra sugar,12.569122184418088
243sentences.140,Scr5,are a hip fractures problem real for aging individuals,23.713425063382136
243sentences.141,Scr5,faced patients are with pain the of the break and difficult process the of healing,26.157937659579336
243sentences.142,Scr5,to adjust families have the to patient's loss of independence,18.969774482448546
243sentences.143,Scr5,society and for hip involve fractures substantial expense and time the hospital in,22.31798473291962
243sentences.144,Scr5,the halfway through race heard i a sound like someone their fingers snapping,34.031279542219735
243sentences.145,Scr5,a i felt crunch i and knew instantly that my was broken foot,14.981252577102477
243sentences.146,Scr5,like every step felt spikes running on,13.171580685039519
243sentences.147,Scr5,doctor's office at the the afterward x-ray clearly showed the fracture,14.111382352864556
243sentences.148,Scr5,a few there are types different of bone fracture,31.103673225419843
243sentences.149,Scr5,or in closed simple the fractures bone is broken but skin is the intact,23.967026440940295
243sentences.150,Scr5,open in or the fractures compound broken bone punctured has the skin and produced an open wound,37.60804805064909
243sentences.151,Scr5,piercings can new ear infected become if they're not carefully cleaned,25.09836549860746
243sentences.152,Scr5,infection include signs of swelling tenderness or redness around the earlobe,33.72318064136816
243sentences.153,Scr5,see if you clean these symptoms the area and apply ointment some,28.82535031872343
243sentences.154,Scr5,redness if the and don't swelling go away contact your care provider health,29.828942062396465
243sentences.155,Scr5,hospital has a local new initiated measures to reduce infections,21.313728201890683
243sentences.156,Scr5,improved they have hand habits washing and ensured that infected are isolated patients from other patients,28.450923958857906
243sentences.157,Scr5,has the hospital rates seen infection drop since the new began measures,9.165423110806898
243sentences.158,Scr5,wound scrubbing a with or soap alcohol delays healing which the risk increases of infection,23.55861927752056
243sentences.159,Scr5,increase band-aids can the of risk infection by holding in and moisture heat,18.778414205280086
243sentences.160,Scr5,skin fortunately most easily infections can be treated once they diagnosed are,30.517875203692945
243sentences.161,Scr5,started at modern opera end the of the sixteenth century,30.30633372511074
243sentences.162,Scr5,as it began to an effort rediscover and imitate greek performance tragic,21.323274312670403
243sentences.163,Scr5,of early founders tales opera chose from antiquity for their matter subject,19.233162939141614
243sentences.164,Scr5,branched later operas different out into sources of stories and traditions musical,30.896465481205958
243sentences.165,Scr5,is opera an in form art which singers musicians and perform a play that combines words and music,34.09367344474085
243sentences.166,Scr5,many it incorporates of elements the of spoken theatre such acting scenery as and costumes,20.524301779630377
243sentences.167,Scr5,typically performances are given an in opera house and accompanied an orchestra by,28.94976782844635
243sentences.168,Scr5,singer the opera has hard worked to win the role the new in production,28.42508011883383
243sentences.169,Scr5,not her job is singing just about,11.342024095563973
243sentences.170,Scr5,presence and acting stage interpretation musical are all critical,11.581030560526536
243sentences.171,Scr5,pure but her is strong voice certainly the star of show the,11.242582115566352
243sentences.172,Scr5,must a painter elements keep many in mind while completing painting a,17.053196825703324
243sentences.173,Scr5,to she has use elements solid of design like strong and lighting composition,14.883697645798986
243sentences.174,Scr5,to execute she has brush the strokes with skill,16.251448968009562
243sentences.175,Scr5,the most importantly content the of painting should reveal a of the glimpse painter's soul,29.52395325194384
243sentences.176,Scr5,painters long ago were more employed as skilled artisans than creative artists as,40.154051249260384
243sentences.177,Scr5,painters however prominent had social the status of scholars and of the members royal court,20.909013572200465
243sentences.178,Scr5,signed they their on decided work its subject imagery and and established a personal relationship with their patrons,37.33868818257116
243sentences.179,Scr5,a as painter to learned i focus less the on actual scene and more on the painting itself,25.510395046751242
243sentences.180,Scr5,artist's an eye a not is camera lens has that to record everything within its field of vision,45.43177773368427
243sentences.181,Scr5,nature i found provides information useful but more than is for a needed good painting,26.87804126515245
243sentences.182,Scr5,is the eagle owl bird an impressive,19.75913154747033
243sentences.183,Scr5,ear tufts it has stick that up like horns,18.628357041380994
243sentences.184,Scr5,orange its large eyes downright are creepy and look like could pierce they right through you,28.12077961042006
243sentences.185,Scr5,hunts this owl flying at night swiftly and silently through darkness the,28.991875368619112
243sentences.186,Scr5,owl species while some become have endangered others are thriving,20.0150189040573
243sentences.187,Scr5,owl has the barred well spread beyond its previous habitat,16.718486379445867
243sentences.188,Scr5,suggest early findings may that logging have facilitated the barred invasion owl's,14.046458165822282
243sentences.189,Scr5,landed the owl on thick a branch and gripped it her talons with,22.76171403581468
243sentences.190,Scr5,her she pressed wings her to sides and settled down an eye half-closing,27.35586624072402
243sentences.191,Scr5,have she might been statue a but for the glow her eyes of,20.321271855631988
243sentences.192,Scr5,to it's unnerving polar watch a bear stalk across floating ice sea,30.608478148899103
243sentences.193,Scr5,worse it's even when are you submerged in the frigid directly beneath waters the huge animal,36.43190434592539
243sentences.194,Scr5,paws overhead giant set on down the ice as the bear pursued polar its prey,24.000073696139644
243sentences.195,Scr5,part as of crew film the for a bear polar documentary i spent months capturing these shots,39.34491292308759
243sentences.196,Scr5,bears polar are the of one few animals will that attack people for reasons other than fear or confusion,45.55516725493658
243sentences.197,Scr5,attack they may out hunger of because they live in food-scarce environment a,22.706530489617705
243sentences.198,Scr5,sneak they will people up on slowly careful to conserve energy their,30.08710003377177
243sentences.199,Scr5,is an the seal part important of the polar bear's diet,16.355234875073887
243sentences.200,Scr5,hunting when they by wait will a seal's hole breathing or stalk seals that are basking on the ice,38.23645039153438
243sentences.201,Scr5,bear the polar will quietly crawl forward and freeze in when the place seal looks around,28.953019946556303
243sentences.202,Scr5,castle was the medieval a not structure built primarily for defense,20.260799798290286
243sentences.203,Scr5,to its purpose was surroundings dominate its,8.924709881505647
243sentences.204,Scr5,could easily a castle lands control within a day's walk,14.355585249930817
243sentences.205,Scr5,times during of livestock peasants attack and property be could brought inside the castle's walls for protection,22.879083486037974
243sentences.206,Scr5,in spectacular castles dramatic provide locations a record of the history of stormy many regions,30.542007039977253
243sentences.207,Scr5,stand today they cliffs atop rocky overlooking beautiful landscapes and villages quaint,42.172328789985116
243sentences.208,Scr5,past they in the home were to battles plots and intrigue,9.104474516443736
243sentences.209,Scr5,leaving upon the we station train saw our looming hotel above a magnificent castle built on a cliff,43.405861199407966
243sentences.210,Scr5,outside the thick walls an sheltered inner courtyard hundreds of above the feet river,30.070982794814544
243sentences.211,Scr5,rooms had our tower incredible an but slightly scary view,16.111768516564585
243sentences.212,Scr5,climbing after fifty the up feet side of pyramid the the man gestured me into a small black entranceway,36.77777042673382
243sentences.213,Scr5,into the this led at chamber the pyramid's center,7.675391105400159
243sentences.214,Scr5,him down i followed steep the dark narrow passage,18.92568116524486
243sentences.215,Scr5,inside the smell was the pyramid chalky and the air thick was,19.43162573303069
243sentences.216,Scr5,just more than the of tomb the king pyramids represented pride of the the nation,30.141358978384638
243sentences.217,Scr5,that the care builders the pyramid took in their craft evident is,17.72570432389403
243sentences.218,Scr5,covering the stones the were pyramid precisely fitted together and until the polished structure gleamed,22.15709931974431
243sentences.219,Scr5,still architects are working solve to the mysteries of how were constructed pyramids,29.287852179970663
243sentences.220,Scr5,ramps some think were inside built the pyramid's walls to stone blocks raise,12.53020600970404
243sentences.221,Scr5,that others speculate up ramps zigzagged the exterior walls of pyramid the,27.995159215994857
243sentences.222,Scr5,climbing even beginner rock and takes courage strength,9.63389725687325
243sentences.223,Scr5,are climbers who sport learning the can try scrambling on boulders large,23.585642320586835
243sentences.224,Scr5,comfortable once they're with they that can begin using ropes safely climb to vertical rock faces,35.86458614072151
243sentences.225,Scr5,the all of the boys on trip were new to climbing rock,20.825387741287184
243sentences.226,Scr5,of were many heights afraid,2.455147134626216
243sentences.227,Scr5,else having someone knots check their and harnesses helped them down calm,23.784274252691183
243sentences.228,Scr5,set up the adults routes climbing appropriate for beginners,23.700241086399387
243sentences.229,Scr5,particular free-climbing is one rock style of climbing,8.272405825417179
243sentences.230,Scr5,relies the climber solely her on skill and physical strength ascend a to rock face,23.599892188912463
243sentences.231,Scr5,are rope and bolts equipment the only used,10.210650125564943
243sentences.232,Scr5,meant only they are stop to the climber if she falls,23.641391437347174
243sentences.233,Scr5,skied i hesitantly down steep the trail that my buddies me to convinced try,24.05005193973814
243sentences.234,Scr5,a bad i made and turn i found myself tumbling down,22.406551608076363
243sentences.235,Scr5,came i finally to stop a at a flat part the slope of,22.611596250613946
243sentences.236,Scr5,skis my were be to nowhere found and poles my were lodged in a snow drift up the hill,43.942738280587065
243sentences.237,Scr5,strength a major skiers of professional is how they use poles ski,22.573424459739513
243sentences.238,Scr5,of proper use ski improves poles their balance and adds to their flair skiing,16.992556037578854
243sentences.239,Scr5,the it minimizes need upper for body movements to regain balance while lost skiing,20.535737463904756
243sentences.240,Scr5,designs and new ski boots stiffer let skiers turn more quickly,26.975592703710504
243sentences.241,Scr5,and but faster increase tighter turns the twisting force on legs the,21.47226365575707
243sentences.242,Scr5,led this has to injuries more particularly to ligaments in skier's knee the,12.851913777610545
384sentences.0,Scr5,is a an accordion musical portable instrument with two keyboards,25.633423159406888
384sentences.1,Scr5,is used one keyboard individual for notes the other for chords,12.66952964824848
384sentences.2,Scr5,sound with accordions produce that bellows blow air through reeds,22.059546622528067
384sentences.3,Scr5,plays both an accordionist while keyboards opening and closing the bellows,18.96264549407711
384sentences.4,Scr5,is an apartment home a self-contained that is part of building a,22.086013568184452
384sentences.5,Scr5,may an apartment have or one more rooms as well a kitchen as and a bathroom,22.562062009497925
384sentences.6,Scr5,are for some apartments people single others for families,9.131932452750531
384sentences.7,Scr5,can the building have garage a a laundry facility or storage space extra,33.080631295969646
384sentences.8,Scr5,is an apple that a fruit can be green red yellow or,24.044346656207274
384sentences.9,Scr5,thin skin apples have crisp a sweet pulp and seeds inside,26.4795795704589
384sentences.10,Scr5,tart apples some very used are to make cider,28.97476912008748
384sentences.11,Scr5,be eaten apples can roasted raw or baked in pies,24.418990348195827
384sentences.12,Scr5,the criminal arson is of act burning a building or wildland,18.386295943781743
384sentences.13,Scr5,investigation a fire determines a if fire was caused by or arson accident,18.985112566080453
384sentences.14,Scr5,be arson can cause done to damage to others or insurance collect,22.753334468863418
384sentences.15,Scr5,of the the severity depends crime on whether people were harmed,22.3353628553325
384sentences.16,Scr5,or car an automobile a is wheeled vehicle for transporting passengers,38.727717957632244
384sentences.17,Scr5,can be a car by powered a gasoline or electric engine,28.13995718758289
384sentences.18,Scr5,steers the the driver on car roads other passengers just sit,19.03693088149057
384sentences.19,Scr5,in automobiles vary of size number doors and the type trunk of,14.124962094050776
384sentences.20,Scr5,is a the axe used tool to split and cut wood,22.750802715755093
384sentences.21,Scr5,usually consists the axe a of head attached to a handle,20.5123021025572
384sentences.22,Scr5,heads were historically axe of made stone and then metal,10.733225202689166
384sentences.23,Scr5,used by axes are and woodcutters firemen entering buildings,17.12621254100959
384sentences.24,Scr5,is a banana a fruit long that grows in bunchs a soft with edible inside,22.943980135566513
384sentences.25,Scr5,when a banana ripe be can yellow purple or red have small and brown spots,43.76551655810273
384sentences.26,Scr5,producers are the greatest countries tropical such as india or ecuador,23.9498046315916
384sentences.27,Scr5,and unripe bananas staple plantains are foods and often cooked potatoes like,37.50544361416402
384sentences.28,Scr5,bed a is of piece a furniture used a as place to sleep or have sex in,30.947545428025126
384sentences.29,Scr5,is a bed made a of mattress and a box plus sheets spring pillows and covers,20.789997650524246
384sentences.30,Scr5,the in waterbeds mattress filled is with water and in it is airbeds filled with air,32.004159891689085
384sentences.31,Scr5,of another type bed the is hammock a fabric sling above the suspended ground,22.734643746394617
384sentences.32,Scr5,is a bee a insect flying with a black and body and yellow six legs,35.10387779216511
384sentences.33,Scr5,pollen bees spread as between flowers they collect nectar to honey make,17.58506851625041
384sentences.34,Scr5,social bees are insects live and together in a colony in a located hive,28.878882994086133
384sentences.35,Scr5,have stingers many bees can and attack if they feel threatened,27.2487316294015
384sentences.36,Scr5,is a bicycle a with vehicle two wheels and pedals a frame on,26.392965594993733
384sentences.37,Scr5,is a bicycle propelled the by pedalling of a cyclist the saddle on,30.57367140310215
384sentences.38,Scr5,have the wheels with rubber tires an inner tube full air of,33.311512709426644
384sentences.39,Scr5,for people use bicycles and transportation recreation racing,11.117840348759906
384sentences.40,Scr5,creates objects a blacksmith forging by iron or steel,23.934943478154437
384sentences.41,Scr5,hammers a blacksmith and hot bends iron on an anvil change its to shape,24.915992642515842
384sentences.42,Scr5,a thick blacksmiths wears and apron handle the metal with tongs,16.938113300460028
384sentences.43,Scr5,objects like blacksmiths make horse weapons shoes or iron furniture,15.311769037315344
384sentences.44,Scr5,is a blender a appliance kitchen used to mix ingredients puree food or,41.8284812663224
384sentences.45,Scr5,a blenders have glass plastic or container with a rotating in the blade bottom,29.39602794949578
384sentences.46,Scr5,used to blenders are milk make shakes and fruit smoothies,25.078569485258157
384sentences.47,Scr5,also blenders are make used to cold alcoholic drinks with ice crushed,35.36193379298713
384sentences.48,Scr5,is a boy male a young child who has not puberty undergone,31.40424417336663
384sentences.49,Scr5,is used the term indicate to sex distinctions relative to girls,21.897813409504295
384sentences.50,Scr5,like traditionally boys rough to play games and fight with other each,30.870515354344217
384sentences.51,Scr5,male an adult is behaving immaturely often referred to as boy a,37.515993631424976
384sentences.52,Scr5,plant broccoli is a cabbage in the family,14.811708121725545
384sentences.53,Scr5,a green broccoli has head flower and a thick tough stalk,23.75144124426142
384sentences.54,Scr5,high in broccoli is fiber vitamins and other nutrients,17.003942781800166
384sentences.55,Scr5,boiled broccoli can be eaten stir-fried or raw,20.73691991598724
384sentences.56,Scr5,is a a butterfly insect flying with four large wings,22.42453051337931
384sentences.57,Scr5,of butterflies the wings be can very colorful and patterned,19.348558297628657
384sentences.58,Scr5,the transformation metamorphosis is a of caterpillar into a butterfly,18.537148703666848
384sentences.59,Scr5,collect butterflies some people of because their colorful wings,26.247610374828458
384sentences.60,Scr5,is a carpenter or an artist manual laborer who works wood with,34.95794847454422
384sentences.61,Scr5,and repair carpenters build furniture houses boats and other objects,23.333928420435498
384sentences.62,Scr5,tools such carpenters use hammers as saws pliers and planes,14.820303329715022
384sentences.63,Scr5,is a a luthier that carpenter makes and repairs musical instruments,23.490242124802755
384sentences.64,Scr5,small furry cats are with animals four legs and a tail,29.715864706567007
384sentences.65,Scr5,to groom cats like by themselves licking their fur,23.387800601920826
384sentences.66,Scr5,hunt cats can mice birds or but are often fed their owners by,25.279796972630493
384sentences.67,Scr5,of cats the claws retractable are so that they keep sharp,30.1412422606644
384sentences.68,Scr5,is a chair a of piece furniture designed for people sit on to,34.02939575107088
384sentences.69,Scr5,of chairs consist raised a seat above floor level supported legs by,18.094273731705375
384sentences.70,Scr5,also chairs can have and back arm rests as well a cushion as,22.903463830883734
384sentences.71,Scr5,fixed seats are in chairs located vehicles or in places cinemas like,16.552966514040786
384sentences.72,Scr5,a a clarinet is instrument woodwind musical,22.386024943701777
384sentences.73,Scr5,is a clarinet a black long tube with a flare the bottom at,31.825310007250796
384sentences.74,Scr5,chooses notes the player pressing by keys and holes,10.564231205597931
384sentences.75,Scr5,is used the clarinet in both jazz and classical music,23.635587267111042
384sentences.76,Scr5,is a cod a that fish lives in the colder of the areas atlantic,16.655348318767928
384sentences.77,Scr5,is white cod flesh mild-tasting and and flakes easily when cooked,17.775788929170627
384sentences.78,Scr5,is fresh cod used fish for and chips salted cod elaborate dishes for,35.990619702438984
384sentences.79,Scr5,been cod has caught and salted traded since the time the vikings of,19.580629712028333
384sentences.80,Scr5,made coffee is beans from coffee the seeds of the plant coffee,20.82429581985804
384sentences.81,Scr5,a coffee is in popular drink many countries and usually hot served,17.875486371775658
384sentences.82,Scr5,a mild coffee contains called drug caffeine that keeps people awake,22.76662531691528
384sentences.83,Scr5,world's coffee is the agricultural seventh-largest legal export,3.76634368082207
384sentences.84,Scr5,is a a desert environment natural where almost no rain falls,31.26794176039919
384sentences.85,Scr5,are usually hot deserts with filled sand dunes or rocks,37.812979558579315
384sentences.86,Scr5,and plants some animals adapted have to live in deserts,26.49259051754842
384sentences.87,Scr5,hot desert the biggest the is sahara in northern africa,26.5255547037865
384sentences.88,Scr5,is a desk a of piece furniture used for working sometimes with at a computer,31.13515761222929
384sentences.89,Scr5,has a desk a surface flat and can be made wood plastic of or metal,34.9023405123637
384sentences.90,Scr5,may have a desk to drawers store supplies and papers,18.585334542801622
384sentences.91,Scr5,consists a cubicle desk of a surrounded by partitions on sides three,26.123912161654374
384sentences.92,Scr5,is a door a barrier movable to entrance or exit an enclosed from area,30.315578563656015
384sentences.93,Scr5,have most doors control locks to who gets to pass them through,16.963182254165496
384sentences.94,Scr5,are most doors opened pushing by or pulling a handle they are after unlocked,28.070155007257217
384sentences.95,Scr5,of other types slide doors can or consist of a chamber revolving,22.781879612779516
384sentences.96,Scr5,is a a dress of piece clothing that women sometimes wear,17.01757646576018
384sentences.97,Scr5,is a dress shirt like a attached to a long skirt matching,37.814832079168454
384sentences.98,Scr5,is a dress usually at worn formal occasions such as wedding or a a dance,30.182762439640374
384sentences.99,Scr5,be it can hard climb to stairs or ride a in a bike dress,26.915710088486506
384sentences.100,Scr5,is drunk driving of the act driving under the effects alcohol of,29.02218307273013
384sentences.101,Scr5,of drunk driving any is vehicle a crime in most the world of,27.960214631374335
384sentences.102,Scr5,a role it plays almost in half of all vehicle-related deaths,13.704180843194496
384sentences.103,Scr5,are caught drunk drivers field by sobriety and breathing tests,22.67165376649445
384sentences.104,Scr5,is a drought a shortage persistent of the water supply by lack caused of rain,32.194784866959345
384sentences.105,Scr5,cause crops drought will plants and to stop growing and die,18.106650971447575
384sentences.106,Scr5,will eventually extreme drought areas turn into desert and cause famine,26.707314617363032
384sentences.107,Scr5,of people large numbers to have migrate away from dust bowls,33.58021583701297
384sentences.108,Scr5,large eagles are birds prey of that hunt during the and have day very good eyesight,34.39602503167833
384sentences.109,Scr5,hooked eagles have tearing beaks for flesh strong legs and talons sharp,29.547032980351673
384sentences.110,Scr5,in eagles live eyries some and species eat fish and small mammals others,23.81577496005899
384sentences.111,Scr5,bald the eagle bright a has white head is and the national bird of the united states,30.1780780012419
384sentences.112,Scr5,the earthquakes shake can ground and knock down buildings and structures other,27.420762706450546
384sentences.113,Scr5,can also the shaking landslides trigger and volcanic activity,25.65988148360586
384sentences.114,Scr5,are most earthquakes caused the by release of energy in earth's crust the,24.99948292816881
384sentences.115,Scr5,at an earthquake displace sea can the seabed and cause tsunami a,20.719316239692805
384sentences.116,Scr5,the largest elephants are of kind land mammal weighing several tons,35.511507015082515
384sentences.117,Scr5,has an elephant a nose long called a trunk which grab things can or food,24.067375148176765
384sentences.118,Scr5,has the elephant a of pair ivory tusks for moving or digging objects into trees,30.28288022721212
384sentences.119,Scr5,flaps the elephant its ears large to cool the blood them and in its body,21.06595237986176
384sentences.120,Scr5,is the eye an for organ sensing light and coding for the it visual cortex,39.65986339588031
384sentences.121,Scr5,have most animals which complex eyes can detect color motion texture and,15.936733152984418
384sentences.122,Scr5,is the fovea the of center the human eye and most sensitive the part of it,37.080491969449156
384sentences.123,Scr5,compound insects have eyes up made of eye units facing many directions in,19.239610654634795
384sentences.124,Scr5,is a farm land to used grow plants or raise for food animals,32.73724249027488
384sentences.125,Scr5,the farmers are people run who the farm and decide to produce what,25.21179369730514
384sentences.126,Scr5,have farms usually for a house farmers a silo and barn a,16.453052121743532
384sentences.127,Scr5,is a cooperative a where farm many farmers share the and equipment land,24.191224080128347
384sentences.128,Scr5,have four primates usually and fingers a thumb on each hand,13.143284428861838
384sentences.129,Scr5,used for fingers are writing grasping grooming and other activities,16.572915901369083
384sentences.130,Scr5,are sensitive the fingertips temperature to pressure and vibration,9.489094380054011
384sentences.131,Scr5,protects the nail the of tip the finger and can grown or be decorated,21.32667824564615
384sentences.132,Scr5,is a flood an of overflow an expanse of water submerges inhabited that land,32.61161275353572
384sentences.133,Scr5,can flood be heavy by caused rain or snow rapid melt as well as earthquakes at sea,39.96652050201479
384sentences.134,Scr5,flood in a a will river flow out of its or break channel dams and levees,26.204974447244055
384sentences.135,Scr5,flood people during a and evacuate the contaminated water causes diseases,17.973718730934745
384sentences.136,Scr5,is a floor a surface horizontal inside a building used walking on for,18.63162044644194
384sentences.137,Scr5,be floors may bare made of concrete tile linoleum or floorboards wooden,35.926193186928046
384sentences.138,Scr5,put people often carpets a on floor for comfort and dampen noise to,20.580712681886595
384sentences.139,Scr5,the in buildings has floor often pipes and electrical wiring it under,21.56874441330132
384sentences.140,Scr5,is a foot part a body on the end of leg a,22.626636703933208
384sentences.141,Scr5,their feet people use walking when running or standing straight,18.47115079200192
384sentences.142,Scr5,use people also to their feet kick in both fighting sports and,16.460944055632975
384sentences.143,Scr5,have rules many cultures behavior for related to feet,12.995169625803562
384sentences.144,Scr5,is a forest an with area a high density of and canopy trees cover,29.104146405104274
384sentences.145,Scr5,of the type on forest depends temperature and rainfall in location its,21.625561004938934
384sentences.146,Scr5,ecosystem a forest has types various of trees and animals well as as ground plants,27.563150168198035
384sentences.147,Scr5,the cutting deforestation is of down forests disregarding regeneration,5.437865106272467
384sentences.148,Scr5,is a fork a for tool eating solid foods with handle and a several tines,35.753777417772994
384sentences.149,Scr5,usually made forks are metal of or plastic if disposable,13.584794056107622
384sentences.150,Scr5,are forks used food lift to to the or mouth to hold food in place while cutting,25.31299778013249
384sentences.151,Scr5,used forks are in cultures western and there are special for various kinds foods,33.49249214328876
384sentences.152,Scr5,pan a frying is small a pan with sloping sides a handle and,31.174575355961796
384sentences.153,Scr5,pan is a frying to used fry sear and brown food,14.961792554800043
384sentences.154,Scr5,is the food oil cooked on covering the bottom of pan the,18.78610378803681
384sentences.155,Scr5,are made frying pans iron of or teflon-clad steel,25.54388842584714
384sentences.156,Scr5,is a girl human a female who has not yet maturity reached,30.85936369007823
384sentences.157,Scr5,the at puberty body a of girl develops into that a woman of,23.032708295809268
384sentences.158,Scr5,like playing girls often dolls with and social games,18.324673629622545
384sentences.159,Scr5,grow long girls sometimes and hair wear dresses and skirts,24.351339536248553
384sentences.160,Scr5,is a glove a of piece clothing that covers the and fingers hand,24.366122115380108
384sentences.161,Scr5,protect gloves to against are cold made of wool or waterproof material lined,19.591638351307832
384sentences.162,Scr5,or disposable rubber latex are gloves used to shield hands germs or from chemicals,36.294721793767295
384sentences.163,Scr5,is a mitten a of kind glove where the four are covered fingers together,30.441357685310066
384sentences.164,Scr5,is a hammer a used tool to deliver an impact an object to,38.818483411112084
384sentences.165,Scr5,is most a hammer used often to drive nails into wood,28.83459032851867
384sentences.166,Scr5,on the the claw can head be used to remove nails,20.780580792513845
384sentences.167,Scr5,in the hammers vary of shape the head and handle length,17.598366515222445
384sentences.168,Scr5,grenade a hand explosive is an used as a weapon people against,20.867750532249108
384sentences.169,Scr5,are hand grenades timed thrown and to explode a bit that after,21.62098443173124
384sentences.170,Scr5,also be grenades can from fired rifles or shoulder launchers,19.960261632956325
384sentences.171,Scr5,grenades tear gas are into thrown the middle of a to disperse mob it,34.941013369745434
384sentences.172,Scr5,is a horse hoofed a large mammal with four long legs muscular,39.731393749179674
384sentences.173,Scr5,horse a has and tail a a mane its on neck and is usually gray or brown,33.829692113114135
384sentences.174,Scr5,been used horses have draft for work travel and entertainment,15.906837052216659
384sentences.175,Scr5,can a human horse ride a while it walks trots gallops or,18.90949648701197
384sentences.176,Scr5,to people go hospitals be to healed when they are or injured sick,22.6795639280543
384sentences.177,Scr5,staffed by hospitals are physicians professional surgeons and nurses,22.506726757225582
384sentences.178,Scr5,go some patients there specialist for diagnosis or therapy leaving same day the,17.923270131674293
384sentences.179,Scr5,operations for some patients or treatments have to stay for weeks several,32.9687982467613
384sentences.180,Scr5,is a house a building permanent or structure for people families to or live in,25.52981482787436
384sentences.181,Scr5,house a has and roof a walls to out keep cold and rain and windows to let light in,27.0841111100192
384sentences.182,Scr5,can a house for have rooms purposes like sleeping cooking washing or,14.698529895928761
384sentences.183,Scr5,leave most people the to house work and come back night to at eat and sleep,23.03931540980347
384sentences.184,Scr5,is an igloo a of type shelter made from blocks snow by of inuit,25.26540564625963
384sentences.185,Scr5,built igloos are in where places snow covers the land of the most time,35.93777197173913
384sentences.186,Scr5,often igloos are built the in shape of a dome an entrance with tunnel,22.62116690086316
384sentences.187,Scr5,in air pockets the snow insulate space and body heat igloos warms,21.0454834005556
384sentences.188,Scr5,is a knife a with tool a sharp edge that used to is cut things,34.461266526011926
384sentences.189,Scr5,consist modern knives of handle a and a blade usually of metal made,9.321088966078692
384sentences.190,Scr5,also been knives have as used weapons and instruments in rituals,17.721835533524306
384sentences.191,Scr5,can a knife to be used attack by slashing stabbing throwing or,21.401665821472697
384sentences.192,Scr5,the seeds lentils are a of plant of the legume family,20.392928902031322
384sentences.193,Scr5,be red lentils can brown green black or yellow,16.0042728715621
384sentences.194,Scr5,commonly used lentils are indian in and mediterranean cuisines,18.14176671555441
384sentences.195,Scr5,cooked lentils are and by boiling are a great source protein of,31.06316982427883
384sentences.196,Scr5,a lettuce is biennial often plant grown in temperate climates a leaf as vegetable,29.42438346499258
384sentences.197,Scr5,be lettuce can eaten and cold raw in salads and dishes or other cooked,22.209583999567474
384sentences.198,Scr5,considered lettuce is fairly to easy grow and a suitable for beginners crop,25.50067832319801
384sentences.199,Scr5,leaves most lettuce taste but bitter some are bred to the bitterness remove,18.43019422847194
384sentences.200,Scr5,is a library a where place a collection of books and media documents is kept,32.25987280212399
384sentences.201,Scr5,at librarians work are libraries and experts at finding and information organizing,23.71687571907151
384sentences.202,Scr5,go people can to libraries public and borrow books to home for take several weeks,35.52143974075575
384sentences.203,Scr5,support scholarly academic libraries and research have specialized books,26.057786273076342
384sentences.204,Scr5,cabin is a log small a house built from round logs,27.084903469574236
384sentences.205,Scr5,is log cabin of a symbol american frontier life and origins humble,34.69107928942854
384sentences.206,Scr5,were used log cabins first as shelters by european settlers,26.032852431379396
384sentences.207,Scr5,were log cabins logs built using with notch joints at ends the,24.145264759495355
384sentences.208,Scr5,a a man is adult male human,18.335453358196762
384sentences.209,Scr5,becomes a a boy after man passing through puberty,20.02586984578189
384sentences.210,Scr5,with manhood is associated virility masculinity and,11.009833012228142
384sentences.211,Scr5,from women men differ height in weight and body structure,14.108260668259785
384sentences.212,Scr5,a milk is white produced liquid by female mammals to their young feed,17.05396524103591
384sentences.213,Scr5,must newborn animals milk be fed before they can eat food solid,33.867884040889074
384sentences.214,Scr5,such as dairy products and cheese butter are made from milk,34.30504145677541
384sentences.215,Scr5,from soybeans liquid produced coconuts and is sometimes called milk,22.156499047870586
384sentences.216,Scr5,thin small mosquitos are insects flying that emit a high-pitched sound,23.245292069485107
384sentences.217,Scr5,mouthparts for mosquitoes have the piercing skin of plants and animals,17.540485182646247
384sentences.218,Scr5,bite female mosquitoes animals people and and suck their blood protein for,18.665098465321876
384sentences.219,Scr5,can spread mosquito bites fever yellow malaria and other parasite diseases,36.15907605194725
384sentences.220,Scr5,is a a mountain that landform rises steeply above surrounding land,29.044228044858798
384sentences.221,Scr5,higher mountains rise and than hills sometimes have snow at top the,19.470656233091137
384sentences.222,Scr5,of mountains a range due forms to tectonic plate collision,19.71841634637779
384sentences.223,Scr5,people who mountaineers are or climb hike up mountains,20.19056704902597
384sentences.224,Scr5,is the mouth the cavity face we put food in we eat when,20.227389876732907
384sentences.225,Scr5,has the mouth chew teeth to food and mix it saliva with,18.650283265426594
384sentences.226,Scr5,is also the mouth for used kissing and talking,14.446059501842777
384sentences.227,Scr5,are controlled speech sounds tongue by placement in the mouth,20.13297522358452
384sentences.228,Scr5,is a mug a cup sturdy with a handle for hot liquids drinking,33.83338873373902
384sentences.229,Scr5,is a mug normally but ceramic can also be made metal or of glass,24.82512508990347
384sentences.230,Scr5,is a mug has thick and a ring base for insulation thermal,30.708290781485747
384sentences.231,Scr5,be mugs can have plain or drawings imprinted or carved them on,13.488308489417438
384sentences.232,Scr5,the unlawful murder is of killing another human being with intent,22.149190495446522
384sentences.233,Scr5,serious murder a it crime because deprives the victim of existence their,19.93221600720679
384sentences.234,Scr5,self-defense accidentally killing in in or war is not considered murder,20.6557479767875
384sentences.235,Scr5,murderer a convicted is given often a life sentence or death penalty the,34.23323240491844
384sentences.236,Scr5,is orange juice made a drink from the liquid in pulp orange,35.62528821632801
384sentences.237,Scr5,has orange juice a acid sweet taste and contains a of vitamin lot c,30.732490123698096
384sentences.238,Scr5,orange juice freshly squeezed contains often pulp as well,40.08615386564207
384sentences.239,Scr5,is often orange juice at drunk breakfast from a glass,24.58966583394824
384sentences.240,Scr5,is a parrot that a bird lives in warm and regions tropical,31.055081575971606
384sentences.241,Scr5,brightly-colored feathers parrots have a and sharp curved beak,27.60742491512691
384sentences.242,Scr5,imitate the parrots can voice human if they hear it repeatedly,22.188968212199814
384sentences.243,Scr5,abilities their appearance and popular makes them pets,16.472382850770124
384sentences.244,Scr5,is an a peach fruit orange-yellow with a characteristic smell,21.094339284990745
384sentences.245,Scr5,of the skin a is peach thin and covered in fine hairs small,27.178972265569104
384sentences.246,Scr5,a large peaches have stone red-brown inside which contains the seed,16.355645016796625
384sentences.247,Scr5,sweet and peaches are and delicate must be harvested after ripening,29.88233701383565
384sentences.248,Scr5,is the piano a musical popular instrument played by means a keyboard of,34.39438111157371
384sentences.249,Scr5,piano pressing a key a causes felt-tipped hammer to hit vibrating steel a string,26.234396456824573
384sentences.250,Scr5,has the piano an note enormous range and pedals to the sound change quality,17.514861667018945
384sentences.251,Scr5,repertoire the piano and is large famous pianists can give concerts solo,32.72525886020629
384sentences.252,Scr5,small ferocious piranhas are that fish live in south american rivers,21.713045028452246
384sentences.253,Scr5,and piranhas live attack schools in and are most active the day during,20.753535417788914
384sentences.254,Scr5,very sharp piranhas have and teeth are opportunistic carnivores,23.125506613425344
384sentences.255,Scr5,insects piranhas eat fish and lizards mammals carrion,17.55090104498211
384sentences.256,Scr5,is the raspberry that a fruit grows in forest clearings fields or,23.32729645919186
384sentences.257,Scr5,raspberry consists a single many of small fruits joined together,20.096819874681255
384sentences.258,Scr5,eaten by raspberries are or themselves cooked with sugar into jam,19.190665497153887
384sentences.259,Scr5,the leaves of used raspberry are fresh or dried in teas herbal,26.92324404657459
384sentences.260,Scr5,is a raven black a large bird that thrives in climates many,36.85193395933279
384sentences.261,Scr5,on carrion ravens feed berries insects or small animals,30.614579083497688
384sentences.262,Scr5,large brains ravens have are and capable of problem solving,23.749828361951565
384sentences.263,Scr5,ravens are in folklore of birds ill-omen and also tricksters,13.21306005667516
384sentences.264,Scr5,is a refrigerator device a cooling used to contain and food preserve,21.9059929518085
384sentences.265,Scr5,can have some refrigerators small a compartment at freezing temperature,29.3283796721219
384sentences.266,Scr5,can a refrigerator have and shelves small compartments for different of food types,19.599718265278426
384sentences.267,Scr5,is a refrigerator generally and white people often put magnets its surface on,22.166843772607315
384sentences.268,Scr5,rifle a is that firearm a rests on shoulder the and has a barrel with twisting grooves,36.87976024091638
384sentences.269,Scr5,make the grooves the spin bullets around the rifle axis they fly as through the air,23.78457949543747
384sentences.270,Scr5,used in rifles are and hunting shooting sports sometimes with scopes,17.040650004545984
384sentences.271,Scr5,can assault rifles bursts fire in and are the standard weapon infantry,27.03505732136768
384sentences.272,Scr5,a salmon is fish migrates that from fresh water to ocean and the back to spawn,32.60863249916326
384sentences.273,Scr5,is salmon flesh orange red or and has high protein and a content nice taste,29.396674245996454
384sentences.274,Scr5,be salmon can eaten in raw sushi or cooked by poaching or grilling in other ways,30.462697142730235
384sentences.275,Scr5,the salmon is most farmed common fish though it can be caught also in the wild,28.330118448738272
384sentences.276,Scr5,saw a is that tool a uses a blade hard or abrasive wire to cut hard materials,32.320044760674115
384sentences.277,Scr5,sharp the small points the along cutting side of the are called saw the teeth,23.01577801987637
384sentences.278,Scr5,be saws can worked hand by or powered by an motor or electric gas engine,27.35023592548432
384sentences.279,Scr5,used extensively saws are forestry in construction carpentry and medicine,25.903582580744654
384sentences.280,Scr5,studies and a scientist new produces knowledge about the physical world,21.796482669263924
384sentences.281,Scr5,creates hypotheses a scientist does and experiments to test them,12.956445645357924
384sentences.282,Scr5,and biology physics chemistry classic are examples of sciences,17.94184656177817
384sentences.283,Scr5,research scientists publish their and in journals conferences,15.724401595776229
384sentences.284,Scr5,two-bladed scissors are a for instrument used cutting,15.17879026142365
384sentences.285,Scr5,are usually the blades with metallic plastic or metal handles,25.922761435416355
384sentences.286,Scr5,the depending on size format and scissors can cut paper or fabric hair,24.479738081464603
384sentences.287,Scr5,large shears are for scissors used cutting shrubs or pieces metal of,22.697947247489537
384sentences.288,Scr5,is a screwdriver for a tool inserting and tightening screws something into,32.49803395169795
384sentences.289,Scr5,also screwdrivers can to be used remove screws after they inserted are,22.59369681953679
384sentences.290,Scr5,tip applies the screwdriver torque the from rotating the handle,22.162605931527082
384sentences.291,Scr5,major types the two screwdrivers of are phillips and flathead,16.581818167440968
384sentences.292,Scr5,is a a shark fish large with a cartilage skeleton,22.091046768410074
384sentences.293,Scr5,streamlined bodies sharks have a with large dorsal fin,33.10035547895909
384sentences.294,Scr5,predate on most sharks and fish mammals with powerful jaws,16.162185451418562
384sentences.295,Scr5,very keen sharks have and senses can detect electrical fields,26.435960987818948
384sentences.296,Scr5,is a ship vehicle a large that floats and travels water on,23.42975948282917
384sentences.297,Scr5,can a ship be in powered the ocean by sails or diesel steam engines,23.27055478898594
384sentences.298,Scr5,used ships are to in fish the ocean and to cargo containers transport,25.727837080348465
384sentences.299,Scr5,are floating cruise ships that hotels take people between cities,19.7175664700849
384sentences.300,Scr5,is a shoe clothing the for foot with a sole outsole and an a heel,15.779306904736798
384sentences.301,Scr5,usually made shoes are leather of canvas rubber or plastic,21.34867204638106
384sentences.302,Scr5,often women's shoes have heels high and come in many and colors styles,17.969365684215816
384sentences.303,Scr5,is a a sneaker for shoe sports and athletic activity,22.453191416815727
384sentences.304,Scr5,is a soldier a of member the national armed forces fights on who land,33.872877467586974
384sentences.305,Scr5,in the a soldier must militia wear a uniform usually camouflage,15.892590884781551
384sentences.306,Scr5,volunteer in a army soldier a is paid for his her work or,22.835702947126485
384sentences.307,Scr5,fights using a soldier such weapons as rifles and grenades,19.334906350491625
384sentences.308,Scr5,weapons spears are that of consist a pole and sharpened at one head end,22.397111702097277
384sentences.309,Scr5,the spears were personal most common weapon before the advent firearms of,23.317463098515255
384sentences.310,Scr5,used for spears were or stabbing throwing when fighting in war,17.479796825148266
384sentences.311,Scr5,people still some native the use spear for hunting and fishing,17.55415334558419
384sentences.312,Scr5,insects with spiders are legs eight that make silk,16.28983269616238
384sentences.313,Scr5,webs with spiders build and silk use them to catch insects,29.175494092375736
384sentences.314,Scr5,venomous fangs spiders use paralyse to their stuck prey,20.96807283720199
384sentences.315,Scr5,be spiders can as as small a coin or as as a big bird,25.07737984535911
384sentences.316,Scr5,low spongy swamps are subject land to frequent inundation,21.164043392563798
384sentences.317,Scr5,is covered a swamp shallow with water mud and vegetation,21.137102560119402
384sentences.318,Scr5,nesting and swamps are grounds breeding for birds and reptiles,29.162780306555483
384sentences.319,Scr5,drain swamps farmers often produce to fertile arable land,36.51949663055452
384sentences.320,Scr5,is a sweater garment a heavy worn on the torso warmth for,22.649163982478818
384sentences.321,Scr5,often knitted sweaters are wool from but cotton is also common,25.9381437013376
384sentences.322,Scr5,that opens a sweater the down front is called a cardigan,19.126311131350803
384sentences.323,Scr5,in sweaters differ and cut collar sleeve shape as well decoration as,19.569255494382876
384sentences.324,Scr5,is a table a of piece furniture with a flat and legs surface,27.49638355957233
384sentences.325,Scr5,usually chairs there are a around table for people to sit,14.408198068750604
384sentences.326,Scr5,cutlery people set plates food and on a table to a meal eat together,18.180072540727917
384sentences.327,Scr5,also used tables are surfaces as to work or write on,22.374653047109245
384sentences.328,Scr5,is a television with an appliance a screen that displays images moving,26.77636285694235
384sentences.329,Scr5,mostly used televisions are watching for programs or films,18.72274000053648
384sentences.330,Scr5,used they are videogames to play when connected to a console game,28.57962486999459
384sentences.331,Scr5,can be television content or broadcast received via cable or internet,28.40245007360594
384sentences.332,Scr5,the taking theft is person's of property without their consent,14.596275291292633
384sentences.333,Scr5,to own thieves steal or something to sell it to receivers,26.05873486772146
384sentences.334,Scr5,a theft is can crime and be punishable with jail fines or,20.280474448651194
384sentences.335,Scr5,is theft industrial espionage ideas of and intellectual property,26.05684636436943
384sentences.336,Scr5,is a toaster appliance a kitchen for toasting bread using elements heating,28.79572409267509
384sentences.337,Scr5,toast pop-up toasters the placed bread in a slot and it once eject done,21.1712287330578
384sentences.338,Scr5,have toaster ovens a on door the side a tray and temperature within control,33.2778409011492
384sentences.339,Scr5,bread they allow cooked to be with toppings like garlic cheese or,23.181754309954663
384sentences.340,Scr5,is the tomato a and shiny smooth red fruit with savory taste a,33.99162299967007
384sentences.341,Scr5,softens a tomato and color changes from green to red it gets as more ripe,18.448225578493403
384sentences.342,Scr5,be tomatoes can used make to salads soup or ketchup well as as sauce,21.05719575721398
384sentences.343,Scr5,many varieties there are tomato of with different sizes and tastes,28.36771537573233
384sentences.344,Scr5,is a train a series connected of cars that moves stations on between a track,25.282595572595856
384sentences.345,Scr5,is the train a pulled by locomotive powered by diesel electricity or,27.611203094979032
384sentences.346,Scr5,train a freight of transports containers goods or fuel over distances long,25.11447409992089
384sentences.347,Scr5,transport people commuter trains suburbs between and stations inside a city,20.781722432478656
384sentences.348,Scr5,station a train is place a where passengers get on off a or train,19.9352176337741
384sentences.349,Scr5,have counters train stations machines or for purchasing tickets,20.46085609693185
384sentences.350,Scr5,waiting rooms there are places and to eat in a station,23.267626392866955
384sentences.351,Scr5,cargo passengers or from trains enter a platform next to line the,18.41990450598675
384sentences.352,Scr5,cyclone is a tropical storm a formed over warm tropical sea,34.09123408519099
384sentences.353,Scr5,produce very cyclones can winds powerful and torrential rain,25.26725579654454
384sentences.354,Scr5,can also tropical cyclone high cause waves and coastal flooding,33.67662228102702
384sentences.355,Scr5,cyclone can a tropical inland move and seriously damage property,28.014253488283124
384sentences.356,Scr5,is the violin an with instrument four strings that is with a played bow,21.50485958949847
384sentences.357,Scr5,the smallest violin is highest and pitched instrument in its family,19.39703359224488
384sentences.358,Scr5,holds the a violinist between instrument the chin and the collarbone,13.952508320360232
384sentences.359,Scr5,are different notes made fingering by the neck with one while bowing hand,21.078755388689586
384sentences.360,Scr5,scavenging vultures are mostly birds feeding on the carcasses of animals dead,43.83104199192017
384sentences.361,Scr5,have a many vultures head bald without feathers for losing heat,22.70201322972428
384sentences.362,Scr5,their large vultures use to wings soar for miles without flapping,17.115209020532507
384sentences.363,Scr5,attack vultures seldom but healthy animals may kill the wounded sick or,21.932266844871098
384sentences.364,Scr5,is a wall a structure solid that defines and sometimes an area protects,23.78604065896319
384sentences.365,Scr5,a walls delineate building the support roof and divide the into rooms space,18.72410396838137
384sentences.366,Scr5,usually walls are made stone of brick or cement as as drywall well,18.595256935390964
384sentences.367,Scr5,provide retaining walls to a barrier movement of earth stone water or,18.86471657075591
384sentences.368,Scr5,the water is most liquid common on earth covering 70% its area of,19.160649127335112
384sentences.369,Scr5,and people plants animals drink must water in order to live,21.063324100031704
384sentences.370,Scr5,at a water freezes temperature low and becomes solid ice,29.510745749859076
384sentences.371,Scr5,water rain is that from falls clouds in the sky are condensed which vapor,24.151811445539824
384sentences.372,Scr5,is a whale large a very mammal that lives in ocean the,26.321324108337766
384sentences.373,Scr5,through blowholes whales breathe their on heads when surfacing,19.065440024180464
384sentences.374,Scr5,in the blubber a serves whale as an energy reservoir as insulation and,20.799658380026976
384sentences.375,Scr5,been hunted whales have meat for whale oil and ambergris,33.28226811970556
384sentences.376,Scr5,is a window a opening transparent in a wall to light through let,16.81090802454507
384sentences.377,Scr5,window a typical is of made sheets of glass held place by in frames,18.73117282689352
384sentences.378,Scr5,a window when open also will let air and sound through,16.18205034879783
384sentences.379,Scr5,have multiple some windows to panes increase insulation inside,9.250948246004072
384sentences.380,Scr5,a a woman is adult female human,17.427322861226326
384sentences.381,Scr5,stereotypically a woman is a seen as caregiver,16.51826567205903
384sentences.382,Scr5,become a woman can bear pregnant and children,16.49724057678702
384sentences.383,Scr5,has different a woman organs reproductive than a man,24.423810469327794