243sentences.0,lowPMI_random,encourages the beekeeping of habitats conservation local,9.68920338208366
243sentences.1,lowPMI_random,in that pollen to is plants every beekeeper's conserve produce interest it local,5.988278442215555
243sentences.2,lowPMI_random,agriculture cleared as not crops make a that of vegetation for form passive does be native way it to require,16.966698299862966
243sentences.3,lowPMI_random,kill the beekeepers discourage pesticides of use could also on honeybees crops they the because,17.577067820668393
243sentences.4,lowPMI_random,worth the artisanal go their for extremes is beekeepers craft effort but product to their,7.017574849824139
243sentences.5,lowPMI_random,quantity over consistency honey-making emphasizes and and character quality artisanal,13.93407103445074
243sentences.6,lowPMI_random,the beekeepers their finest of honeybees to produce become honey micromanagers,13.200006869301419
243sentences.7,lowPMI_random,when and scout the know ways extract fields the flows to best they nectar honey select,16.718370740678274
243sentences.8,lowPMI_random,hum the as 40000 the air the hive fills beekeeper opens bees of the deep,24.49762074016949
243sentences.9,lowPMI_random,supplies beekeeper the stores nursery pollen and checks honey the bee,12.600768778668314
243sentences.10,lowPMI_random,they're arms they bare bees hands but crawl his don't sting across and because gentle,1.703074182536034
243sentences.11,lowPMI_random,i'm exams about recurring a though even i in longer have college dream no,20.50755376420736
243sentences.12,lowPMI_random,to my day i've of the and i final it's gone in my class dream exam never suddenly realize,15.952113043467833
243sentences.13,lowPMI_random,of assignments any even i've done reading the never,5.20325417337437
243sentences.14,lowPMI_random,other i who nightmare many same know the have people,2.9073763450666976
243sentences.15,lowPMI_random,night study write morning their the experience the in participants to from dream each had previous down,10.881204435743317
243sentences.16,lowPMI_random,any intensity they dream recalled recorded if its each and emotional described and they dreams,8.448650103733065
243sentences.17,lowPMI_random,a such a each dream a assigned category participants bad nightmare dream as or flying then to dream a,32.35485774085502
243sentences.18,lowPMI_random,our awake we as sleep night while we active are are as when every minds,16.32542117915285
243sentences.19,lowPMI_random,we throughout cycles in night dream ninety minutes each the about of,18.1777184427229
243sentences.20,lowPMI_random,fill feelings images can and strange our of characters dreams places combinations stories and,11.053349898130715
243sentences.21,lowPMI_random,bad i when start to went to playing worse from decided cards things,12.708120889263592
243sentences.22,lowPMI_random,close i and already to something it to i had had do gambling was spent $10000 doing,9.863001877034383
243sentences.23,lowPMI_random,of friends sick watching savings gamble my away were me my,7.207075887420929
243sentences.24,lowPMI_random,have horror a hardest after the money did was part leaving i losing the of not casino,11.032770762538533
243sentences.25,lowPMI_random,of by to good gambling data come social and hard on the are legalized economic effects,16.97195695513593
243sentences.26,lowPMI_random,likely some indicate casino a having studies gambling problems more that makes nearby,17.720106200546965
243sentences.27,lowPMI_random,also with marriage be and problems gambling may personal associated bankruptcies,8.305109058328023
243sentences.28,lowPMI_random,past of gambling been the expansion generation there a legalized has over dramatic,8.814087865914102
243sentences.29,lowPMI_random,most well states instituted casinos lotteries and as have have many,6.403450851872102
243sentences.30,lowPMI_random,has controversial business gambling very but become big,7.669522089015542
243sentences.31,lowPMI_random,a wind the in kitchen house hurricane shattering the shook from the the window,16.313678678986157
243sentences.32,lowPMI_random,the slammed some surrendered the door grabbed food we ran the in and hurricane kitchen to,14.732645606373122
243sentences.33,lowPMI_random,be was from house foundation would ripped afraid our i its,1.9217189793026361
243sentences.34,lowPMI_random,huddled that house the fell we wind with the later asleep the night shaking on sofa,13.652663153896176
243sentences.35,lowPMI_random,houses limbs can hurricanes their off foundations off trees suck of tear and,10.527302976525785
243sentences.36,lowPMI_random,floods trigger mudslides dump heavy and that can rains they,9.984739107022062
243sentences.37,lowPMI_random,wall land lurches hurricanes ocean can onto a storm that also bring water of surge a,23.10199522021617
243sentences.38,lowPMI_random,scientists hurricanes use methods of to look ancient several evidence for,13.632176904394086
243sentences.39,lowPMI_random,coastal of lakes the deposited bottoms of windblown storms at strongest beach sand layers the,25.706082249721792
243sentences.40,lowPMI_random,trees drenched passing their of each rings in preserve a hurricanes record storm growth by,14.071715102250279
243sentences.41,lowPMI_random,different ice the have preferences world exported but american around cream is different countries,12.782371170631254
243sentences.42,lowPMI_random,their cream people many delicacies flavored enjoy with local ice,18.090869079810066
243sentences.43,lowPMI_random,with and ice places is cream mangos some tropical topped vanilla fresh bananas in,18.455211902873913
243sentences.44,lowPMI_random,a ice making child home as remember cream at i,4.117599504790233
243sentences.45,lowPMI_random,turning tub poured to cream it a to the mixture then into expose cold we crank the frozen start the,10.50906379880821
243sentences.46,lowPMI_random,froze crank more couldn't it hand enough that turn any i eventually the,2.386752329019777
243sentences.47,lowPMI_random,freezer i then the the container to half-frozen ice harden into of put cream,11.677329065354005
243sentences.48,lowPMI_random,cream mixture a up of cream and milk flavorings to sugar is whipped-in or ice air half,27.663618789160505
243sentences.49,lowPMI_random,silky the in is cream and butterfat it smooth and milk makes what,21.482247274684106
243sentences.50,lowPMI_random,high-priced cream is premium with butterfat flavorings natural loaded ice and,17.957637342734138
243sentences.51,lowPMI_random,hurt lawn chair riding when the i the my makes use mower uncomfortable back,20.999454628045726
243sentences.52,lowPMI_random,in machine to levers i of control me two the the use front,9.798480740735243
243sentences.53,lowPMI_random,lawn grass each the the precisely blade sever underneath of blades sharp mower,26.681792374443862
243sentences.54,lowPMI_random,has is the mowing me a patience taught task it long lawn and,9.321909489324149
243sentences.55,lowPMI_random,blades height an a cut lawn even a machine to mower is grass that with revolving,14.881091365254274
243sentences.56,lowPMI_random,machine have by be or muscle motor blades may the powered a may the,7.029002332396305
243sentences.57,lowPMI_random,for engine a source the mowers small is power gas common most lawn,16.9286711387512
243sentences.58,lowPMI_random,create do environment emissions not the lawnmowers they for better electric are because,2.4372199776872105
243sentences.59,lowPMI_random,they less maintenance also are less run to and need expensive,12.959250189834215
243sentences.60,lowPMI_random,electric use as lawn electricity as toaster ordinary much mowers an,7.7480294542549615
243sentences.61,lowPMI_random,astronauts for long time spacewalks train their a,11.278998877206513
243sentences.62,lowPMI_random,conducted much underwater of training is their,4.214939344613942
243sentences.63,lowPMI_random,in in 10 will hours to for every the 8 floating they may space spend pool spend hour they,9.675451222461595
243sentences.64,lowPMI_random,practice construction repair station outside be of perform able space to on to and work the the astronauts,13.905935872819875
243sentences.65,lowPMI_random,and of shuttle as are commanders have always many test pilots flights backgrounds the pilots military,20.917794751198777
243sentences.66,lowPMI_random,space can and are as run trained in doctors experiments scientists engineers astronauts other who,9.84849584498198
243sentences.67,lowPMI_random,early crews all much now diverse young more but are astronauts men were,10.075470456563131
243sentences.68,lowPMI_random,shuttle out exterior floated the to team astronauts the of of together the space,8.900086939545979
243sentences.69,lowPMI_random,repair telescope on to they broken the part needed huge tools carried the,4.328101066815811
243sentences.70,lowPMI_random,place while into replacement one other astronaut part bolts on the loosened the fitted the the pipe,13.368165110998502
243sentences.71,lowPMI_random,artists computers been for art in have time by experimental used long a,8.628633240254315
243sentences.72,lowPMI_random,affordable computer that have more the art are computers widespread mainstream entered now and world graphics,23.536813553835263
243sentences.73,lowPMI_random,have latest showcase conferences art some computer that science the exhibitions graphics technology,8.631288889212112
243sentences.74,lowPMI_random,bridging the devoted have up brand cultures that two conferences are new to sprung,13.393483568009302
243sentences.75,lowPMI_random,surgical the graphics doctors with works and computer to procedures visualize conditions specialist medical,17.855268022135444
243sentences.76,lowPMI_random,a uses she to animation structures patient's help body within digital doctors understand,8.30623796653838
243sentences.77,lowPMI_random,x-rays seeing a structures much is squinting animation than on in internal at the an clearer screen,8.897597577790883
243sentences.78,lowPMI_random,powerful education a animation modern is for tool digital,6.681756422910358
243sentences.79,lowPMI_random,graphics students of if computer the field actually ask we help must graphics as broadens,17.151826088763713
243sentences.80,lowPMI_random,imagery the research be does classroom vivid and in suggest that effective can engaging digital,11.126981366129442
243sentences.81,lowPMI_random,he place cliche school reason first came to in was law the the,11.896652018429613
243sentences.82,lowPMI_random,wanted the better he change for to things,3.7241695680842675
243sentences.83,lowPMI_random,director one he at the and law program evening recalled he all-nighter when an school pulled had,15.266931045093816
243sentences.84,lowPMI_random,at families petition drafting finally they sunrise several finished for evicted a,7.577544195085121
243sentences.85,lowPMI_random,education the cost gone relentlessly of decades legal over the past four up has,15.40667065889564
243sentences.86,lowPMI_random,school since 1970s a law four tuition increased factor the by private of,12.352912016428387
243sentences.87,lowPMI_random,crash law new to the and market admission could lawyers for school for eventually,14.739274272867345
243sentences.88,lowPMI_random,experience school actually have law minimal in faculty often law practicing,14.732890978968506
243sentences.89,lowPMI_random,writing review focus professors journals articles on for prestigious law,11.429023755700225
243sentences.90,lowPMI_random,feudal with the like property on emphasize theoretical law schools classes often topics england law in,13.892930977239391
243sentences.91,lowPMI_random,pharmacists care are in increasingly preventive involved,4.197050652251656
243sentences.92,lowPMI_random,they are front-line to often health pharmacies because go people advisers becoming,9.248026369638588
243sentences.93,lowPMI_random,often source public a about health pharmacists are of good information,9.403446320846403
243sentences.94,lowPMI_random,drug consult doctors interactions because pharmacists about with they and effects know a side lot,12.284180483744564
243sentences.95,lowPMI_random,safe dispense pharmacists the drugs to of medications and use offer prescription advice about patients,20.877379029271285
243sentences.96,lowPMI_random,health wellness also they vaccines screenings conduct and provide and,13.35103548060102
243sentences.97,lowPMI_random,in to and professional two pass licensed must have exams degrees be order pharmacists,9.293470214135807
243sentences.98,lowPMI_random,a me profession i chose much pharmacy chose i think as the as pharmacist to be,11.784079267536615
243sentences.99,lowPMI_random,as was i the by in a neatly child pharmacies fascinated arranged bottles,9.114974098453109
243sentences.100,lowPMI_random,impact but cliche on i know have love i lives that it's my the i patients of,6.643237521426941
243sentences.101,lowPMI_random,stressful potentially her his person each situations response has own to or,17.516929836116624
243sentences.102,lowPMI_random,working person one find be devastated fulltime unemployment while stressful may by may another,13.13981065348121
243sentences.103,lowPMI_random,in being are everyday traffic stuck like stresses there,8.928460416941993
243sentences.104,lowPMI_random,such child loss stresses there divorce of or traumatic a also are as,13.547599298895745
243sentences.105,lowPMI_random,can adapt people of different stress to some levels,14.242640670158593
243sentences.106,lowPMI_random,real toll take with though if health stress on dealt can not a effectively,13.802797097314192
243sentences.107,lowPMI_random,your remember will reaction beneficial harmful it's that determines be it or stress to if that,22.644529389779684
243sentences.108,lowPMI_random,felt my stressed downsizing worried i incredibly company was when and,5.236023613933801
243sentences.109,lowPMI_random,even heart reason dizzy times and for i my no would race at felt,4.870669422583628
243sentences.110,lowPMI_random,stress to started yoga my i to manage level taking try then,19.111950559721556
243sentences.111,lowPMI_random,with satin man a the jet wore tuxedo stripes black,22.62045532834227
243sentences.112,lowPMI_random,rich was with fabric latest in the style made cut it,10.572237486141423
243sentences.113,lowPMI_random,clearly perfectly he it the tailored as man had fit it,6.857688058623356
243sentences.114,lowPMI_random,it looked something a have picked event for professional stylist a would out formal like,19.584553319670263
243sentences.115,lowPMI_random,attire personal grooms tuxedo still statements is wedding preferred in are today's the while making,11.251363411455959
243sentences.116,lowPMI_random,for of are the fashion jackets cutting wedding men on edge shorter,7.391265149715389
243sentences.117,lowPMI_random,shirts jazzing are grooms satin up ties and tuxedos colorful their also with,14.268529225017845
243sentences.118,lowPMI_random,silk tuxedo a a is lapels dinner black with jacket tailless jacket,35.08746268521914
243sentences.119,lowPMI_random,tuxedo match trousers be the tie a to jacket should perfect black,5.922176778379616
243sentences.120,lowPMI_random,lapels be jacket should and the should the black white always match plain shirt be tie and the,12.01207312631739
243sentences.121,lowPMI_random,in adulthood blind went the concert pianist,20.22075588676125
243sentences.122,lowPMI_random,eyes her was genetic a by blindness slowly damaged the caused that condition,18.554273196497697
243sentences.123,lowPMI_random,a to blind that told she pianist an interviewers was advantage being,10.133809232390027
243sentences.124,lowPMI_random,music so more distractions she could had visual on fully no she concentrate her,10.519264366633951
243sentences.125,lowPMI_random,as activities the blindness vision the government for defines ordinary insufficient of life,11.558167442841722
243sentences.126,lowPMI_random,can resources establishing by the the be blindness of on parameters legally blind focused legal,19.285003211455845
243sentences.127,lowPMI_random,but problems may this meet overlook who vision who not those the standard do have,9.105277312677954
243sentences.128,lowPMI_random,deficiencies infectious usually countries in disease blindness nutritional children and caused is developing in by,20.509819364533197
243sentences.129,lowPMI_random,by causes and be supplements prevented medicine can often these vitamin,7.97184164500265
243sentences.130,lowPMI_random,countries more genetic blindness is developed be by to likely in caused problems,19.993038904620512
243sentences.131,lowPMI_random,to your no really a how exactly mouth one taste brain gets your knows from,17.794746853501547
243sentences.132,lowPMI_random,of bud scientists touches think cell begins when taste the process a food a molecule,15.625198874724962
243sentences.133,lowPMI_random,the taste carries taste beneath cell message nerves cell a to the,9.295356245015936
243sentences.134,lowPMI_random,one believed tastes bud taste four the once that was of to responded basic each it,17.75499398949303
243sentences.135,lowPMI_random,eating the the respond would tip of if is taste tongue you on that bud were only a something sweet,20.198055143906622
243sentences.136,lowPMI_random,all can bud sensitive single think tastes of that a be taste scientists now to the basic,14.813545218929542
243sentences.137,lowPMI_random,flavors very i sense to isn't foods very taste of so with eat my good strong tend,12.32208915165581
243sentences.138,lowPMI_random,bitter cream i it's my hot i lots and sauce no like very coffee with of drink so,10.702940383827226
243sentences.139,lowPMI_random,extra well make sweetness i when i can't taste cookies i even so add sugar,12.078727505991404
243sentences.140,lowPMI_random,fractures real for problem aging are a hip individuals,6.674709753391169
243sentences.141,lowPMI_random,process of patients faced of pain the difficult are the healing break the with and,17.054696749856216
243sentences.142,lowPMI_random,adjust the have families independence patient's to loss of to,9.750428462942141
243sentences.143,lowPMI_random,involve hospital time fractures and expense in and hip the society for substantial,11.303038140989642
243sentences.144,lowPMI_random,snapping through halfway i race like their heard fingers someone the a sound,13.494858409940688
243sentences.145,lowPMI_random,foot felt i and crunch that was i broken my a knew instantly,12.41972347388564
243sentences.146,lowPMI_random,on every running spikes felt step like,5.67474337255679
243sentences.147,lowPMI_random,clearly x-ray afterward office the doctor's at the showed fracture the,10.199467436690972
243sentences.148,lowPMI_random,bone types are a fracture of different few there,9.062451079360608
243sentences.149,lowPMI_random,but closed bone skin intact is fractures broken in the or simple is the,17.953763389084056
243sentences.150,lowPMI_random,skin bone or has open open in wound an produced broken the compound the punctured and fractures,17.283655980181678
243sentences.151,lowPMI_random,become piercings can cleaned infected they're not if ear new carefully,8.500925625530106
243sentences.152,lowPMI_random,swelling of the or signs infection earlobe tenderness redness around include,11.958807221951997
243sentences.153,lowPMI_random,these if clean the symptoms some you area see and apply ointment,12.42899626258346
243sentences.154,lowPMI_random,swelling health contact and don't if the away redness your go care provider,12.465549304269835
243sentences.155,lowPMI_random,reduce has hospital infections measures to local initiated new a,12.723162453977354
243sentences.156,lowPMI_random,that patients from they patients have other washing habits isolated improved hand are infected and ensured,13.025131477864344
243sentences.157,lowPMI_random,measures hospital the infection seen began drop new the has rates since,7.313985425400872
243sentences.158,lowPMI_random,healing of scrubbing increases a infection soap or risk wound with the which alcohol delays,13.163824931818302
243sentences.159,lowPMI_random,in the can band-aids and risk moisture heat infection holding of increase by,7.775476338401962
243sentences.160,lowPMI_random,easily infections skin once treated fortunately be diagnosed most they can are,17.196085695950543
243sentences.161,lowPMI_random,at end opera modern century of started the sixteenth the,13.01985581157511
243sentences.162,lowPMI_random,tragic began it effort an performance rediscover greek imitate as to and,11.005668336637061
243sentences.163,lowPMI_random,tales matter their chose early subject opera for antiquity founders from of,4.32125785120412
243sentences.164,lowPMI_random,musical of branched into and operas different stories traditions out sources later,14.81460110712415
243sentences.165,lowPMI_random,perform which words and music singers an form a art that in play and combines is opera musicians,23.046428746767514
243sentences.166,lowPMI_random,theatre spoken incorporates it scenery many such of the acting of and costumes as elements,17.42330106179497
243sentences.167,lowPMI_random,typically by orchestra opera are accompanied given in house an an performances and,15.991796302113025
243sentences.168,lowPMI_random,the opera the in has worked new to win production role hard singer the,17.752418235408026
243sentences.169,lowPMI_random,job is her just singing not about,3.404472438133058
243sentences.170,lowPMI_random,stage musical are interpretation all presence and acting critical,7.172855003949804
243sentences.171,lowPMI_random,is show of voice but the strong star the her certainly pure,4.995585199713171
243sentences.172,lowPMI_random,a mind must many completing painter elements while painting keep in a,7.788726334151202
243sentences.173,lowPMI_random,lighting she to of elements solid has strong composition and use like design,10.37127012667926
243sentences.174,lowPMI_random,with brush has to skill strokes the execute she,7.4574798156570505
243sentences.175,lowPMI_random,the soul content glimpse of importantly the the a should painter's reveal of most painting,9.641546353116748
243sentences.176,lowPMI_random,painters as artists as ago than were employed skilled creative more long artisans,18.503034966944732
243sentences.177,lowPMI_random,scholars royal however members prominent court the social the painters had of and status of,19.52043770805978
243sentences.178,lowPMI_random,patrons their they imagery on subject with signed personal decided work established and and its a relationship their,17.373159134627063
243sentences.179,lowPMI_random,actual focus the painting itself less painter learned scene i more to and on on a as the,16.922680655641983
243sentences.180,lowPMI_random,vision within lens field has not an eye camera a everything artist's of to record is that its,29.453316596631606
243sentences.181,lowPMI_random,for found i needed provides useful good painting but a more nature than is information,13.723947399398483
243sentences.182,lowPMI_random,impressive the bird owl an is eagle,13.986389821539257
243sentences.183,lowPMI_random,like stick has ear horns up that tufts it,2.8654297427592494
243sentences.184,lowPMI_random,they eyes you and creepy right pierce orange are large could like look through downright its,15.700267045912597
243sentences.185,lowPMI_random,this owl at through darkness night the swiftly silently and flying hunts,10.523178414278675
243sentences.186,lowPMI_random,species while become thriving owl are some others endangered have,10.2497771079189
243sentences.187,lowPMI_random,barred the spread habitat beyond well previous owl has its,12.126853613365492
243sentences.188,lowPMI_random,early findings that barred invasion logging owl's have the facilitated may suggest,14.329851809222026
243sentences.189,lowPMI_random,landed with talons branch owl it on a and her thick the gripped,14.119850880456372
243sentences.190,lowPMI_random,her her an wings to pressed settled half-closing and sides she down eye,3.848040441459505
243sentences.191,lowPMI_random,glow her statue been for but of eyes might have she the a,8.585370817453738
243sentences.192,lowPMI_random,sea floating polar watch unnerving it's ice stalk to bear across a,13.153206801756738
243sentences.193,lowPMI_random,the animal the it's waters even huge you are beneath worse when directly frigid submerged in,14.718436838073215
243sentences.194,lowPMI_random,on prey set polar down giant paws pursued the ice its as bear overhead the,15.73928522889966
243sentences.195,lowPMI_random,shots as polar the i documentary capturing for months a film of these part crew spent bear,22.678189515370256
243sentences.196,lowPMI_random,one polar that animals confusion are people bears attack fear for few or than the will of reasons other,17.550053496705473
243sentences.197,lowPMI_random,in out may they food-scarce of environment a because live hunger attack they,7.2653115102285
243sentences.198,lowPMI_random,their careful sneak on conserve will people to energy up slowly they,14.488518756129112
243sentences.199,lowPMI_random,is part bear's an polar diet the seal of important the,7.86420161215887
243sentences.200,lowPMI_random,the on when or seal's ice hunting by wait will that hole basking breathing stalk are a they seals,13.106820684963159
243sentences.201,lowPMI_random,the polar freeze crawl place in quietly will looks the when and bear forward seal around,14.152279646348049
243sentences.202,lowPMI_random,defense medieval the not for structure a primarily castle was built,13.299214028105279
243sentences.203,lowPMI_random,to its dominate was surroundings purpose its,7.198927591154485
243sentences.204,lowPMI_random,a within walk castle could day's control lands easily a,3.718136487575084
243sentences.205,lowPMI_random,protection livestock could times brought peasants the walls attack of property castle's inside during and for be,15.111885048260838
243sentences.206,lowPMI_random,of many spectacular in a provide locations history castles record regions of stormy dramatic the,16.565019094577984
243sentences.207,lowPMI_random,quaint they today rocky atop villages overlooking and landscapes stand cliffs beautiful,18.41631985015283
243sentences.208,lowPMI_random,intrigue the in were and to home plots past they battles,5.8028689039009755
243sentences.209,lowPMI_random,train upon hotel cliff built the a leaving on above saw a our we looming station magnificent castle,18.49952185565513
243sentences.210,lowPMI_random,the the outside inner an sheltered above thick courtyard river hundreds feet walls of,11.453219514512513
243sentences.211,lowPMI_random,slightly scary tower had our an rooms but view incredible,8.415325956644399
243sentences.212,lowPMI_random,black me of into pyramid up gestured after fifty side the entranceway climbing a the man feet the small,13.128526042866131
243sentences.213,lowPMI_random,the this pyramid's center led chamber into at the,4.031246160655113
243sentences.214,lowPMI_random,steep the followed dark him i down passage narrow,12.009301476150657
243sentences.215,lowPMI_random,the the inside and chalky air was pyramid smell thick was the,17.027428745116175
243sentences.216,lowPMI_random,of the more just the of tomb pride than king nation pyramids the the represented,13.115029239231236
243sentences.217,lowPMI_random,the care the craft evident pyramid is took their in builders that,10.615542359309924
243sentences.218,lowPMI_random,the stones the the together and gleamed until were precisely pyramid fitted polished structure covering,9.075066488406941
243sentences.219,lowPMI_random,pyramids are architects to working of were solve constructed how still the mysteries,11.08808968165971
243sentences.220,lowPMI_random,to stone inside were pyramid's the raise blocks think ramps some walls built,10.751726207808609
243sentences.221,lowPMI_random,the speculate others zigzagged ramps pyramid the of walls that up exterior,12.624968831522835
243sentences.222,lowPMI_random,climbing beginner strength courage rock takes even and,2.7886921406145833
243sentences.223,lowPMI_random,large try are the on who sport scrambling boulders learning can climbers,6.522048033607272
243sentences.224,lowPMI_random,rock can that to safely using with they once they're begin comfortable ropes faces climb vertical,12.602667803925476
243sentences.225,lowPMI_random,the climbing to on all rock boys new were of trip the,6.266680804861755
243sentences.226,lowPMI_random,many heights afraid were of,4.406878194841172
243sentences.227,lowPMI_random,calm them knots check someone having down harnesses else and helped their,9.48283742383861
243sentences.228,lowPMI_random,for routes adults set beginners appropriate climbing up the,9.377158951653632
243sentences.229,lowPMI_random,free-climbing rock is particular one of climbing style,9.902395953502072
243sentences.230,lowPMI_random,a rock the relies skill her on ascend climber and face physical to solely strength,17.68765129977448
243sentences.231,lowPMI_random,and the are rope equipment only bolts used,3.1287002676974702
243sentences.232,lowPMI_random,only climber to they the are falls meant stop she if,5.119144208773174
243sentences.233,lowPMI_random,buddies me steep down that trail try hesitantly skied my the to convinced i,8.141431644226477
243sentences.234,lowPMI_random,found i turn bad and a i made myself down tumbling,17.32875625096865
243sentences.235,lowPMI_random,came of slope at finally part to a a the stop i flat,7.121497359690693
243sentences.236,lowPMI_random,the a and snow poles to in my were found be hill skis drift were lodged nowhere my up,24.515766537660205
243sentences.237,lowPMI_random,is professional how skiers strength use poles major they of a ski,4.45754650489596
243sentences.238,lowPMI_random,skiing improves adds poles proper balance use ski to flair of their and their,14.509899196624039
243sentences.239,lowPMI_random,skiing upper regain for it movements minimizes need balance lost the body to while,6.645992177572338
243sentences.240,lowPMI_random,quickly ski new stiffer more let boots turn designs and skiers,6.686526794276947
243sentences.241,lowPMI_random,the faster but turns tighter legs the on force and increase twisting,19.517279166768496
243sentences.242,lowPMI_random,led injuries skier's to more has ligaments the to particularly this in knee,8.643169300738524
384sentences.0,lowPMI_random,a an musical keyboards is two accordion with instrument portable,14.891859487888471
384sentences.1,lowPMI_random,individual keyboard for notes one is chords for the other used,12.08420920079823
384sentences.2,lowPMI_random,with that produce accordions reeds blow sound air through bellows,10.932245800000508
384sentences.3,lowPMI_random,opening accordionist closing keyboards bellows while and plays both an the,6.652562464608297
384sentences.4,lowPMI_random,a an home that self-contained a apartment is is part of building,8.09401781124122
384sentences.5,lowPMI_random,or as apartment as one kitchen a have may rooms and a an more bathroom well,12.35372246815702
384sentences.6,lowPMI_random,for people apartments are families others single for some,10.423520612260292
384sentences.7,lowPMI_random,a extra facility have garage the building laundry can or a storage space,19.844165855084714
384sentences.8,lowPMI_random,a an that can fruit or apple be is green red yellow,12.634524817855866
384sentences.9,lowPMI_random,apples skin a have sweet pulp inside seeds crisp thin and,21.953382449189395
384sentences.10,lowPMI_random,make used very tart cider to are apples some,17.252560649735344
384sentences.11,lowPMI_random,can apples eaten or be in pies raw baked roasted,11.733020191657324
384sentences.12,lowPMI_random,of is or burning arson the wildland act a building criminal,5.951634982585615
384sentences.13,lowPMI_random,a arson by if a was accident caused determines or investigation fire fire,14.154001149650771
384sentences.14,lowPMI_random,collect or cause done can arson insurance to be damage others to,11.64965704748657
384sentences.15,lowPMI_random,on severity people crime harmed depends whether of the the were,5.363783815985849
384sentences.16,lowPMI_random,wheeled automobile for is passengers a vehicle or car an transporting,14.932795637227898
384sentences.17,lowPMI_random,can by electric be or engine a car a powered gasoline,17.69676578023464
384sentences.18,lowPMI_random,on driver just roads the steers sit car other passengers the,12.37428330629976
384sentences.19,lowPMI_random,size automobiles of doors number of vary and in the type trunk,14.61584928706642
384sentences.20,lowPMI_random,the wood axe a and tool used cut is split to,16.036355372004923
384sentences.21,lowPMI_random,of axe consists a a attached to handle usually head the,13.623769142868557
384sentences.22,lowPMI_random,axe historically made metal stone of then heads were and,6.437172142493148
384sentences.23,lowPMI_random,are woodcutters firemen and entering used by axes buildings,10.730765501556052
384sentences.24,lowPMI_random,edible soft inside a a a fruit that is bunchs banana grows in long with,22.925567238997647
384sentences.25,lowPMI_random,or brown a and banana spots can be small when ripe have red yellow purple,24.652128752415532
384sentences.26,lowPMI_random,the are tropical greatest such as ecuador or countries producers india,6.788642489198477
384sentences.27,lowPMI_random,like and and are cooked bananas staple often potatoes plantains foods unripe,9.524894870136203
384sentences.28,lowPMI_random,in of as bed place piece sleep have a is used or to a furniture sex a,9.467829671906877
384sentences.29,lowPMI_random,and mattress of spring plus a made a a bed and is box covers sheets pillows,20.992741647444017
384sentences.30,lowPMI_random,with with is airbeds it and mattress filled in waterbeds water the in air is filled,21.19009789980619
384sentences.31,lowPMI_random,the another of hammock the is above type a ground fabric suspended bed sling,14.330768632380646
384sentences.32,lowPMI_random,black a bee a and is and with flying body a six legs yellow insect,25.4718002062775
384sentences.33,lowPMI_random,make collect pollen flowers to spread as nectar honey between they bees,20.454268167995295
384sentences.34,lowPMI_random,a bees social together live and in are in hive a located insects colony,14.574607703515559
384sentences.35,lowPMI_random,many threatened bees stingers they and can feel have if attack,4.666597090158235
384sentences.36,lowPMI_random,frame a is two with vehicle bicycle pedals on a a and wheels,24.69427859799012
384sentences.37,lowPMI_random,saddle a is pedalling the by bicycle cyclist on the propelled a of,16.57343706264818
384sentences.38,lowPMI_random,rubber the with an tires of wheels inner have tube full air,14.722710630908479
384sentences.39,lowPMI_random,use and racing people for recreation bicycles transportation,8.322667580170506
384sentences.40,lowPMI_random,a objects iron creates steel blacksmith by or forging,8.104167408272854
384sentences.41,lowPMI_random,its a hammers iron hot bends change blacksmith on shape an to and anvil,16.40286291789768
384sentences.42,lowPMI_random,and wears with handle blacksmiths a tongs apron the metal thick,9.330426761694486
384sentences.43,lowPMI_random,or iron make like blacksmiths weapons objects shoes furniture horse,7.576305944450723
384sentences.44,lowPMI_random,kitchen or mix a appliance a blender to is ingredients used puree food,16.079529192007758
384sentences.45,lowPMI_random,bottom plastic rotating or blenders with have glass in blade a container a the,21.181575117574727
384sentences.46,lowPMI_random,and fruit are to blenders make used shakes smoothies milk,8.085182210515475
384sentences.47,lowPMI_random,blenders also cold make to are with crushed ice used drinks alcoholic,27.591845304205883
384sentences.48,lowPMI_random,male a is has who a child puberty boy not young undergone,12.55036473111139
384sentences.49,lowPMI_random,sex term relative to girls indicate distinctions is used the to,15.97688698017768
384sentences.50,lowPMI_random,each with rough to boys traditionally other and like games fight play,12.557938230735239
384sentences.51,lowPMI_random,a referred male immaturely as adult is to boy behaving often an,6.040225080451841
384sentences.52,lowPMI_random,is broccoli the a family cabbage in plant,12.036914545761524
384sentences.53,lowPMI_random,broccoli green flower has and a stalk tough head a thick,21.431727938065208
384sentences.54,lowPMI_random,fiber nutrients vitamins high broccoli in other and is,8.551951326765106
384sentences.55,lowPMI_random,broccoli or boiled stir-fried raw can eaten be,13.857994364145721
384sentences.56,lowPMI_random,a a insect wings is large butterfly four with flying,14.114281156274753
384sentences.57,lowPMI_random,wings the butterflies very of and patterned can colorful be,4.6123600822378
384sentences.58,lowPMI_random,a transformation the butterfly caterpillar into is of a metamorphosis,21.170231269442034
384sentences.59,lowPMI_random,colorful of people collect wings their because butterflies some,13.871503127806674
384sentences.60,lowPMI_random,with carpenter a artist an wood manual works who is or laborer,18.921481738588767
384sentences.61,lowPMI_random,and other build repair carpenters houses and boats objects furniture,9.400382601519533
384sentences.62,lowPMI_random,pliers hammers tools planes saws use and such carpenters as,7.087457698804725
384sentences.63,lowPMI_random,a instruments luthier a repairs carpenter that musical is and makes,7.519927208227943
384sentences.64,lowPMI_random,with are a four cats small tail animals legs and furry,12.040862344822504
384sentences.65,lowPMI_random,to groom like their by fur themselves cats licking,11.030002813014026
384sentences.66,lowPMI_random,by can cats or mice often their birds owners fed hunt but are,7.803977419134528
384sentences.67,lowPMI_random,are of cats sharp retractable that they so claws the keep,15.223564462005726
384sentences.68,lowPMI_random,is to on furniture chair people a piece designed sit of a for,10.933457491547754
384sentences.69,lowPMI_random,by consist chairs seat a legs above supported level of raised floor,14.52874824405368
384sentences.70,lowPMI_random,also as cushion arm can well have back rests a and chairs as,8.345747017757663
384sentences.71,lowPMI_random,seats are chairs places cinemas located like vehicles in or in fixed,13.43336744097411
384sentences.72,lowPMI_random,instrument a clarinet a woodwind is musical,6.442905105031381
384sentences.73,lowPMI_random,bottom a is tube black long clarinet flare at the a a with,16.705199187502465
384sentences.74,lowPMI_random,and pressing player chooses holes keys by notes the,12.174230403789899
384sentences.75,lowPMI_random,and classical clarinet used the both is jazz music in,18.56528932251345
384sentences.76,lowPMI_random,areas of the a that a atlantic lives the is in cod colder fish,9.045869122894764
384sentences.77,lowPMI_random,cooked flesh cod and when and mild-tasting easily is white flakes,22.914960488339418
384sentences.78,lowPMI_random,is for dishes and cod cod used for chips elaborate fish fresh salted,31.63924564697096
384sentences.79,lowPMI_random,been of vikings traded has time caught salted since the and cod the,11.443897516916612
384sentences.80,lowPMI_random,coffee is coffee coffee from plant the the of made beans seeds,11.633285894338476
384sentences.81,lowPMI_random,served countries a drink usually is in and hot popular many coffee,13.807485045929068
384sentences.82,lowPMI_random,coffee awake contains mild keeps drug called people a that caffeine,5.35862789187283
384sentences.83,lowPMI_random,coffee agricultural is world's the legal export seventh-largest,5.857188216799724
384sentences.84,lowPMI_random,a falls desert a no natural environment rain is almost where,15.877169659408718
384sentences.85,lowPMI_random,dunes with are rocks sand deserts or usually hot filled,14.648849897698774
384sentences.86,lowPMI_random,animals some plants to and in deserts have live adapted,8.475672010379238
384sentences.87,lowPMI_random,the africa biggest in sahara is northern hot desert the,8.579472890630264
384sentences.88,lowPMI_random,for a a at desk computer piece of with is a sometimes working furniture used,20.3052282350165
384sentences.89,lowPMI_random,metal of can has flat wood a or surface plastic be and desk a made,17.767592844570466
384sentences.90,lowPMI_random,supplies to may papers store desk and have a drawers,6.392669167960155
384sentences.91,lowPMI_random,three cubicle a a of sides surrounded on partitions consists desk by,13.98662082924747
384sentences.92,lowPMI_random,a door a an or area from barrier to movable entrance exit enclosed is,15.283169762861135
384sentences.93,lowPMI_random,locks most control who to through doors gets have to pass them,12.849551136309866
384sentences.94,lowPMI_random,after they a opened pushing most unlocked or are are pulling doors handle by,7.195164970810352
384sentences.95,lowPMI_random,revolving types other can doors chamber or a of of slide consist,12.577328188084943
384sentences.96,lowPMI_random,wear dress a piece sometimes clothing of women is a that,16.450149562195634
384sentences.97,lowPMI_random,like a shirt attached a matching dress to is a long skirt,24.39143027633095
384sentences.98,lowPMI_random,a dress usually or such as dance wedding at formal worn occasions a a is,17.566536050137238
384sentences.99,lowPMI_random,in can it bike hard to a stairs or dress a climb be ride,13.748366944139377
384sentences.100,lowPMI_random,the the is under driving effects of act driving alcohol of drunk,12.922394672065296
384sentences.101,lowPMI_random,of of world a driving most any vehicle crime the is drunk in,13.496641863706136
384sentences.102,lowPMI_random,a almost vehicle-related role all deaths it plays half in of,6.92759587911082
384sentences.103,lowPMI_random,caught drunk field tests are breathing drivers and sobriety by,17.868728097568376
384sentences.104,lowPMI_random,water the drought a lack is supply of persistent by a of rain caused shortage,28.330645316282016
384sentences.105,lowPMI_random,to will growing and die plants stop cause crops drought and,9.70546559060539
384sentences.106,lowPMI_random,turn drought eventually areas cause desert and famine will into extreme,5.796176229724039
384sentences.107,lowPMI_random,migrate numbers from have bowls to away of people large dust,6.490104529240969
384sentences.108,lowPMI_random,day birds eyesight hunt that very have large of are and the during good prey eagles,11.098028209368032
384sentences.109,lowPMI_random,sharp have eagles for beaks talons flesh and legs hooked tearing strong,17.32228571148905
384sentences.110,lowPMI_random,mammals eagles in species some and live and others small eyries fish eat,19.034317187065685
384sentences.111,lowPMI_random,bird and head the bright eagle states of has a is white the bald national the united,19.8878970360772
384sentences.112,lowPMI_random,other down the and and shake can buildings structures ground knock earthquakes,8.339223578284578
384sentences.113,lowPMI_random,volcanic landslides shaking can activity and trigger also the,7.2963791325103635
384sentences.114,lowPMI_random,in earth's the caused of release the crust earthquakes are most energy by,14.389625960130958
384sentences.115,lowPMI_random,sea an displace the can a earthquake seabed at and cause tsunami,9.025837273372357
384sentences.116,lowPMI_random,elephants largest kind are land mammal tons several of the weighing,22.500622950020038
384sentences.117,lowPMI_random,grab elephant an can a long or food called things a has trunk which nose,16.710220070332515
384sentences.118,lowPMI_random,of trees a objects pair elephant has digging moving tusks into for or the ivory,7.676321805953715
384sentences.119,lowPMI_random,the elephant its and the blood body them ears to large cool in its flaps,14.491096051579879
384sentences.120,lowPMI_random,the visual the is sensing for organ for eye light cortex and it an coding,15.138658566866045
384sentences.121,lowPMI_random,which complex have color detect most can texture animals motion eyes and,5.583089784621951
384sentences.122,lowPMI_random,the the it human the part sensitive is center fovea most and eye of of the,14.204874285928154
384sentences.123,lowPMI_random,facing many up eyes eye of in directions have compound insects units made,4.4782522315887965
384sentences.124,lowPMI_random,used animals or land to a farm plants is raise grow for food,14.466884764984949
384sentences.125,lowPMI_random,the run to people who are and what farm the farmers decide produce,21.08993631405631
384sentences.126,lowPMI_random,for barn and house farms a a silo a usually farmers have,15.873999092613294
384sentences.127,lowPMI_random,the and where a farmers many land equipment cooperative is a share farm,12.243730595962125
384sentences.128,lowPMI_random,hand usually primates fingers each a and on have four thumb,2.105841152586724
384sentences.129,lowPMI_random,for writing are fingers activities grooming used and other grasping,14.77372813230133
384sentences.130,lowPMI_random,fingertips the temperature are vibration to and pressure sensitive,10.353837579726793
384sentences.131,lowPMI_random,be nail the tip the can protects of grown decorated the finger or and,12.001539249234295
384sentences.132,lowPMI_random,water flood an submerges land expanse overflow of a of is an inhabited that,17.948761949100064
384sentences.133,lowPMI_random,sea flood rapid caused as melt earthquakes rain as or by be at can heavy well snow,9.075926761280712
384sentences.134,lowPMI_random,break a of river channel its will a and in or out flood flow dams levees,17.150166713988714
384sentences.135,lowPMI_random,during diseases a people water evacuate and causes flood contaminated the,7.085764666215913
384sentences.136,lowPMI_random,is for on inside floor used a horizontal a walking surface a building,16.643107870092113
384sentences.137,lowPMI_random,wooden may floors of made floorboards concrete or linoleum be bare tile,13.879559522899942
384sentences.138,lowPMI_random,put a dampen carpets on often comfort to for floor people and noise,10.952304547551178
384sentences.139,lowPMI_random,in buildings floor wiring it often under pipes electrical and has the,10.748964409512219
384sentences.140,lowPMI_random,a foot a body a leg on of end is part the,17.715685779143183
384sentences.141,lowPMI_random,people straight use or running when standing their feet walking,13.996377732473324
384sentences.142,lowPMI_random,to sports fighting feet people and their both in also kick use,5.761468893144185
384sentences.143,lowPMI_random,many rules related have feet cultures for to behavior,4.587487725847809
384sentences.144,lowPMI_random,a forest an and density cover trees with a area high of canopy is,15.981076099301026
384sentences.145,lowPMI_random,its and of depends in type on rainfall location forest temperature the,6.280673141557392
384sentences.146,lowPMI_random,plants as trees ecosystem various well has ground types as and of forest a animals,7.584093898266438
384sentences.147,lowPMI_random,forests deforestation disregarding regeneration is down the of cutting,12.006537894117862
384sentences.148,lowPMI_random,several and tines a a handle for eating is with fork solid foods tool a,20.216506996229363
384sentences.149,lowPMI_random,plastic if are made forks of usually or disposable metal,12.55970053208455
384sentences.150,lowPMI_random,to forks hold lift cutting food used are mouth or in place while to food to the,14.345900659303311
384sentences.151,lowPMI_random,forks are in for are foods kinds cultures and western there special various used,13.429161995717253
384sentences.152,lowPMI_random,a frying is and sloping handle a a pan sides with small pan,20.93029518240852
384sentences.153,lowPMI_random,pan to brown is and food a frying fry used sear,7.265215556302678
384sentences.154,lowPMI_random,oil cooked is bottom the the covering pan food of on the,17.905789114166712
384sentences.155,lowPMI_random,pans of or iron teflon-clad are made frying steel,10.632351345640458
384sentences.156,lowPMI_random,reached has is female yet girl human not maturity a who a,5.264749486434057
384sentences.157,lowPMI_random,woman at the girl a of puberty that of a body into develops,23.10469727257163
384sentences.158,lowPMI_random,like playing often social dolls games with girls and,11.504531545387172
384sentences.159,lowPMI_random,sometimes girls hair skirts wear and and grow long dresses,19.803680547087048
384sentences.160,lowPMI_random,the a glove a and piece fingers hand clothing covers of is that,13.392741842552955
384sentences.161,lowPMI_random,protect are waterproof against cold to wool lined of made gloves or material,14.098330262489416
384sentences.162,lowPMI_random,hands rubber used germs chemicals to gloves shield disposable are or latex or from,11.247827662562052
384sentences.163,lowPMI_random,four are of a where glove together mitten is the kind covered fingers a,11.254706521345089
384sentences.164,lowPMI_random,is to object to hammer impact a tool deliver an used a an,15.561225952885215
384sentences.165,lowPMI_random,a most often hammer to drive wood into used is nails,16.47251335577374
384sentences.166,lowPMI_random,be claw to head nails can used on the the remove,11.476888266860678
384sentences.167,lowPMI_random,in of handle the and length hammers vary the shape head,12.249385228932137
384sentences.168,lowPMI_random,explosive is grenade a as a used people hand weapon an against,14.512209285923454
384sentences.169,lowPMI_random,hand are to timed and grenades bit after that thrown a explode,9.64003235428012
384sentences.170,lowPMI_random,be from can grenades launchers rifles also or shoulder fired,2.712469891047971
384sentences.171,lowPMI_random,mob to of are into tear it the disperse grenades middle gas a thrown,9.63266415923982
384sentences.172,lowPMI_random,hoofed a is four with a mammal legs horse long large muscular,13.345677330295608
384sentences.173,lowPMI_random,a a and tail brown is has horse on its usually gray or a and neck mane,24.187112535131813
384sentences.174,lowPMI_random,and used been entertainment work travel have for draft horses,13.120857048901367
384sentences.175,lowPMI_random,a human ride trots gallops a or while walks it horse can,6.521184784003809
384sentences.176,lowPMI_random,to sick they hospitals be people go when to are healed or injured,11.116825784285052
384sentences.177,lowPMI_random,nurses surgeons are by professional staffed hospitals physicians and,16.772635501532324
384sentences.178,lowPMI_random,go the day diagnosis patients leaving there for or same specialist some therapy,5.373485966863626
384sentences.179,lowPMI_random,or for patients have treatments several some to operations stay for weeks,16.55516622677805
384sentences.180,lowPMI_random,or house a families permanent a people is building to in or structure live for,13.641257307043745
384sentences.181,lowPMI_random,light and to windows out roof rain a has walls and in house to cold and a keep let,14.778418766963696
384sentences.182,lowPMI_random,have a for purposes rooms or house like can sleeping cooking washing,14.9342640127323
384sentences.183,lowPMI_random,to come people at house to and the leave and eat night most work sleep back,16.838629565673777
384sentences.184,lowPMI_random,of snow from a of an inuit shelter by is made igloo blocks type,14.149911493118664
384sentences.185,lowPMI_random,time where land places igloos covers are in of most built snow the the,10.399594280212828
384sentences.186,lowPMI_random,entrance igloos often shape the in an are of tunnel a with built dome,17.873148691605284
384sentences.187,lowPMI_random,snow air the space insulate warms pockets and in body heat igloos,11.044306854387328
384sentences.188,lowPMI_random,with things a is tool knife is to that sharp cut edge used a a,16.5920361755221
384sentences.189,lowPMI_random,metal modern consist and handle a knives usually made of of blade a,12.162309319281324
384sentences.190,lowPMI_random,also as in been instruments rituals knives have weapons used and,6.183676010429352
384sentences.191,lowPMI_random,or knife a used be throwing attack stabbing slashing can to by,15.959357123622151
384sentences.192,lowPMI_random,of plant of seeds a the lentils are the family legume,19.077144232477952
384sentences.193,lowPMI_random,or brown can be yellow black green red lentils,18.904958027662808
384sentences.194,lowPMI_random,mediterranean indian are commonly cuisines and in used lentils,13.904889679081432
384sentences.195,lowPMI_random,of a cooked boiling source are and great protein by are lentils,6.873810904898621
384sentences.196,lowPMI_random,vegetable often climates plant lettuce in is biennial a as a grown temperate leaf,18.85969627348525
384sentences.197,lowPMI_random,cooked and and cold lettuce in can eaten dishes other be raw salads or,24.51313313845094
384sentences.198,lowPMI_random,suitable for to fairly and grow crop beginners is considered lettuce a easy,15.385575581565245
384sentences.199,lowPMI_random,most lettuce taste remove bred bitterness bitter the some to are but leaves,14.092743141701593
384sentences.200,lowPMI_random,of is a documents library kept place where media is a and books a collection,18.695451709758046
384sentences.201,lowPMI_random,organizing at at and and work are finding information libraries experts librarians,6.583217160247461
384sentences.202,lowPMI_random,people can to for books to weeks home libraries and public borrow take several go,13.647882813614663
384sentences.203,lowPMI_random,academic scholarly have books support specialized libraries and research,19.121133367947188
384sentences.204,lowPMI_random,logs log a a round house small from cabin is built,15.520910205560009
384sentences.205,lowPMI_random,humble frontier is symbol and cabin of life origins a american log,9.096927450927229
384sentences.206,lowPMI_random,european used were settlers shelters by cabins as first log,9.688550009581855
384sentences.207,lowPMI_random,the notch were using at cabins logs joints ends built with log,7.186334669533243
384sentences.208,lowPMI_random,adult a a is man male human,7.691072049641489
384sentences.209,lowPMI_random,through after boy becomes puberty passing man a a,8.119663235743442
384sentences.210,lowPMI_random,and virility masculinity with manhood is associated,11.082534468164566
384sentences.211,lowPMI_random,body women from structure weight and differ in height men,9.87995017998099
384sentences.212,lowPMI_random,a feed young by is to white liquid female their produced milk mammals,11.640621271630266
384sentences.213,lowPMI_random,solid eat milk be animals newborn food they must before can fed,15.973060617064451
384sentences.214,lowPMI_random,cheese products as and from are made milk such butter dairy,14.191559503301571
384sentences.215,lowPMI_random,sometimes coconuts from milk is produced called soybeans liquid and,12.153812298643421
384sentences.216,lowPMI_random,small emit flying mosquitos that are sound thin insects high-pitched a,8.64780795150523
384sentences.217,lowPMI_random,piercing have for the and of plants animals mouthparts skin mosquitoes,4.618637471503925
384sentences.218,lowPMI_random,for blood animals people mosquitoes female protein suck bite and their and,10.957190847918932
384sentences.219,lowPMI_random,malaria bites other yellow diseases fever and can spread mosquito parasite,11.874938495451149
384sentences.220,lowPMI_random,a land mountain a above landform that surrounding is steeply rises,19.487017390112417
384sentences.221,lowPMI_random,the at and than rise mountains top have higher sometimes snow hills,13.374221698056724
384sentences.222,lowPMI_random,plate mountains of collision to tectonic range forms due a,4.448264151624862
384sentences.223,lowPMI_random,up or are people mountains hike climb who mountaineers,9.550598260258102
384sentences.224,lowPMI_random,is when eat we mouth in the face put we cavity the food,15.653756039126348
384sentences.225,lowPMI_random,chew teeth has mix and the food saliva mouth it to with,12.02824732119601
384sentences.226,lowPMI_random,the also kissing talking is and mouth for used,7.47149793760223
384sentences.227,lowPMI_random,the controlled are mouth placement in sounds by tongue speech,7.291181727811745
384sentences.228,lowPMI_random,cup liquids for sturdy a a drinking handle a hot is mug with,15.760571975061243
384sentences.229,lowPMI_random,of metal be normally but a glass can or is also mug made ceramic,14.77367308702233
384sentences.230,lowPMI_random,thermal ring is and for mug has base insulation thick a a,14.917835415300942
384sentences.231,lowPMI_random,mugs be drawings have or can carved on them plain or imprinted,10.48555962277727
384sentences.232,lowPMI_random,intent is murder killing with another of being the unlawful human,12.822616487786428
384sentences.233,lowPMI_random,their a murder because crime existence deprives of victim serious it the,10.172519265439828
384sentences.234,lowPMI_random,or self-defense accidentally murder in is not war in killing considered,13.172581699780942
384sentences.235,lowPMI_random,murderer given death is often convicted sentence the life a a or penalty,14.787851888550332
384sentences.236,lowPMI_random,orange the is drink in juice made liquid pulp a from orange,10.978454739971331
384sentences.237,lowPMI_random,a of acid a and taste c juice has contains sweet vitamin lot orange,5.467181139939324
384sentences.238,lowPMI_random,as contains squeezed orange well pulp often juice freshly,14.072004276307212
384sentences.239,lowPMI_random,often orange at glass is a juice from breakfast drunk,7.272253193788077
384sentences.240,lowPMI_random,tropical and that a parrot a regions in is lives warm bird,13.401958435711613
384sentences.241,lowPMI_random,curved a have brightly-colored beak sharp and feathers parrots,25.94237469743012
384sentences.242,lowPMI_random,the they human parrots if can repeatedly imitate voice it hear,5.216319781553915
384sentences.243,lowPMI_random,their makes appearance popular abilities pets them and,1.378943517098469
384sentences.244,lowPMI_random,a characteristic peach an a orange-yellow is with smell fruit,4.607945813704074
384sentences.245,lowPMI_random,is hairs in peach the and small covered a fine of skin thin,18.417358803364532
384sentences.246,lowPMI_random,large which red-brown peaches inside have seed a stone the contains,11.847482082152341
384sentences.247,lowPMI_random,delicate are and and after be harvested ripening sweet must peaches,8.203675393763168
384sentences.248,lowPMI_random,popular of by a musical the piano played is means instrument a keyboard,21.264155683320798
384sentences.249,lowPMI_random,hit vibrating a key hammer felt-tipped string a piano to causes steel a pressing,18.796152013902024
384sentences.250,lowPMI_random,to piano range the quality and enormous pedals the note has an sound change,14.499951005012129
384sentences.251,lowPMI_random,solo give and is piano the concerts pianists repertoire famous can large,4.6706014771873985
384sentences.252,lowPMI_random,fish are ferocious that american in south rivers small live piranhas,15.977746281046528
384sentences.253,lowPMI_random,active the schools attack are and during day live and piranhas most in,8.856073195777828
384sentences.254,lowPMI_random,opportunistic and have very carnivores are teeth sharp piranhas,18.36876672399763
384sentences.255,lowPMI_random,eat and carrion piranhas insects mammals fish lizards,10.43671734137035
384sentences.256,lowPMI_random,or clearings that a raspberry the fields in is grows forest fruit,15.36781148866498
384sentences.257,lowPMI_random,consists a many together raspberry joined single fruits small of,5.427182615004206
384sentences.258,lowPMI_random,raspberries jam are by sugar themselves or into eaten with cooked,8.060189297311616
384sentences.259,lowPMI_random,herbal in used raspberry of leaves teas or the fresh dried are,14.379299550452144
384sentences.260,lowPMI_random,bird large that black is in climates raven thrives a a many,5.480024438547286
384sentences.261,lowPMI_random,on carrion feed small berries animals insects ravens or,9.206427031302608
384sentences.262,lowPMI_random,ravens solving have of capable and problem large brains are,13.019308043847754
384sentences.263,lowPMI_random,are in of tricksters ravens also folklore and ill-omen birds,7.545341028277744
384sentences.264,lowPMI_random,preserve refrigerator a cooling a food used and contain is device to,10.997478614090408
384sentences.265,lowPMI_random,at freezing refrigerators have some a can compartment temperature small,11.922109996585982
384sentences.266,lowPMI_random,types refrigerator a shelves have for of and food different can small compartments,11.37077219022397
384sentences.267,lowPMI_random,magnets its and generally often people on surface refrigerator is a put white,11.635209777463775
384sentences.268,lowPMI_random,with a firearm and has the a that a barrel rests twisting is on rifle shoulder grooves,20.291990168387855
384sentences.269,lowPMI_random,the rifle the they as the around through the bullets make air grooves spin fly axis,17.352687822610427
384sentences.270,lowPMI_random,rifles scopes are in sometimes hunting and with used sports shooting,13.775896044974411
384sentences.271,lowPMI_random,infantry are can in standard rifles bursts the weapon fire and assault,9.841030617747224
384sentences.272,lowPMI_random,water spawn back salmon the is to that migrates and a fish ocean to from fresh,16.99245689636433
384sentences.273,lowPMI_random,high has flesh salmon a is protein and or and orange nice taste content red,21.140007565684414
384sentences.274,lowPMI_random,grilling eaten ways or sushi in or be raw can poaching by cooked other in salmon,10.896979018257463
384sentences.275,lowPMI_random,salmon it most be also the fish in though common the wild is farmed caught can,13.306648326968858
384sentences.276,lowPMI_random,abrasive a is hard hard saw a materials cut to uses that a or blade wire tool,19.096519378260265
384sentences.277,lowPMI_random,the teeth points saw along small sharp called the side the of are the cutting,12.908109577637717
384sentences.278,lowPMI_random,by gas saws electric can engine by hand or be worked motor an or powered,17.068468846676623
384sentences.279,lowPMI_random,carpentry forestry used medicine construction are and extensively saws in,2.7547165931038538
384sentences.280,lowPMI_random,knowledge scientist the produces world new about studies and a physical,10.999750795894192
384sentences.281,lowPMI_random,hypotheses a does them creates test scientist to experiments and,4.146844068932294
384sentences.282,lowPMI_random,of classic chemistry and sciences examples are biology physics,14.09128055518328
384sentences.283,lowPMI_random,publish scientists journals their conferences and in research,12.574087445787864
384sentences.284,lowPMI_random,scissors for are two-bladed a used cutting instrument,6.42830121291228
384sentences.285,lowPMI_random,usually with blades the handles plastic are or metal metallic,17.065548889861685
384sentences.286,lowPMI_random,format fabric paper and depending can hair cut size or the on scissors,14.149114186594266
384sentences.287,lowPMI_random,shears are scissors pieces metal used of cutting or shrubs for large,22.419892737857666
384sentences.288,lowPMI_random,into screws for a screwdriver a something and is inserting tightening tool,18.48984662879065
384sentences.289,lowPMI_random,to be also after screws screwdrivers remove inserted can they used are,17.207100265761543
384sentences.290,lowPMI_random,rotating the screwdriver applies the the tip from handle torque,10.00175288453776
384sentences.291,lowPMI_random,the flathead two phillips are of and major types screwdrivers,9.18796627113171
384sentences.292,lowPMI_random,shark a a with is cartilage skeleton large a fish,21.76014534937076
384sentences.293,lowPMI_random,dorsal a have streamlined fin large with bodies sharks,15.226065096051407
384sentences.294,lowPMI_random,most jaws sharks with mammals fish powerful predate on and,4.239191611568738
384sentences.295,lowPMI_random,detect and very fields can have electrical keen sharks senses,4.446588273043615
384sentences.296,lowPMI_random,and a is floats that travels vehicle large ship water on a,20.22898844459129
384sentences.297,lowPMI_random,diesel a can the in powered or ship ocean engines by steam be sails,11.421547568883396
384sentences.298,lowPMI_random,fish transport and to in ships are ocean used to the cargo containers,23.374361192117846
384sentences.299,lowPMI_random,ships cruise hotels cities take that between are floating people,12.174623107506283
384sentences.300,lowPMI_random,a with shoe a and is sole foot for outsole clothing a heel an the,9.825367998019374
384sentences.301,lowPMI_random,or made usually plastic canvas rubber are of leather shoes,23.862058010834605
384sentences.302,lowPMI_random,high styles in have heels women's shoes come often many and and colors,7.369857697932213
384sentences.303,lowPMI_random,and for is activity sports sneaker athletic a a shoe,9.276065741670747
384sentences.304,lowPMI_random,forces fights of a national the land soldier is armed member on who a,10.212968651377004
384sentences.305,lowPMI_random,wear soldier uniform militia camouflage must a in the a usually,12.083253131898918
384sentences.306,lowPMI_random,in a army or for work a her is his paid soldier volunteer,14.287121863391594
384sentences.307,lowPMI_random,and using fights grenades as rifles soldier weapons such a,8.88386496939562
384sentences.308,lowPMI_random,sharpened at of that pole a end are weapons and consist one head spears,10.40130529078302
384sentences.309,lowPMI_random,most spears personal weapon common of were before the the advent firearms,10.243076168222887
384sentences.310,lowPMI_random,stabbing were for or in when fighting war used throwing spears,14.806450807172265
384sentences.311,lowPMI_random,some fishing native still hunting use the and people for spear,11.656064016103892
384sentences.312,lowPMI_random,make legs are insects silk that eight with spiders,9.984607783126403
384sentences.313,lowPMI_random,silk build with and catch them to insects webs use spiders,11.223325387241617
384sentences.314,lowPMI_random,stuck paralyse use venomous prey their to fangs spiders,10.896393956726946
384sentences.315,lowPMI_random,big can spiders small as as be as as bird a coin a or,18.019106908471436
384sentences.316,lowPMI_random,inundation to are spongy land low swamps subject frequent,12.936318974658313
384sentences.317,lowPMI_random,swamp a covered water is and vegetation with mud shallow,19.42591868001817
384sentences.318,lowPMI_random,are swamps and for nesting and reptiles breeding birds grounds,24.063241916902367
384sentences.319,lowPMI_random,arable produce often drain land fertile to swamps farmers,13.384170371368043
384sentences.320,lowPMI_random,for on is heavy torso sweater garment the warmth a worn a,12.45338425285757
384sentences.321,lowPMI_random,wool are also but sweaters often common from cotton is knitted,12.386267862289365
384sentences.322,lowPMI_random,down that opens cardigan the is called front sweater a a,12.847786251617437
384sentences.323,lowPMI_random,and cut in as shape sweaters sleeve decoration differ well collar as,14.584529828096043
384sentences.324,lowPMI_random,surface table a piece a a and of legs flat is furniture with,19.672805702170187
384sentences.325,lowPMI_random,sit are there around to table a people usually chairs for,11.921114525094417
384sentences.326,lowPMI_random,together food to and people a set plates a eat cutlery on table meal,10.814179364833624
384sentences.327,lowPMI_random,to are or as on surfaces work also used tables write,10.207407666083334
384sentences.328,lowPMI_random,moving television a appliance an images a displays that is with screen,16.003454407754077
384sentences.329,lowPMI_random,televisions used programs mostly films are for or watching,7.580369637406767
384sentences.330,lowPMI_random,when play connected videogames used a console are to to they game,2.9752493438679535
384sentences.331,lowPMI_random,television internet content be cable broadcast or or can via received,19.139359020393403
384sentences.332,lowPMI_random,taking theft person's consent the their is without property of,10.140983674744845
384sentences.333,lowPMI_random,to or to own it receivers thieves steal to something sell,17.142893572134412
384sentences.334,lowPMI_random,or punishable a and jail is can with fines crime be theft,5.442126225015986
384sentences.335,lowPMI_random,intellectual ideas espionage is property and of theft industrial,11.92999298856879
384sentences.336,lowPMI_random,heating toasting is kitchen using toaster appliance bread elements a for a,6.817882383646859
384sentences.337,lowPMI_random,and toasters in it done a bread slot pop-up placed toast the once eject,11.556073269312432
384sentences.338,lowPMI_random,tray and on a side the control ovens have a door temperature within toaster,14.400956217460049
384sentences.339,lowPMI_random,to they cooked with be or allow toppings bread like garlic cheese,15.171652471235422
384sentences.340,lowPMI_random,shiny a fruit a and the tomato red is with smooth savory taste,21.940299358064056
384sentences.341,lowPMI_random,color ripe and as changes tomato softens gets red green more to it a from,16.1621797085918
384sentences.342,lowPMI_random,ketchup can salads well sauce soup to or tomatoes make be used as as,15.609270927755027
384sentences.343,lowPMI_random,many tomato and varieties sizes tastes there are with of different,9.828069738900314
384sentences.344,lowPMI_random,series track a between connected train is on moves cars a that stations a of,11.793711699107115
384sentences.345,lowPMI_random,the is locomotive a by train diesel or electricity pulled by powered,29.183142148044297
384sentences.346,lowPMI_random,long over of transports freight a distances or train goods fuel containers,21.79738969981702
384sentences.347,lowPMI_random,between trains people suburbs a stations inside city transport and commuter,9.91299562332625
384sentences.348,lowPMI_random,a train is off get train or place where a passengers on a station,24.04122332537694
384sentences.349,lowPMI_random,stations or for machines purchasing have counters train tickets,14.317913171803212
384sentences.350,lowPMI_random,to are in and station places eat waiting rooms there a,8.140392671289105
384sentences.351,lowPMI_random,from trains cargo next platform passengers a line or to enter the,19.735814745640646
384sentences.352,lowPMI_random,a cyclone is sea storm over warm formed tropical a tropical,15.912262446949939
384sentences.353,lowPMI_random,can powerful and winds torrential produce very cyclones rain,16.25267849169404
384sentences.354,lowPMI_random,also tropical high flooding can coastal cyclone and waves cause,6.751334012382825
384sentences.355,lowPMI_random,seriously damage tropical can a move cyclone and property inland,11.542567190476642
384sentences.356,lowPMI_random,the violin an with that bow played with four instrument strings is a is,17.613075957165382
384sentences.357,lowPMI_random,and is smallest highest its instrument in family the pitched violin,13.702000298739158
384sentences.358,lowPMI_random,the violinist and instrument collarbone between chin holds the a the,7.960481538562957
384sentences.359,lowPMI_random,are hand bowing the notes one made by neck while fingering different with,17.03395925441496
384sentences.360,lowPMI_random,dead the scavenging feeding of are mostly carcasses animals birds on vultures,13.033173540362409
384sentences.361,lowPMI_random,head vultures losing without many have heat bald feathers for a,11.867375352515735
384sentences.362,lowPMI_random,vultures large wings use soar for flapping without to their miles,9.583911934178827
384sentences.363,lowPMI_random,may animals kill but attack wounded sick seldom the healthy vultures or,10.795618121282295
384sentences.364,lowPMI_random,structure area sometimes solid a defines protects and a an is wall that,14.213221686628863
384sentences.365,lowPMI_random,walls delineate building space divide rooms support into roof the and the a,9.751863812821803
384sentences.366,lowPMI_random,usually well drywall brick are as made of or as stone walls cement,17.72221235187312
384sentences.367,lowPMI_random,a retaining to movement barrier or walls of provide earth stone water,8.673455063673996
384sentences.368,lowPMI_random,liquid area 70% common water earth of covering most its the is on,7.884555084228271
384sentences.369,lowPMI_random,plants live animals people order must drink to and in water,16.51938257683914
384sentences.370,lowPMI_random,freezes water a and at solid ice low becomes temperature,17.453675634381348
384sentences.371,lowPMI_random,sky are from that in clouds vapor is water the falls condensed which rain,14.546187569835158
384sentences.372,lowPMI_random,large a is lives that a mammal ocean whale in very the,17.036722215874303
384sentences.373,lowPMI_random,whales blowholes heads through surfacing breathe on when their,6.232054038332397
384sentences.374,lowPMI_random,whale and energy a serves the blubber an in reservoir as as insulation,11.797149189126262
384sentences.375,lowPMI_random,whales ambergris have oil whale for and been hunted meat,17.57919459252794
384sentences.376,lowPMI_random,is let through in window to a transparent a light opening a wall,12.678731910182432
384sentences.377,lowPMI_random,by a window sheets of made place typical of frames glass in is held,20.087590418177044
384sentences.378,lowPMI_random,also open sound let when a through will air and window,8.502565707351971
384sentences.379,lowPMI_random,to panes windows increase have some multiple inside insulation,10.026436645046402
384sentences.380,lowPMI_random,adult a a is woman female human,7.567480629285322
384sentences.381,lowPMI_random,stereotypically woman caregiver as is seen a a,5.748166490385202
384sentences.382,lowPMI_random,become woman children and can pregnant a bear,6.393488285860567
384sentences.383,lowPMI_random,a organs woman has man than reproductive different a,11.753305073608866