243sentences.0,Original,beekeeping encourages the conservation of local habitats,12.283673036943167
243sentences.1,Original,it is in every beekeeper's interest to conserve local plants that produce pollen,25.649872642406457
243sentences.2,Original,as a passive form of agriculture it does not require that native vegetation be cleared to make way for crops,57.68860366709947
243sentences.3,Original,beekeepers also discourage the use of pesticides on crops because they could kill the honeybees,36.67810998711978
243sentences.4,Original,artisanal beekeepers go to extremes for their craft but their product is worth the effort,30.08750354657756
243sentences.5,Original,artisanal honey-making emphasizes quality and character over quantity and consistency,21.92517316098666
243sentences.6,Original,to produce the finest honey beekeepers become micromanagers of their honeybees,17.87711310136735
243sentences.7,Original,they scout the fields know when nectar flows and select the best ways to extract honey,39.66926113454372
243sentences.8,Original,as the beekeeper opens the hive the deep hum of 40000 bees fills the air,36.51440023432639
243sentences.9,Original,the beekeeper checks honey stores pollen supplies and the bee nursery,16.09928932471283
243sentences.10,Original,bees crawl across his bare arms and hands but they don't sting because they're gentle,38.0256688734076
243sentences.11,Original,i have a recurring dream about exams even though i'm no longer in college,38.35488310839517
243sentences.12,Original,in my dream it's the day of my final exam and i suddenly realize i've never gone to class,35.07116046864641
243sentences.13,Original,i've never even done any of the reading assignments,18.72004586280501
243sentences.14,Original,i know many other people who have the same nightmare,25.497953641902402
243sentences.15,Original,each morning participants in the study had to write down their dream experience from the previous night,42.61768885305556
243sentences.16,Original,they recorded if they recalled any dreams and described each dream and its emotional intensity,22.50750962182808
243sentences.17,Original,participants then assigned each dream to a category such as a flying dream a bad dream or a nightmare,44.10855146474158
243sentences.18,Original,every night while we sleep our minds are as active as when we are awake,39.50433272940076
243sentences.19,Original,we dream throughout the night in cycles of about ninety minutes each,28.716592001659695
243sentences.20,Original,images feelings stories and strange combinations of characters and places can fill our dreams,29.500556326625205
243sentences.21,Original,when i decided to start playing cards things went from bad to worse,29.249309484735186
243sentences.22,Original,gambling was something i had to do and i had already spent close to $10000 doing it,28.53499781873123
243sentences.23,Original,my friends were sick of watching me gamble my savings away,21.45823150268445
243sentences.24,Original,the hardest part was the horror of leaving a casino after losing money i did not have,45.70286545821281
243sentences.25,Original,good data on the social and economic effects of legalized gambling are hard to come by,47.25758161483729
243sentences.26,Original,some studies indicate that having a casino nearby makes gambling problems more likely,40.244569704836294
243sentences.27,Original,gambling may also be associated with personal bankruptcies and marriage problems,33.67582096082866
243sentences.28,Original,over the past generation there has been a dramatic expansion of legalized gambling,48.9754456773412
243sentences.29,Original,most states have instituted lotteries and many have casinos as well,31.924985880105503
243sentences.30,Original,gambling has become very big but controversial business,17.137447319001772
243sentences.31,Original,the wind from the hurricane shook the house shattering a window in the kitchen,27.46485857125044
243sentences.32,Original,we ran in grabbed some food slammed the door and surrendered the kitchen to the hurricane,26.92298559430757
243sentences.33,Original,i was afraid our house would be ripped from its foundation,28.714838168522384
243sentences.34,Original,later that night with the wind shaking the house we fell asleep huddled on the sofa,44.68714491178757
243sentences.35,Original,hurricanes can tear limbs off of trees and suck houses off their foundations,20.403650717746004
243sentences.36,Original,they dump heavy rains that can trigger floods and mudslides,30.304164318175367
243sentences.37,Original,hurricanes can also bring a storm surge a wall of ocean water that lurches onto land,47.59366455224675
243sentences.38,Original,scientists use several methods to look for evidence of ancient hurricanes,24.906581182470703
243sentences.39,Original,the strongest storms deposited layers of windblown beach sand at the bottoms of coastal lakes,51.5423790711796
243sentences.40,Original,trees drenched by passing hurricanes preserve a record of each storm in their growth rings,36.07284842351134
243sentences.41,Original,american ice cream is exported around the world but different countries have different preferences,40.19494760882423
243sentences.42,Original,many people enjoy their ice cream flavored with local delicacies,46.35832074185183
243sentences.43,Original,in some tropical places vanilla ice cream is topped with bananas and fresh mangos,53.98339645170256
243sentences.44,Original,i remember making ice cream at home as a child,30.746703098758722
243sentences.45,Original,we poured the cream mixture into a frozen tub then start turning the crank to expose it to the cold,39.48489534840991
243sentences.46,Original,eventually it froze enough that i couldn't turn the hand crank any more,17.356968577846324
243sentences.47,Original,then i put the container of half-frozen ice cream into the freezer to harden,30.433127385512375
243sentences.48,Original,ice cream is a mixture of milk or cream sugar flavorings and up to half whipped-in air,43.24842513728495
243sentences.49,Original,the butterfat in milk and cream is what makes it smooth and silky,30.629752934396773
243sentences.50,Original,high-priced premium ice cream is loaded with butterfat and natural flavorings,41.14418252227219
243sentences.51,Original,when i use the riding lawn mower the uncomfortable chair makes my back hurt,38.69476240989431
243sentences.52,Original,i use the two levers in front of me to control the machine,27.540088701313387
243sentences.53,Original,the sharp blades underneath the lawn mower precisely sever each blade of grass,39.505711250239365
243sentences.54,Original,mowing the lawn is a long task and it has taught me patience,28.999220590378986
243sentences.55,Original,a lawn mower is a machine with revolving blades that cut grass to an even height,45.79138722051203
243sentences.56,Original,the blades may be powered by muscle or the machine may have a motor,32.5482291059468
243sentences.57,Original,the most common power source for lawn mowers is a small gas engine,46.987998944403074
243sentences.58,Original,electric lawnmowers are better for the environment because they do not create emissions,39.75930040932739
243sentences.59,Original,they also need less maintenance and are less expensive to run,28.794419144818225
243sentences.60,Original,electric lawn mowers use as much electricity as an ordinary toaster,41.912866816039504
243sentences.61,Original,astronauts train a long time for their spacewalks,22.114419269880003
243sentences.62,Original,much of their training is conducted underwater,13.017848654435003
243sentences.63,Original,they may spend 8 to 10 hours in the pool for every hour they will spend floating in space,41.1331768464684
243sentences.64,Original,astronauts practice to be able to perform construction and repair work on the outside of the space station,56.226125544786534
243sentences.65,Original,the commanders of shuttle flights are always pilots and many have backgrounds as military test pilots,35.761622977553195
243sentences.66,Original,other astronauts are trained as doctors engineers and scientists who can run experiments in space,35.93574520697257
243sentences.67,Original,early crews were all young men but astronauts now are much more diverse,31.106015017356597
243sentences.68,Original,the team of astronauts floated out together to the exterior of the space shuttle,37.17339419719157
243sentences.69,Original,they carried tools needed to repair the broken part on the huge telescope,28.13938112050449
243sentences.70,Original,one astronaut loosened the bolts on the pipe while the other fitted the replacement part into place,23.873450805797273
243sentences.71,Original,computers have been used in art for a long time by experimental artists,35.71500796265827
243sentences.72,Original,now that computers are more affordable and widespread computer graphics have entered the mainstream art world,50.30535173387021
243sentences.73,Original,some computer science conferences have art exhibitions that showcase the latest graphics technology,35.55946045253367
243sentences.74,Original,brand new conferences have sprung up that are devoted to bridging the two cultures,42.03366962757708
243sentences.75,Original,the computer graphics specialist works with doctors to visualize medical conditions and surgical procedures,49.15096888610539
243sentences.76,Original,she uses digital animation to help doctors understand structures within a patient's body,28.989484210631744
243sentences.77,Original,seeing the internal structures in an animation on a screen is much clearer than squinting at x-rays,44.07829009644235
243sentences.78,Original,modern digital animation is a powerful tool for education,34.2864862577443
243sentences.79,Original,as the field of computer graphics broadens we must ask if graphics actually help students,38.66859737219895
243sentences.80,Original,research does suggest that vivid and engaging digital imagery can be effective in the classroom,42.80244567051669
243sentences.81,Original,the reason he came to law school in the first place was cliche,30.61898638821151
243sentences.82,Original,he wanted to change things for the better,20.23551198686608
243sentences.83,Original,he recalled one evening at law school when he and the program director had pulled an all-nighter,39.35764577708402
243sentences.84,Original,they finally finished drafting a petition for several evicted families at sunrise,43.084824491553846
243sentences.85,Original,over the past four decades the cost of legal education has gone up relentlessly,43.308283872116384
243sentences.86,Original,private law school tuition increased by a factor of four since the 1970s,36.326859080430175
243sentences.87,Original,the market for admission to law school and for new lawyers could eventually crash,30.620973935038005
243sentences.88,Original,law school faculty often have minimal experience in actually practicing law,32.17172258357607
243sentences.89,Original,professors focus on writing law review articles for prestigious journals,30.159000783636735
243sentences.90,Original,law schools often emphasize the theoretical with classes on topics like property law in feudal england,26.573219014761513
243sentences.91,Original,pharmacists are increasingly involved in preventive care,25.919764005858553
243sentences.92,Original,they are becoming front-line health advisers because people go to pharmacies often,23.459172631654365
243sentences.93,Original,pharmacists are often a good source of information about public health,35.767059776244956
243sentences.94,Original,doctors consult with pharmacists because they know a lot about drug interactions and side effects,52.223980562212475
243sentences.95,Original,pharmacists dispense prescription drugs to patients and offer advice about the safe use of medications,49.68655539991475
243sentences.96,Original,they also conduct health and wellness screenings and provide vaccines,24.647041057182072
243sentences.97,Original,pharmacists must have professional degrees and pass two exams in order to be licensed,36.56015300915138
243sentences.98,Original,i think the pharmacy profession chose me as much as i chose to be a pharmacist,36.897244756138186
243sentences.99,Original,i was fascinated by the neatly arranged bottles in pharmacies as a child,38.9139641880793
243sentences.100,Original,i know it's cliche but i love the impact that i have on lives of my patients,20.344243153175114
243sentences.101,Original,each person has his or her own response to potentially stressful situations,41.96135728781738
243sentences.102,Original,one person may be devastated by unemployment while another may find working fulltime stressful,40.358550444045406
243sentences.103,Original,there are everyday stresses like being stuck in traffic,22.901550553985462
243sentences.104,Original,there are also traumatic stresses such as divorce or loss of a child,37.88768792269733
243sentences.105,Original,some people can adapt to different levels of stress,27.874317762955258
243sentences.106,Original,if not dealt with effectively though stress can take a real toll on health,33.291834463149804
243sentences.107,Original,remember that it's your reaction to stress that determines if it will be harmful or beneficial,44.6235535733799
243sentences.108,Original,when my company was downsizing i felt incredibly stressed and worried,19.418221169591416
243sentences.109,Original,my heart would race for no reason and i even felt dizzy at times,33.78939006173895
243sentences.110,Original,then i started taking yoga to try to manage my stress level,30.56763308743355
243sentences.111,Original,the man wore a jet black tuxedo with satin stripes,40.42971931602028
243sentences.112,Original,it was made with rich fabric cut in the latest style,32.3935379624124
243sentences.113,Original,clearly he had it tailored as it fit the man perfectly,15.653838260772714
243sentences.114,Original,it looked like something a professional stylist would have picked out for a formal event,47.26296319700157
243sentences.115,Original,while the tuxedo is still preferred today's grooms are making personal statements in wedding attire,34.16437788337754
243sentences.116,Original,shorter jackets are on the cutting edge of wedding fashion for men,27.77448313989177
243sentences.117,Original,grooms are also jazzing up their tuxedos with colorful shirts and satin ties,43.19381200560188
243sentences.118,Original,a tuxedo jacket is a tailless dinner jacket with black silk lapels,56.50039459545553
243sentences.119,Original,black tie trousers should be a perfect match to the tuxedo jacket,41.90500422806337
243sentences.120,Original,the shirt should always be plain white and the tie should be black and match the jacket lapels,42.539726865387735
243sentences.121,Original,the concert pianist went blind in adulthood,20.809368452661346
243sentences.122,Original,her blindness was caused by a genetic condition that slowly damaged the eyes,25.649412535458904
243sentences.123,Original,she told interviewers that being blind was an advantage to a pianist,30.473469185401484
243sentences.124,Original,she had no visual distractions so she could concentrate more fully on her music,42.90232028936534
243sentences.125,Original,the government defines blindness as vision insufficient for the ordinary activities of life,25.475079541879538
243sentences.126,Original,by establishing the parameters of legal blindness resources can be focused on the legally blind,44.24078814160913
243sentences.127,Original,this may overlook those who have vision problems but who do not meet the standard,40.09377468550235
243sentences.128,Original,in developing countries blindness in children is usually caused by infectious disease and nutritional deficiencies,61.22152506856469
243sentences.129,Original,these causes can often be prevented by medicine and vitamin supplements,33.33968822295142
243sentences.130,Original,in developed countries blindness is more likely to be caused by genetic problems,45.03515060479284
243sentences.131,Original,no one really knows exactly how a taste gets from your mouth to your brain,41.807400941943925
243sentences.132,Original,scientists think the process begins when a molecule of food touches a taste bud cell,37.4447858618183
243sentences.133,Original,the cell carries a taste message to taste nerves beneath the cell,26.30419417184056
243sentences.134,Original,it was once believed that each taste bud responded to one of the four basic tastes,46.69360149949775
243sentences.135,Original,that is a taste bud on the tip of the tongue would respond only if you were eating something sweet,59.81965944832038
243sentences.136,Original,scientists now think that a single taste bud can be sensitive to all of the basic tastes,47.546290266115705
243sentences.137,Original,my sense of taste isn't very good so i tend to eat foods with very strong flavors,45.9023059442951
243sentences.138,Original,i like lots of hot sauce and i drink my coffee with no cream so it's very bitter,31.30288863481659
243sentences.139,Original,i can't even taste sweetness well so when i make cookies i add extra sugar,26.34674016957941
243sentences.140,Original,hip fractures are a real problem for aging individuals,30.537453984842507
243sentences.141,Original,patients are faced with the pain of the break and the difficult process of healing,31.555717323878568
243sentences.142,Original,families have to adjust to the patient's loss of independence,24.208801650203704
243sentences.143,Original,and for society hip fractures involve substantial expense and time in the hospital,37.20111369231548
243sentences.144,Original,halfway through the race i heard a sound like someone snapping their fingers,36.30793751031254
243sentences.145,Original,i felt a crunch and i knew instantly that my foot was broken,21.12377488161552
243sentences.146,Original,every step felt like running on spikes,19.808292069426848
243sentences.147,Original,at the doctor's office afterward the x-ray clearly showed the fracture,11.79102943624298
243sentences.148,Original,there are a few different types of bone fracture,31.94632347178904
243sentences.149,Original,in closed or simple fractures the bone is broken but the skin is intact,23.913351969047653
243sentences.150,Original,in open or compound fractures the broken bone has punctured the skin and produced an open wound,43.396278971408954
243sentences.151,Original,new ear piercings can become infected if they're not carefully cleaned,35.06255503143848
243sentences.152,Original,signs of infection include tenderness swelling or redness around the earlobe,31.629407287944698
243sentences.153,Original,if you see these symptoms clean the area and apply some ointment,24.415269223246153
243sentences.154,Original,if the redness and swelling don't go away contact your health care provider,44.209804420391755
243sentences.155,Original,a local hospital has initiated new measures to reduce infections,24.894997930942203
243sentences.156,Original,they have improved hand washing habits and ensured that infected patients are isolated from other patients,48.058486077501406
243sentences.157,Original,the hospital has seen infection rates drop since the new measures began,24.449927430799114
243sentences.158,Original,scrubbing a wound with soap or alcohol delays healing which increases the risk of infection,34.76912273834747
243sentences.159,Original,band-aids can increase the risk of infection by holding in heat and moisture,25.881759127641963
243sentences.160,Original,fortunately most skin infections can easily be treated once they are diagnosed,43.08081011308013
243sentences.161,Original,modern opera started at the end of the sixteenth century,34.42371115951687
243sentences.162,Original,it began as an effort to rediscover and imitate greek tragic performance,25.934468846029862
243sentences.163,Original,early founders of opera chose tales from antiquity for their subject matter,26.995275493799472
243sentences.164,Original,later operas branched out into different sources of stories and musical traditions,36.11599849147725
243sentences.165,Original,opera is an art form in which singers and musicians perform a play that combines words and music,41.69015365010898
243sentences.166,Original,it incorporates many of the elements of spoken theatre such as acting scenery and costumes,39.6286810871165
243sentences.167,Original,performances are typically given in an opera house and accompanied by an orchestra,43.65667492325328
243sentences.168,Original,the opera singer has worked hard to win the role in the new production,49.95876689468168
243sentences.169,Original,her job is not just about singing,18.072172695829728
243sentences.170,Original,acting stage presence and musical interpretation are all critical,14.253084251953855
243sentences.171,Original,but her pure strong voice is certainly the star of the show,17.461635314563647
243sentences.172,Original,a painter must keep many elements in mind while completing a painting,29.836516547413297
243sentences.173,Original,she has to use solid elements of design like strong composition and lighting,20.338872343236474
243sentences.174,Original,she has to execute the brush strokes with skill,28.749745935269406
243sentences.175,Original,most importantly the content of the painting should reveal a glimpse of the painter's soul,35.618871993375556
243sentences.176,Original,long ago painters were employed more as skilled artisans than as creative artists,39.93575063693522
243sentences.177,Original,however prominent painters had the social status of scholars and members of the royal court,39.33346425458482
243sentences.178,Original,they signed their work decided on its subject and imagery and established a personal relationship with their patrons,42.838600527013455
243sentences.179,Original,as a painter i learned to focus less on the actual scene and more on the painting itself,33.56696201977739
243sentences.180,Original,an artist's eye is not a camera lens that has to record everything within its field of vision,41.05278900480196
243sentences.181,Original,i found nature provides useful information but more than is needed for a good painting,36.51249508811794
243sentences.182,Original,the eagle owl is an impressive bird,23.313790735776553
243sentences.183,Original,it has ear tufts that stick up like horns,22.686409794873185
243sentences.184,Original,its large orange eyes are downright creepy and look like they could pierce right through you,47.84767271327442
243sentences.185,Original,this owl hunts at night flying swiftly and silently through the darkness,41.86247002959344
243sentences.186,Original,while some owl species have become endangered others are thriving,23.866385306332838
243sentences.187,Original,the barred owl has spread well beyond its previous habitat,29.7553727464523
243sentences.188,Original,early findings suggest that logging may have facilitated the barred owl's invasion,30.86994889745215
243sentences.189,Original,the owl landed on a thick branch and gripped it with her talons,34.7787921812823
243sentences.190,Original,she pressed her wings to her sides and settled down half-closing an eye,32.38119279567085
243sentences.191,Original,she might have been a statue but for the glow of her eyes,36.75016456744128
243sentences.192,Original,it's unnerving to watch a polar bear stalk across floating sea ice,40.074814595026226
243sentences.193,Original,it's even worse when you are submerged in the frigid waters directly beneath the huge animal,52.847802228697155
243sentences.194,Original,overhead giant paws set down on the ice as the polar bear pursued its prey,43.82889801531771
243sentences.195,Original,as part of the film crew for a polar bear documentary i spent months capturing these shots,42.539214558511446
243sentences.196,Original,polar bears are one of the few animals that will attack people for reasons other than fear or confusion,48.22575282707248
243sentences.197,Original,they may attack out of hunger because they live in a food-scarce environment,27.630803492166436
243sentences.198,Original,they will sneak up on people slowly careful to conserve their energy,29.3961029893395
243sentences.199,Original,the seal is an important part of the polar bear's diet,27.94713439482709
243sentences.200,Original,when hunting they will wait by a seal's breathing hole or stalk seals that are basking on the ice,39.89997255706495
243sentences.201,Original,the polar bear will crawl quietly forward and freeze in place when the seal looks around,46.713755547666246
243sentences.202,Original,the medieval castle was not a structure built primarily for defense,31.264788340207858
243sentences.203,Original,its purpose was to dominate its surroundings,18.219396868466273
243sentences.204,Original,a castle could easily control lands within a day's walk,18.20222161832373
243sentences.205,Original,during times of attack peasants livestock and property could be brought inside the castle's walls for protection,30.106994028528113
243sentences.206,Original,spectacular castles in dramatic locations provide a record of the stormy history of many regions,39.4818518200807
243sentences.207,Original,today they stand atop rocky cliffs overlooking beautiful landscapes and quaint villages,59.35955963184535
243sentences.208,Original,in the past they were home to battles plots and intrigue,18.49253519295037
243sentences.209,Original,upon leaving the train station we saw our hotel looming above a magnificent castle built on a cliff,61.01919809445544
243sentences.210,Original,the thick outside walls sheltered an inner courtyard hundreds of feet above the river,42.46682331184177
243sentences.211,Original,our tower rooms had an incredible but slightly scary view,21.324978967875087
243sentences.212,Original,after climbing fifty feet up the side of the pyramid the man gestured me into a small black entranceway,46.3701132359093
243sentences.213,Original,this led into the chamber at the pyramid's center,13.802143822282387
243sentences.214,Original,i followed him down the steep dark narrow passage,25.23106459209393
243sentences.215,Original,the smell inside the pyramid was chalky and the air was thick,21.598150535914197
243sentences.216,Original,more than just the tomb of the king pyramids represented the pride of the nation,33.312591147044145
243sentences.217,Original,the care that the pyramid builders took in their craft is evident,28.842878608309054
243sentences.218,Original,the stones covering the pyramid were precisely fitted together and polished until the structure gleamed,34.74232113474485
243sentences.219,Original,architects are still working to solve the mysteries of how pyramids were constructed,33.63193703015025
243sentences.220,Original,some think ramps were built inside the pyramid's walls to raise stone blocks,25.100077480425437
243sentences.221,Original,others speculate that ramps zigzagged up the exterior walls of the pyramid,35.819009520271706
243sentences.222,Original,even beginner rock climbing takes courage and strength,20.782894148507516
243sentences.223,Original,climbers who are learning the sport can try scrambling on large boulders,26.423340571429133
243sentences.224,Original,once they're comfortable with that they can begin using ropes to safely climb vertical rock faces,44.64719459578587
243sentences.225,Original,all of the boys on the trip were new to rock climbing,22.04428420223371
243sentences.226,Original,many were afraid of heights,13.347814085430727
243sentences.227,Original,having someone else check their knots and harnesses helped them calm down,33.26912046906985
243sentences.228,Original,the adults set up climbing routes appropriate for beginners,30.481951767373992
243sentences.229,Original,free-climbing is one particular style of rock climbing,22.56056995571568
243sentences.230,Original,the climber relies solely on her skill and physical strength to ascend a rock face,46.85899275635446
243sentences.231,Original,rope and bolts are the only equipment used,14.208284061633957
243sentences.232,Original,they are meant only to stop the climber if she falls,26.586184289722294
243sentences.233,Original,i hesitantly skied down the steep trail that my buddies convinced me to try,44.54976760422305
243sentences.234,Original,i made a bad turn and i found myself tumbling down,26.286754339171967
243sentences.235,Original,i finally came to a stop at a flat part of the slope,31.752633410637472
243sentences.236,Original,my skis were nowhere to be found and my poles were lodged in a snow drift up the hill,50.67387707462678
243sentences.237,Original,a major strength of professional skiers is how they use ski poles,31.301651660802275
243sentences.238,Original,proper use of ski poles improves their balance and adds flair to their skiing,33.02175191271711
243sentences.239,Original,it minimizes the need for upper body movements to regain lost balance while skiing,40.19821184202307
243sentences.240,Original,new ski designs and stiffer boots let skiers turn more quickly,21.069874536869197
243sentences.241,Original,but faster and tighter turns increase the twisting force on the legs,26.119049684552945
243sentences.242,Original,this has led to more injuries particularly to ligaments in the skier's knee,15.06721832440029
384sentences.0,Original,an accordion is a portable musical instrument with two keyboards,32.442673346297624
384sentences.1,Original,one keyboard is used for individual notes the other for chords,18.090629715923047
384sentences.2,Original,accordions produce sound with bellows that blow air through reeds,16.986362958667247
384sentences.3,Original,an accordionist plays both keyboards while opening and closing the bellows,29.253346507970694
384sentences.4,Original,an apartment is a self-contained home that is part of a building,20.53590615417916
384sentences.5,Original,an apartment may have one or more rooms as well as a kitchen and a bathroom,40.69226275256028
384sentences.6,Original,some apartments are for single people others for families,9.67528180696574
384sentences.7,Original,the building can have a garage a laundry facility or extra storage space,37.67385106804585
384sentences.8,Original,an apple is a fruit that can be green red or yellow,26.109093954822633
384sentences.9,Original,apples have thin skin a crisp sweet pulp and seeds inside,28.095540153393358
384sentences.10,Original,some very tart apples are used to make cider,35.907889277903166
384sentences.11,Original,apples can be eaten raw roasted or baked in pies,35.267579088493555
384sentences.12,Original,arson is the criminal act of burning a building or wildland,23.73393684344296
384sentences.13,Original,a fire investigation determines if a fire was caused by accident or arson,34.52457927003578
384sentences.14,Original,arson can be done to cause damage to others or collect insurance,33.44090717253507
384sentences.15,Original,the severity of the crime depends on whether people were harmed,30.00042394317007
384sentences.16,Original,an automobile or car is a wheeled vehicle for transporting passengers,43.262984804149966
384sentences.17,Original,a car can be powered by a gasoline or electric engine,29.61958559548123
384sentences.18,Original,the driver steers the car on roads other passengers just sit,28.56502181672413
384sentences.19,Original,automobiles vary in size number of doors and the type of trunk,24.572519672513288
384sentences.20,Original,the axe is a tool used to split and cut wood,27.40807574861385
384sentences.21,Original,the axe usually consists of a head attached to a handle,24.268019995381035
384sentences.22,Original,historically axe heads were made of stone and then metal,19.56634120972142
384sentences.23,Original,axes are used by woodcutters and firemen entering buildings,25.749862283648014
384sentences.24,Original,a banana is a long fruit that grows in bunchs with a soft edible inside,25.60980064758716
384sentences.25,Original,a banana when ripe can be yellow purple or red and have small brown spots,37.34086250138854
384sentences.26,Original,the greatest producers are tropical countries such as india or ecuador,30.777808718554162
384sentences.27,Original,unripe bananas and plantains are staple foods and often cooked like potatoes,42.5935059307032
384sentences.28,Original,a bed is a piece of furniture used as a place to sleep or have sex in,38.87086282502625
384sentences.29,Original,a bed is made of a mattress and a box spring plus sheets pillows and covers,23.98705589147651
384sentences.30,Original,in waterbeds the mattress is filled with water and in airbeds it is filled with air,34.0740580522786
384sentences.31,Original,another type of bed is the hammock a fabric sling suspended above the ground,39.886896935088224
384sentences.32,Original,a bee is a flying insect with a black and yellow body and six legs,35.411602054761644
384sentences.33,Original,bees spread pollen between flowers as they collect nectar to make honey,27.612085487935794
384sentences.34,Original,bees are social insects and live together in a colony located in a hive,37.252945817953325
384sentences.35,Original,many bees have stingers and can attack if they feel threatened,27.251694743522513
384sentences.36,Original,a bicycle is a vehicle with two wheels and pedals on a frame,29.074968378092997
384sentences.37,Original,a bicycle is propelled by the pedalling of a cyclist on the saddle,29.479021754501968
384sentences.38,Original,the wheels have rubber tires with an inner tube full of air,36.802883148585664
384sentences.39,Original,people use bicycles for transportation recreation and racing,15.21416653062159
384sentences.40,Original,a blacksmith creates objects by forging iron or steel,23.094126465148804
384sentences.41,Original,a blacksmith hammers and bends hot iron on an anvil to change its shape,43.066782206192464
384sentences.42,Original,blacksmiths wears a thick apron and handle the metal with tongs,23.424371258687223
384sentences.43,Original,blacksmiths make objects like weapons horse shoes or iron furniture,18.682811138030413
384sentences.44,Original,a blender is a kitchen appliance used to mix ingredients or puree food,39.41639513137115
384sentences.45,Original,blenders have a glass or plastic container with a rotating blade in the bottom,46.57294191694179
384sentences.46,Original,blenders are used to make milk shakes and fruit smoothies,41.41121549470415
384sentences.47,Original,blenders are also used to make cold alcoholic drinks with crushed ice,46.061510156146134
384sentences.48,Original,a boy is a young male child who has not undergone puberty,36.57741412759641
384sentences.49,Original,the term is used to indicate sex distinctions relative to girls,28.2949339557701
384sentences.50,Original,traditionally boys like to play rough games and fight with each other,34.486599985319074
384sentences.51,Original,an adult male behaving immaturely is often referred to as a boy,51.06347230424628
384sentences.52,Original,broccoli is a plant in the cabbage family,16.4132054684433
384sentences.53,Original,broccoli has a green flower head and a thick tough stalk,24.295401010865636
384sentences.54,Original,broccoli is high in vitamins fiber and other nutrients,14.638573935866342
384sentences.55,Original,broccoli can be boiled stir-fried or eaten raw,22.688947561372444
384sentences.56,Original,a butterfly is a flying insect with four large wings,25.074015110252212
384sentences.57,Original,the wings of butterflies can be very colorful and patterned,24.15214310976864
384sentences.58,Original,metamorphosis is the transformation of a caterpillar into a butterfly,22.85372014592902
384sentences.59,Original,some people collect butterflies because of their colorful wings,24.620851514708892
384sentences.60,Original,a carpenter is an artist or manual laborer who works with wood,39.17470371158999
384sentences.61,Original,carpenters build and repair houses furniture boats and other objects,21.718222445273053
384sentences.62,Original,carpenters use tools such as hammers saws pliers and planes,20.333237707542715
384sentences.63,Original,a luthier is a carpenter that makes and repairs musical instruments,28.060685181778734
384sentences.64,Original,cats are small furry animals with four legs and a tail,33.23013940953985
384sentences.65,Original,cats like to groom themselves by licking their fur,24.491333178974926
384sentences.66,Original,cats can hunt mice or birds but are often fed by their owners,31.46213677318317
384sentences.67,Original,the claws of cats are retractable so that they keep sharp,19.679787486464303
384sentences.68,Original,a chair is a piece of furniture designed for people to sit on,36.8536836597154
384sentences.69,Original,chairs consist of a seat raised above floor level supported by legs,32.11928794224495
384sentences.70,Original,chairs can also have back and arm rests as well as a cushion,37.598382765591516
384sentences.71,Original,seats are fixed chairs located in vehicles or in places like cinemas,23.29361874997845
384sentences.72,Original,a clarinet is a woodwind musical instrument,23.223262229745636
384sentences.73,Original,a clarinet is a long black tube with a flare at the bottom,29.522573659594542
384sentences.74,Original,the player chooses notes by pressing keys and holes,24.28634586722832
384sentences.75,Original,the clarinet is used both in jazz and classical music,25.465352188798043
384sentences.76,Original,a cod is a fish that lives in the colder areas of the atlantic,29.053790741257156
384sentences.77,Original,cod flesh is white and mild-tasting and flakes easily when cooked,21.874932829466783
384sentences.78,Original,fresh cod is used for fish and chips salted cod for elaborate dishes,46.936683042470996
384sentences.79,Original,cod has been caught salted and traded since the time of the vikings,28.990590334068386
384sentences.80,Original,coffee is made from coffee beans the seeds of the coffee plant,29.467633652747377
384sentences.81,Original,coffee is a popular drink in many countries and usually served hot,26.030140290559977
384sentences.82,Original,coffee contains a mild drug called caffeine that keeps people awake,23.143389007370406
384sentences.83,Original,coffee is the world's seventh-largest legal agricultural export,20.905314997369793
384sentences.84,Original,a desert is a natural environment where almost no rain falls,33.5994837989671
384sentences.85,Original,hot deserts are usually filled with sand dunes or rocks,43.38361009834417
384sentences.86,Original,some animals and plants have adapted to live in deserts,26.61621220063071
384sentences.87,Original,the biggest hot desert is the sahara in northern africa,22.407152142681625
384sentences.88,Original,a desk is a piece of furniture used for working at sometimes with a computer,35.61221512581076
384sentences.89,Original,a desk has a flat surface and can be made of wood plastic or metal,39.94280692029969
384sentences.90,Original,a desk may have drawers to store supplies and papers,18.741993633893458
384sentences.91,Original,a cubicle consists of a desk surrounded by partitions on three sides,31.785384709448234
384sentences.92,Original,a door is a movable barrier to entrance or exit from an enclosed area,40.20066086379305
384sentences.93,Original,most doors have locks to control who gets to pass through them,24.40406721318939
384sentences.94,Original,most doors are opened by pushing or pulling a handle after they are unlocked,26.78426406751401
384sentences.95,Original,other types of doors can slide or consist of a revolving chamber,31.00322167182849
384sentences.96,Original,a dress is a piece of clothing that women sometimes wear,22.96666079941582
384sentences.97,Original,a dress is like a shirt attached to a long matching skirt,26.36486554057962
384sentences.98,Original,a dress is usually worn at formal occasions such as a wedding or a dance,42.295797938929326
384sentences.99,Original,it can be hard to climb stairs or ride a bike in a dress,39.51534766408569
384sentences.100,Original,drunk driving is the act of driving under the effects of alcohol,30.663789349858508
384sentences.101,Original,drunk driving of any vehicle is a crime in most of the world,33.33319712209533
384sentences.102,Original,it plays a role in almost half of all vehicle-related deaths,23.407133789086043
384sentences.103,Original,drunk drivers are caught by field sobriety and breathing tests,31.130044497721194
384sentences.104,Original,a drought is a persistent shortage of the water supply caused by lack of rain,46.08339571395423
384sentences.105,Original,drought will cause crops and plants to stop growing and die,21.129255944177874
384sentences.106,Original,extreme drought will eventually turn areas into desert and cause famine,25.749423431899412
384sentences.107,Original,large numbers of people have to migrate away from dust bowls,43.954293069345866
384sentences.108,Original,eagles are large birds of prey that hunt during the day and have very good eyesight,33.01019920676401
384sentences.109,Original,eagles have hooked beaks for tearing flesh strong legs and sharp talons,42.115897311981854
384sentences.110,Original,eagles live in eyries and some species eat fish and others small mammals,34.351574618609696
384sentences.111,Original,the bald eagle has a bright white head and is the national bird of the united states,46.61926428218957
384sentences.112,Original,earthquakes shake the ground and can knock down buildings and other structures,30.71913921051687
384sentences.113,Original,the shaking can also trigger landslides and volcanic activity,30.620651724573953
384sentences.114,Original,most earthquakes are caused by the release of energy in the earth's crust,30.667291480713093
384sentences.115,Original,an earthquake at sea can displace the seabed and cause a tsunami,32.10420409956724
384sentences.116,Original,elephants are the largest kind of land mammal weighing several tons,34.55219705768009
384sentences.117,Original,an elephant has a long nose called a trunk which can grab things or food,34.12586357628386
384sentences.118,Original,the elephant has a pair of ivory tusks for moving objects or digging into trees,50.357913187080584
384sentences.119,Original,the elephant flaps its large ears to cool the blood in them and its body,28.902985358630254
384sentences.120,Original,the eye is an organ for sensing light and coding it for the visual cortex,37.995443283741615
384sentences.121,Original,most animals have complex eyes which can detect color motion and texture,19.900777384319767
384sentences.122,Original,the fovea is the center of the human eye and the most sensitive part of it,40.21545118568967
384sentences.123,Original,insects have compound eyes made up of eye units facing in many directions,22.66051990617656
384sentences.124,Original,a farm is land used to grow plants or raise animals for food,31.28572779992049
384sentences.125,Original,farmers are the people who run the farm and decide what to produce,29.688356745837357
384sentences.126,Original,farms usually have a house for farmers a silo and a barn,18.61857460981594
384sentences.127,Original,a cooperative is a farm where many farmers share the land and equipment,26.93188594719166
384sentences.128,Original,primates usually have four fingers and a thumb on each hand,19.884941968976573
384sentences.129,Original,fingers are used for grasping writing grooming and other activities,22.54327438289211
384sentences.130,Original,the fingertips are sensitive to temperature pressure and vibration,13.479328953533079
384sentences.131,Original,the nail protects the tip of the finger and can be grown or decorated,26.468050464439404
384sentences.132,Original,a flood is an overflow of an expanse of water that submerges inhabited land,34.521198569281154
384sentences.133,Original,flood can be caused by heavy rain or rapid snow melt as well as earthquakes at sea,58.94105028369183
384sentences.134,Original,in a flood a river will flow out of its channel or break dams and levees,36.426019201525364
384sentences.135,Original,during a flood people evacuate and the contaminated water causes diseases,21.183167942331288
384sentences.136,Original,a floor is a horizontal surface inside a building used for walking on,30.219710134410366
384sentences.137,Original,floors may be made of bare concrete tile linoleum or wooden floorboards,50.7221843095632
384sentences.138,Original,people often put carpets on a floor for comfort and to dampen noise,27.714341211076324
384sentences.139,Original,in buildings the floor often has pipes and electrical wiring under it,27.10802058924695
384sentences.140,Original,a foot is a body part on the end of a leg,22.77125406802748
384sentences.141,Original,people use their feet when walking running or standing straight,20.051609321790526
384sentences.142,Original,people also use their feet to kick in both fighting and sports,21.99955407026083
384sentences.143,Original,many cultures have rules for behavior related to feet,21.083471139662244
384sentences.144,Original,a forest is an area with a high density of trees and canopy cover,38.49536542154855
384sentences.145,Original,the type of forest depends on temperature and rainfall in its location,29.333966765928224
384sentences.146,Original,a forest ecosystem has various types of trees and animals as well as ground plants,48.40438725010465
384sentences.147,Original,deforestation is the cutting down of forests disregarding regeneration,12.993227292238046
384sentences.148,Original,a fork is a tool for eating solid foods with a handle and several tines,41.5865360701528
384sentences.149,Original,forks are usually made of metal or plastic if disposable,20.745705118980222
384sentences.150,Original,forks are used to lift food to the mouth or to hold food in place while cutting,33.64615351159645
384sentences.151,Original,forks are used in western cultures and there are special kinds for various foods,38.536638720031796
384sentences.152,Original,a frying pan is a small pan with sloping sides and a handle,47.116359058370165
384sentences.153,Original,a frying pan is used to fry sear and brown food,33.40385181456169
384sentences.154,Original,the food is cooked on oil covering the bottom of the pan,24.69377367865066
384sentences.155,Original,frying pans are made of iron or teflon-clad steel,24.510679056578823
384sentences.156,Original,a girl is a female human who has not yet reached maturity,36.89126995180775
384sentences.157,Original,at puberty the body of a girl develops into that of a woman,27.539381768226004
384sentences.158,Original,girls often like playing with dolls and social games,20.013071967716325
384sentences.159,Original,girls sometimes grow long hair and wear dresses and skirts,29.228738449697538
384sentences.160,Original,a glove is a piece of clothing that covers the hand and fingers,27.32140989461995
384sentences.161,Original,gloves to protect against cold are made of wool or lined waterproof material,35.87200829908991
384sentences.162,Original,disposable rubber or latex gloves are used to shield hands from germs or chemicals,47.62957828503398
384sentences.163,Original,a mitten is a kind of glove where the four fingers are covered together,26.990055117013437
384sentences.164,Original,a hammer is a tool used to deliver an impact to an object,36.36742990344962
384sentences.165,Original,a hammer is most often used to drive nails into wood,35.964824152936764
384sentences.166,Original,the claw on the head can be used to remove nails,30.289545957116047
384sentences.167,Original,hammers vary in the shape of the head and handle length,21.96119438417805
384sentences.168,Original,a hand grenade is an explosive used as a weapon against people,38.90569140233696
384sentences.169,Original,hand grenades are thrown and timed to explode a bit after that,30.886621618990986
384sentences.170,Original,grenades can also be fired from rifles or shoulder launchers,22.714253191200022
384sentences.171,Original,tear gas grenades are thrown into the middle of a mob to disperse it,49.9414285601984
384sentences.172,Original,a horse is a large hoofed mammal with four long muscular legs,42.672275618421814
384sentences.173,Original,a horse has a tail and a mane on its neck and is usually gray or brown,35.46681645617284
384sentences.174,Original,horses have been used for draft work travel and entertainment,22.67512267142658
384sentences.175,Original,a human can ride a horse while it walks trots or gallops,21.163754587329468
384sentences.176,Original,people go to hospitals to be healed when they are sick or injured,38.86390109555368
384sentences.177,Original,hospitals are staffed by professional physicians surgeons and nurses,22.592647794057754
384sentences.178,Original,some patients go there for specialist diagnosis or therapy leaving the same day,24.300838094804753
384sentences.179,Original,for some operations or treatments patients have to stay for several weeks,29.454380989919876
384sentences.180,Original,a house is a permanent building or structure for people or families to live in,29.854222045528076
384sentences.181,Original,a house has a roof and walls to keep out cold and rain and windows to let light in,35.348787011977976
384sentences.182,Original,a house can have rooms for purposes like sleeping cooking or washing,21.078861708228377
384sentences.183,Original,most people leave the house to work and come back at night to eat and sleep,38.27616301617013
384sentences.184,Original,an igloo is a type of shelter made from blocks of snow by inuit,29.264825752931294
384sentences.185,Original,igloos are built in places where snow covers the land most of the time,37.357378665423305
384sentences.186,Original,igloos are often built in the shape of a dome with an entrance tunnel,39.59753642820471
384sentences.187,Original,air pockets in snow insulate the space and body heat warms igloos,28.412995019551833
384sentences.188,Original,a knife is a tool with a sharp edge that is used to cut things,38.13195620491089
384sentences.189,Original,modern knives consist of a handle and a blade usually made of metal,19.70846941697228
384sentences.190,Original,knives have also been used as weapons and instruments in rituals,24.16747106858895
384sentences.191,Original,a knife can be used to attack by slashing stabbing or throwing,32.45069725875367
384sentences.192,Original,lentils are the seeds of a plant of the legume family,24.293189594988657
384sentences.193,Original,lentils can be red green brown black or yellow,17.71833586698798
384sentences.194,Original,lentils are commonly used in indian and mediterranean cuisines,27.380803020251534
384sentences.195,Original,lentils are cooked by boiling and are a great source of protein,26.709044883122687
384sentences.196,Original,lettuce is a biennial plant often grown in temperate climates as a leaf vegetable,46.094476041382485
384sentences.197,Original,lettuce can be eaten cold and raw in salads and other dishes or cooked,36.52892538798937
384sentences.198,Original,lettuce is considered fairly easy to grow and a suitable crop for beginners,40.039388514543305
384sentences.199,Original,most lettuce leaves taste bitter but some are bred to remove the bitterness,38.19140842169169
384sentences.200,Original,a library is a place where a collection of books documents and media is kept,31.904688442791098
384sentences.201,Original,librarians work at libraries and are experts at finding and organizing information,25.37384686689057
384sentences.202,Original,people can go to public libraries and borrow books to take home for several weeks,48.3920117900126
384sentences.203,Original,academic libraries support scholarly research and have specialized books,29.51338783360526
384sentences.204,Original,a log cabin is a small house built from round logs,35.996676967371556
384sentences.205,Original,log cabin is a symbol of american frontier life and humble origins,40.129578746550536
384sentences.206,Original,log cabins were used as first shelters by european settlers,32.121204360213405
384sentences.207,Original,log cabins were built using logs with notch joints at the ends,36.08881881757182
384sentences.208,Original,a man is a male human adult,18.70327419906044
384sentences.209,Original,a boy becomes a man after passing through puberty,29.916142109592197
384sentences.210,Original,manhood is associated with masculinity and virility,20.48296359889152
384sentences.211,Original,men differ from women in height weight and body structure,21.16852333606473
384sentences.212,Original,milk is a white liquid produced by female mammals to feed their young,33.204082536621065
384sentences.213,Original,newborn animals must be fed milk before they can eat solid food,44.969688578574484
384sentences.214,Original,dairy products such as cheese and butter are made from milk,35.065426300589635
384sentences.215,Original,liquid produced from soybeans and coconuts is sometimes called milk,24.91690122903726
384sentences.216,Original,mosquitos are thin small flying insects that emit a high-pitched sound,24.657611035180004
384sentences.217,Original,mosquitoes have mouthparts for piercing the skin of plants and animals,19.11283690032954
384sentences.218,Original,female mosquitoes bite people and animals and suck their blood for protein,31.730224472934125
384sentences.219,Original,mosquito bites can spread yellow fever malaria and other parasite diseases,43.444470129426165
384sentences.220,Original,a mountain is a landform that rises steeply above surrounding land,32.3604884970174
384sentences.221,Original,mountains rise higher than hills and sometimes have snow at the top,30.2246653422038
384sentences.222,Original,a range of mountains forms due to tectonic plate collision,28.54246349355209
384sentences.223,Original,mountaineers are people who climb or hike up mountains,23.174735477234567
384sentences.224,Original,the mouth is the face cavity we put food in when we eat,20.13598021178424
384sentences.225,Original,the mouth has teeth to chew food and mix it with saliva,24.767367633341575
384sentences.226,Original,the mouth is also used for kissing and talking,20.169505848487503
384sentences.227,Original,speech sounds are controlled by tongue placement in the mouth,30.244440635958124
384sentences.228,Original,a mug is a sturdy cup with a handle for drinking hot liquids,30.330086601856504
384sentences.229,Original,a mug is normally ceramic but can also be made of metal or glass,28.246784428929857
384sentences.230,Original,a mug is thick and has a ring base for thermal insulation,30.08913227279212
384sentences.231,Original,mugs can be plain or have drawings imprinted or carved on them,19.256994730247726
384sentences.232,Original,murder is the unlawful killing of another human being with intent,27.48403598574648
384sentences.233,Original,murder a serious crime because it deprives the victim of their existence,37.847289622069376
384sentences.234,Original,killing in self-defense accidentally or in war is not considered murder,17.991125465614633
384sentences.235,Original,a convicted murderer is often given a life sentence or the death penalty,40.799485628106964
384sentences.236,Original,orange juice is a drink made from the liquid in orange pulp,37.61436490663376
384sentences.237,Original,orange juice has a sweet acid taste and contains a lot of vitamin c,43.12746300400731
384sentences.238,Original,freshly squeezed orange juice often contains pulp as well,48.761075397712965
384sentences.239,Original,orange juice is often drunk at breakfast from a glass,33.834608188288435
384sentences.240,Original,a parrot is a bird that lives in warm and tropical regions,32.35099767216592
384sentences.241,Original,parrots have brightly-colored feathers and a sharp curved beak,25.331605867506042
384sentences.242,Original,parrots can imitate the human voice if they hear it repeatedly,26.716277291767163
384sentences.243,Original,their appearance and abilities makes them popular pets,18.236386720868598
384sentences.244,Original,a peach is an orange-yellow fruit with a characteristic smell,18.30258637094429
384sentences.245,Original,the skin of a peach is thin and covered in small fine hairs,25.759213540005618
384sentences.246,Original,peaches have a large red-brown stone inside which contains the seed,17.497710729473166
384sentences.247,Original,peaches are sweet and delicate and must be harvested after ripening,30.45109859892905
384sentences.248,Original,the piano is a popular musical instrument played by means of a keyboard,42.68960175812863
384sentences.249,Original,pressing a piano key causes a felt-tipped hammer to hit a vibrating steel string,30.695706851176443
384sentences.250,Original,the piano has an enormous note range and pedals to change the sound quality,27.65521593006072
384sentences.251,Original,the piano repertoire is large and famous pianists can give solo concerts,34.48047625438883
384sentences.252,Original,piranhas are small ferocious fish that live in south american rivers,21.12199945196428
384sentences.253,Original,piranhas live and attack in schools and are most active during the day,28.346021737380564
384sentences.254,Original,piranhas have very sharp teeth and are opportunistic carnivores,28.264837601319005
384sentences.255,Original,piranhas eat fish insects lizards mammals and carrion,16.908844629850606
384sentences.256,Original,the raspberry is a fruit that grows in forest clearings or fields,25.749928714257535
384sentences.257,Original,a single raspberry consists of many small fruits joined together,27.974972727124335
384sentences.258,Original,raspberries are eaten by themselves or cooked with sugar into jam,28.428563414759815
384sentences.259,Original,leaves of the raspberry are used fresh or dried in herbal teas,32.06681536220526
384sentences.260,Original,a raven is a large black bird that thrives in many climates,33.083727520019536
384sentences.261,Original,ravens feed on carrion insects berries or small animals,31.392508727985643
384sentences.262,Original,ravens have large brains and are capable of problem solving,29.798068614617485
384sentences.263,Original,in folklore ravens are birds of ill-omen and also tricksters,13.818913016191338
384sentences.264,Original,a refrigerator is a cooling device used to contain and preserve food,29.777932471884135
384sentences.265,Original,some refrigerators can have a small compartment at freezing temperature,26.80614613835741
384sentences.266,Original,a refrigerator can have shelves and small compartments for different types of food,31.274669886518122
384sentences.267,Original,a refrigerator is generally white and people often put magnets on its surface,24.874130929946947
384sentences.268,Original,a rifle is a firearm that rests on the shoulder and has a barrel with twisting grooves,39.95204420340712
384sentences.269,Original,the grooves make the bullets spin around the rifle axis as they fly through the air,34.10038780920257
384sentences.270,Original,rifles are used in hunting and shooting sports sometimes with scopes,23.72369670510026
384sentences.271,Original,assault rifles can fire in bursts and are the standard infantry weapon,27.401184048055008
384sentences.272,Original,salmon is a fish that migrates from fresh water to the ocean and back to spawn,39.90306687015917
384sentences.273,Original,salmon flesh is orange or red and has high protein content and a nice taste,37.624967146175095
384sentences.274,Original,salmon can be eaten raw in sushi or cooked by grilling poaching or in other ways,41.831608094612406
384sentences.275,Original,salmon is the most common farmed fish though it can also be caught in the wild,43.72201252881924
384sentences.276,Original,a saw is a tool that uses a hard blade or abrasive wire to cut hard materials,31.244352265600206
384sentences.277,Original,the small sharp points along the cutting side of the saw are called the teeth,34.109885849364495
384sentences.278,Original,saws can be worked by hand or powered by an electric motor or gas engine,49.584282000434264
384sentences.279,Original,saws are used extensively in forestry construction carpentry and medicine,31.123992801193335
384sentences.280,Original,a scientist studies and produces new knowledge about the physical world,27.256266969274293
384sentences.281,Original,a scientist creates hypotheses and does experiments to test them,14.251172141701826
384sentences.282,Original,physics chemistry and biology are classic examples of sciences,21.494906063341265
384sentences.283,Original,scientists publish their research in journals and conferences,18.702993594260203
384sentences.284,Original,scissors are a two-bladed instrument used for cutting,13.196167141974078
384sentences.285,Original,the blades are usually metallic with plastic or metal handles,29.588881103871902
384sentences.286,Original,depending on the size and format scissors can cut paper hair or fabric,25.96250270175289
384sentences.287,Original,shears are large scissors used for cutting shrubs or pieces of metal,28.258768231807295
384sentences.288,Original,a screwdriver is a tool for inserting and tightening screws into something,38.79198612949261
384sentences.289,Original,screwdrivers can also be used to remove screws after they are inserted,39.603526572186304
384sentences.290,Original,the screwdriver tip applies the torque from rotating the handle,20.147549914704793
384sentences.291,Original,the two major types of screwdrivers are phillips and flathead,24.285656714704977
384sentences.292,Original,a shark is a large fish with a cartilage skeleton,26.11308716558317
384sentences.293,Original,sharks have streamlined bodies with a large dorsal fin,37.11656017795898
384sentences.294,Original,most sharks predate on fish and mammals with powerful jaws,18.18571772480884
384sentences.295,Original,sharks have very keen senses and can detect electrical fields,32.1849860522244
384sentences.296,Original,a ship is a large vehicle that floats and travels on water,23.62683283062612
384sentences.297,Original,a ship can be powered in the ocean by sails steam or diesel engines,38.352451065374694
384sentences.298,Original,ships are used to fish in the ocean and to transport cargo containers,38.133749923390425
384sentences.299,Original,cruise ships are floating hotels that take people between cities,26.621194296074513
384sentences.300,Original,a shoe is clothing for the foot with a sole an outsole and a heel,23.081902465622775
384sentences.301,Original,shoes are usually made of leather canvas rubber or plastic,22.303933986513147
384sentences.302,Original,women's shoes often have high heels and come in many styles and colors,27.11145111166085
384sentences.303,Original,a sneaker is a shoe for sports and athletic activity,21.809205094721797
384sentences.304,Original,a soldier is a member of the national armed forces who fights on land,43.89619662671986
384sentences.305,Original,a soldier in the militia must wear a uniform usually camouflage,22.505795564932374
384sentences.306,Original,in a volunteer army a soldier is paid for his or her work,30.961671190707566
384sentences.307,Original,a soldier fights using weapons such as rifles and grenades,28.792017565017417
384sentences.308,Original,spears are weapons that consist of a pole and sharpened head at one end,25.260005559376975
384sentences.309,Original,spears were the most common personal weapon before the advent of firearms,29.744468763969316
384sentences.310,Original,spears were used for stabbing or throwing when fighting in war,24.236208244047635
384sentences.311,Original,some native people still use the spear for hunting and fishing,20.966288409076835
384sentences.312,Original,spiders are insects with eight legs that make silk,16.09456130298496
384sentences.313,Original,spiders build webs with silk and use them to catch insects,34.38468741132621
384sentences.314,Original,spiders use venomous fangs to paralyse their stuck prey,23.110524664277566
384sentences.315,Original,spiders can be as small as a coin or as big as a bird,31.849026989249392
384sentences.316,Original,swamps are low spongy land subject to frequent inundation,18.09144252077455
384sentences.317,Original,a swamp is covered with shallow water mud and vegetation,26.824402873284466
384sentences.318,Original,swamps are nesting and breeding grounds for birds and reptiles,28.03942401654005
384sentences.319,Original,farmers often drain swamps to produce fertile arable land,38.3827138592704
384sentences.320,Original,a sweater is a heavy garment worn on the torso for warmth,31.872159506866083
384sentences.321,Original,sweaters are often knitted from wool but cotton is also common,17.607941538366735
384sentences.322,Original,a sweater that opens down the front is called a cardigan,21.66344671180072
384sentences.323,Original,sweaters differ in cut collar and sleeve shape as well as decoration,29.548538309822106
384sentences.324,Original,a table is a piece of furniture with a flat surface and legs,35.8635253314572
384sentences.325,Original,there are usually chairs around a table for people to sit,26.645293354013823
384sentences.326,Original,people set cutlery plates and food on a table to eat a meal together,27.08770379833506
384sentences.327,Original,tables are also used as surfaces to work or write on,23.209595559218876
384sentences.328,Original,a television is an appliance with a screen that displays moving images,26.12987203885036
384sentences.329,Original,televisions are mostly used for watching programs or films,22.0850831819224
384sentences.330,Original,they are used to play videogames when connected to a game console,38.4108147583014
384sentences.331,Original,television content can be broadcast or received via cable or internet,30.4565491315295
384sentences.332,Original,theft is the taking of person's property without their consent,14.046329356681698
384sentences.333,Original,thieves steal to own something or to sell it to receivers,24.978261415308204
384sentences.334,Original,theft is a crime and can be punishable with jail or fines,30.3660561537445
384sentences.335,Original,industrial espionage is theft of ideas and intellectual property,31.332100505785757
384sentences.336,Original,a toaster is a kitchen appliance for toasting bread using heating elements,38.62281180746722
384sentences.337,Original,pop-up toasters toast the bread placed in a slot and eject it once done,30.218007563647124
384sentences.338,Original,toaster ovens have a door on the side a tray within and temperature control,35.28223129135608
384sentences.339,Original,they allow bread to be cooked with toppings like garlic or cheese,25.875710970514376
384sentences.340,Original,the tomato is a shiny and smooth red fruit with a savory taste,34.423112000677634
384sentences.341,Original,a tomato softens and changes color from green to red as it gets more ripe,30.539944352413915
384sentences.342,Original,tomatoes can be used to make salads soup or ketchup as well as sauce,45.815367374061196
384sentences.343,Original,there are many varieties of tomato with different sizes and tastes,38.281625972205504
384sentences.344,Original,a train is a connected series of cars that moves between stations on a track,30.451810533759232
384sentences.345,Original,the train is pulled by a locomotive powered by diesel or electricity,32.74606049091163
384sentences.346,Original,a freight train transports containers of goods or fuel over long distances,32.65339319881525
384sentences.347,Original,commuter trains transport people between suburbs and stations inside a city,29.237192376600454
384sentences.348,Original,a train station is a place where passengers get on or off a train,34.211234206872454
384sentences.349,Original,train stations have counters or machines for purchasing tickets,26.96530203849812
384sentences.350,Original,there are waiting rooms and places to eat in a station,25.997973293885146
384sentences.351,Original,passengers or cargo trains enter from a platform next to the line,22.808595617924375
384sentences.352,Original,a tropical cyclone is a storm formed over warm tropical sea,35.65818723155259
384sentences.353,Original,cyclones can produce very powerful winds and torrential rain,33.83588617437129
384sentences.354,Original,tropical cyclone can also cause high waves and coastal flooding,35.64227810898122
384sentences.355,Original,a tropical cyclone can move inland and seriously damage property,41.11204398156452
384sentences.356,Original,the violin is an instrument with four strings that is played with a bow,33.687332598153276
384sentences.357,Original,violin is the smallest and highest pitched instrument in its family,18.28082078030109
384sentences.358,Original,a violinist holds the instrument between the chin and the collarbone,19.71603001655154
384sentences.359,Original,different notes are made by fingering the neck with one hand while bowing,31.13202681132163
384sentences.360,Original,vultures are scavenging birds feeding mostly on the carcasses of dead animals,36.294589376444556
384sentences.361,Original,many vultures have a bald head without feathers for losing heat,27.833836016551576
384sentences.362,Original,vultures use their large wings to soar for miles without flapping,16.528730684265703
384sentences.363,Original,vultures seldom attack healthy animals but may kill the wounded or sick,22.33319283586056
384sentences.364,Original,a wall is a solid structure that defines and sometimes protects an area,29.108670093501505
384sentences.365,Original,walls delineate a building support the roof and divide the space into rooms,24.947424591381083
384sentences.366,Original,walls are usually made of stone brick or cement as well as drywall,37.84056706277312
384sentences.367,Original,retaining walls provide a barrier to movement of earth stone or water,28.74306232007921
384sentences.368,Original,water is the most common liquid on earth covering 70% of its area,24.05037307972189
384sentences.369,Original,plants animals and people must drink water in order to live,27.335526938438836
384sentences.370,Original,water freezes at a low temperature and becomes solid ice,35.70123534911675
384sentences.371,Original,rain is water that falls from clouds in the sky which are condensed vapor,32.30630024035689
384sentences.372,Original,a whale is a very large mammal that lives in the ocean,34.02243578835977
384sentences.373,Original,whales breathe through blowholes on their heads when surfacing,29.75581472685872
384sentences.374,Original,the blubber in a whale serves as an energy reservoir and as insulation,27.650066496344348
384sentences.375,Original,whales have been hunted for meat whale oil and ambergris,41.448854334239044
384sentences.376,Original,a window is a transparent opening in a wall to let light through,19.90153008115999
384sentences.377,Original,a typical window is made of sheets of glass held in place by frames,24.753891993525436
384sentences.378,Original,when open a window will also let air and sound through,12.732754681544957
384sentences.379,Original,some windows have multiple panes to increase insulation inside,17.912253486747336
384sentences.380,Original,a woman is a female human adult,19.056160585023527
384sentences.381,Original,a woman is stereotypically seen as a caregiver,21.88129681165758
384sentences.382,Original,a woman can become pregnant and bear children,23.631692527745873
384sentences.383,Original,a woman has different reproductive organs than a man,26.452912349415442