243sentences.0,backward,habitats local of conservation the encourages beekeeping,1.818162321404319
243sentences.1,backward,pollen produce that plants local conserve to interest beekeeper's every in is it,1.6961483025652417
243sentences.2,backward,crops for way make to cleared be vegetation native that require not does it agriculture of form passive a as,1.6206429884333526
243sentences.3,backward,honeybees the kill could they because crops on pesticides of use the discourage also beekeepers,1.6304314058259368
243sentences.4,backward,effort the worth is product their but craft their for extremes to go beekeepers artisanal,1.3423137397546308
243sentences.5,backward,consistency and quantity over character and quality emphasizes honey-making artisanal,1.5684367367952872
243sentences.6,backward,honeybees their of micromanagers become beekeepers honey finest the produce to,1.6248448071331083
243sentences.7,backward,honey extract to ways best the select and flows nectar when know fields the scout they,1.2509317175453443
243sentences.8,backward,air the fills bees 40000 of hum deep the hive the opens beekeeper the as,1.8927628544876847
243sentences.9,backward,nursery bee the and supplies pollen stores honey checks beekeeper the,1.4231948312018403
243sentences.10,backward,gentle they're because sting don't they but hands and arms bare his across crawl bees,1.9142321249951424
243sentences.11,backward,college in longer no i'm though even exams about dream recurring a have i,1.4554426144289634
243sentences.12,backward,class to gone never i've realize suddenly i and exam final my of day the it's dream my in,1.0538009061963307
243sentences.13,backward,assignments reading the of any done even never i've,1.369651303567267
243sentences.14,backward,nightmare same the have who people other many know i,1.7050917008416713
243sentences.15,backward,night previous the from experience dream their down write to had study the in participants morning each,1.8826051516214215
243sentences.16,backward,intensity emotional its and dream each described and dreams any recalled they if recorded they,1.196985296045147
243sentences.17,backward,nightmare a or dream bad a dream flying a as such category a to dream each assigned then participants,2.167240638574031
243sentences.18,backward,awake are we when as active as are minds our sleep we while night every,1.7220500668098968
243sentences.19,backward,each minutes ninety about of cycles in night the throughout dream we,1.321254560308118
243sentences.20,backward,dreams our fill can places and characters of combinations strange and stories feelings images,1.6703553103301463
243sentences.21,backward,worse to bad from went things cards playing start to decided i when,1.4695314706490172
243sentences.22,backward,it doing $10000 to close spent already had i and do to had i something was gambling,0.9206553425195422
243sentences.23,backward,away savings my gamble me watching of sick were friends my,1.6335232328549472
243sentences.24,backward,have not did i money losing after casino a leaving of horror the was part hardest the,1.6664013158512767
243sentences.25,backward,by come to hard are gambling legalized of effects economic and social the on data good,1.5146028086602104
243sentences.26,backward,likely more problems gambling makes nearby casino a having that indicate studies some,2.2978557238039956
243sentences.27,backward,problems marriage and bankruptcies personal with associated be also may gambling,1.75365342398147
243sentences.28,backward,gambling legalized of expansion dramatic a been has there generation past the over,1.9642359737892976
243sentences.29,backward,well as casinos have many and lotteries instituted have states most,2.0566979723087866
243sentences.30,backward,business controversial but big very become has gambling,1.7073996001415384
243sentences.31,backward,kitchen the in window a shattering house the shook hurricane the from wind the,1.8376955426834334
243sentences.32,backward,hurricane the to kitchen the surrendered and door the slammed food some grabbed in ran we,1.469633876764505
243sentences.33,backward,foundation its from ripped be would house our afraid was i,1.193160892105946
243sentences.34,backward,sofa the on huddled asleep fell we house the shaking wind the with night that later,1.772052777806331
243sentences.35,backward,foundations their off houses suck and trees of off limbs tear can hurricanes,1.3842054385804667
243sentences.36,backward,mudslides and floods trigger can that rains heavy dump they,1.7267875194044304
243sentences.37,backward,land onto lurches that water ocean of wall a surge storm a bring also can hurricanes,1.8005702024051324
243sentences.38,backward,hurricanes ancient of evidence for look to methods several use scientists,1.48931091648173
243sentences.39,backward,lakes coastal of bottoms the at sand beach windblown of layers deposited storms strongest the,2.4510653799042807
243sentences.40,backward,rings growth their in storm each of record a preserve hurricanes passing by drenched trees,1.4403402307751674
243sentences.41,backward,preferences different have countries different but world the around exported is cream ice american,1.742416931111654
243sentences.42,backward,delicacies local with flavored cream ice their enjoy people many,2.9969757080782125
243sentences.43,backward,mangos fresh and bananas with topped is cream ice vanilla places tropical some in,2.94059187045704
243sentences.44,backward,child a as home at cream ice making remember i,1.6129668743317842
243sentences.45,backward,cold the to it expose to crank the turning start then tub frozen a into mixture cream the poured we,1.8489031506721594
243sentences.46,backward,more any crank hand the turn couldn't i that enough froze it eventually,0.9029944571784658
243sentences.47,backward,harden to freezer the into cream ice half-frozen of container the put i then,1.8322579182884233
243sentences.48,backward,air whipped-in half to up and flavorings sugar cream or milk of mixture a is cream ice,1.9336461646819743
243sentences.49,backward,silky and smooth it makes what is cream and milk in butterfat the,2.150526741337266
243sentences.50,backward,flavorings natural and butterfat with loaded is cream ice premium high-priced,2.2712831719595314
243sentences.51,backward,hurt back my makes chair uncomfortable the mower lawn riding the use i when,2.0985675445285157
243sentences.52,backward,machine the control to me of front in levers two the use i,1.4405204459596952
243sentences.53,backward,grass of blade each sever precisely mower lawn the underneath blades sharp the,2.0411622453970635
243sentences.54,backward,patience me taught has it and task long a is lawn the mowing,1.826650886527331
243sentences.55,backward,height even an to grass cut that blades revolving with machine a is mower lawn a,2.0579187925947102
243sentences.56,backward,motor a have may machine the or muscle by powered be may blades the,1.40869515794395
243sentences.57,backward,engine gas small a is mowers lawn for source power common most the,2.191562732703624
243sentences.58,backward,emissions create not do they because environment the for better are lawnmowers electric,1.5751800652005425
243sentences.59,backward,run to expensive less are and maintenance less need also they,1.73540932136849
243sentences.60,backward,toaster ordinary an as electricity much as use mowers lawn electric,2.518368382253258
243sentences.61,backward,spacewalks their for time long a train astronauts,2.0375480540901183
243sentences.62,backward,underwater conducted is training their of much,1.5110103636574008
243sentences.63,backward,space in floating spend will they hour every for pool the in hours 10 to 8 spend may they,1.3767494793758988
243sentences.64,backward,station space the of outside the on work repair and construction perform to able be to practice astronauts,1.9929121114018626
243sentences.65,backward,pilots test military as backgrounds have many and pilots always are flights shuttle of commanders the,1.7679288993642719
243sentences.66,backward,space in experiments run can who scientists and engineers doctors as trained are astronauts other,1.9877714991985742
243sentences.67,backward,diverse more much are now astronauts but men young all were crews early,1.7868562248048327
243sentences.68,backward,shuttle space the of exterior the to together out floated astronauts of team the,1.8320099125269194
243sentences.69,backward,telescope huge the on part broken the repair to needed tools carried they,1.8548786912983113
243sentences.70,backward,place into part replacement the fitted other the while pipe the on bolts the loosened astronaut one,1.2018351903990045
243sentences.71,backward,artists experimental by time long a for art in used been have computers,1.7405706562166343
243sentences.72,backward,world art mainstream the entered have graphics computer widespread and affordable more are computers that now,2.176069251076196
243sentences.73,backward,technology graphics latest the showcase that exhibitions art have conferences science computer some,1.963605487509124
243sentences.74,backward,cultures two the bridging to devoted are that up sprung have conferences new brand,1.5262633582920928
243sentences.75,backward,procedures surgical and conditions medical visualize to doctors with works specialist graphics computer the,2.4665110123571274
243sentences.76,backward,body patient's a within structures understand doctors help to animation digital uses she,1.3127088934571254
243sentences.77,backward,x-rays at squinting than clearer much is screen a on animation an in structures internal the seeing,1.6148046568615444
243sentences.78,backward,education for tool powerful a is animation digital modern,2.3044207883132675
243sentences.79,backward,students help actually graphics if ask must we broadens graphics computer of field the as,1.5959950772936364
243sentences.80,backward,classroom the in effective be can imagery digital engaging and vivid that suggest does research,1.6419740044301705
243sentences.81,backward,cliche was place first the in school law to came he reason the,1.4681342162391482
243sentences.82,backward,better the for things change to wanted he,1.847031328882303
243sentences.83,backward,all-nighter an pulled had director program the and he when school law at evening one recalled he,1.3567380062580383
243sentences.84,backward,sunrise at families evicted several for petition a drafting finished finally they,2.057190927167523
243sentences.85,backward,relentlessly up gone has education legal of cost the decades four past the over,1.9549906717834995
243sentences.86,backward,1970s the since four of factor a by increased tuition school law private,1.7144257163401493
243sentences.87,backward,crash eventually could lawyers new for and school law to admission for market the,1.5934710673854728
243sentences.88,backward,law practicing actually in experience minimal have often faculty school law,1.8410878686285348
243sentences.89,backward,journals prestigious for articles review law writing on focus professors,1.963196705151427
243sentences.90,backward,england feudal in law property like topics on classes with theoretical the emphasize often schools law,1.2824259842384749
243sentences.91,backward,care preventive in involved increasingly are pharmacists,2.525826847652679
243sentences.92,backward,often pharmacies to go people because advisers health front-line becoming are they,1.0043181494136313
243sentences.93,backward,health public about information of source good a often are pharmacists,2.18437820984044
243sentences.94,backward,effects side and interactions drug about lot a know they because pharmacists with consult doctors,1.8133048734293085
243sentences.95,backward,medications of use safe the about advice offer and patients to drugs prescription dispense pharmacists,2.2924609264787676
243sentences.96,backward,vaccines provide and screenings wellness and health conduct also they,2.1889872649919053
243sentences.97,backward,licensed be to order in exams two pass and degrees professional have must pharmacists,1.7775612309455942
243sentences.98,backward,pharmacist a be to chose i as much as me chose profession pharmacy the think i,1.2666037021075092
243sentences.99,backward,child a as pharmacies in bottles arranged neatly the by fascinated was i,1.69793375707513
243sentences.100,backward,patients my of lives on have i that impact the love i but cliche it's know i,0.7708061461167263
243sentences.101,backward,situations stressful potentially to response own her or his has person each,2.0621232731974866
243sentences.102,backward,stressful fulltime working find may another while unemployment by devastated be may person one,1.6002766983855412
243sentences.103,backward,traffic in stuck being like stresses everyday are there,1.5405746737281116
243sentences.104,backward,child a of loss or divorce as such stresses traumatic also are there,1.6757586699075924
243sentences.105,backward,stress of levels different to adapt can people some,1.9554738074706326
243sentences.106,backward,health on toll real a take can stress though effectively with dealt not if,1.5949885625094167
243sentences.107,backward,beneficial or harmful be will it if determines that stress to reaction your it's that remember,1.7453000484836876
243sentences.108,backward,worried and stressed incredibly felt i downsizing was company my when,1.24047241902129
243sentences.109,backward,times at dizzy felt even i and reason no for race would heart my,1.432940287744969
243sentences.110,backward,level stress my manage to try to yoga taking started i then,2.077964733732634
243sentences.111,backward,stripes satin with tuxedo black jet a wore man the,3.5081945600170648
243sentences.112,backward,style latest the in cut fabric rich with made was it,2.1253241334198676
243sentences.113,backward,perfectly man the fit it as tailored it had he clearly,1.291753182408702
243sentences.114,backward,event formal a for out picked have would stylist professional a something like looked it,1.5434193572617274
243sentences.115,backward,attire wedding in statements personal making are grooms today's preferred still is tuxedo the while,1.3814671199121276
243sentences.116,backward,men for fashion wedding of edge cutting the on are jackets shorter,1.5544842758732405
243sentences.117,backward,ties satin and shirts colorful with tuxedos their up jazzing also are grooms,2.516090431232677
243sentences.118,backward,lapels silk black with jacket dinner tailless a is jacket tuxedo a,3.762847364113365
243sentences.119,backward,jacket tuxedo the to match perfect a be should trousers tie black,2.058907916747997
243sentences.120,backward,lapels jacket the match and black be should tie the and white plain be always should shirt the,1.5683400477711749
243sentences.121,backward,adulthood in blind went pianist concert the,2.057104008214412
243sentences.122,backward,eyes the damaged slowly that condition genetic a by caused was blindness her,1.681684441779038
243sentences.123,backward,pianist a to advantage an was blind being that interviewers told she,1.6361889919910262
243sentences.124,backward,music her on fully more concentrate could she so distractions visual no had she,1.7460871330298857
243sentences.125,backward,life of activities ordinary the for insufficient vision as blindness defines government the,1.585380978556673
243sentences.126,backward,blind legally the on focused be can resources blindness legal of parameters the establishing by,1.8442155607343749
243sentences.127,backward,standard the meet not do who but problems vision have who those overlook may this,1.4253118775113514
243sentences.128,backward,deficiencies nutritional and disease infectious by caused usually is children in blindness countries developing in,2.4751475655132835
243sentences.129,backward,supplements vitamin and medicine by prevented be often can causes these,1.8947752926281132
243sentences.130,backward,problems genetic by caused be to likely more is blindness countries developed in,2.163779987455045
243sentences.131,backward,brain your to mouth your from gets taste a how exactly knows really one no,2.1152823154926423
243sentences.132,backward,cell bud taste a touches food of molecule a when begins process the think scientists,1.4890151105493534
243sentences.133,backward,cell the beneath nerves taste to message taste a carries cell the,1.571012111485363
243sentences.134,backward,tastes basic four the of one to responded bud taste each that believed once was it,1.864006035927936
243sentences.135,backward,sweet something eating were you if only respond would tongue the of tip the on bud taste a is that,1.9599497859508983
243sentences.136,backward,tastes basic the of all to sensitive be can bud taste single a that think now scientists,1.7904651410334054
243sentences.137,backward,flavors strong very with foods eat to tend i so good very isn't taste of sense my,1.5881319255507453
243sentences.138,backward,bitter very it's so cream no with coffee my drink i and sauce hot of lots like i,1.363888298424856
243sentences.139,backward,sugar extra add i cookies make i when so well sweetness taste even can't i,1.3294099484842317
243sentences.140,backward,individuals aging for problem real a are fractures hip,2.033455113097086
243sentences.141,backward,healing of process difficult the and break the of pain the with faced are patients,1.5654283611818283
243sentences.142,backward,independence of loss patient's the to adjust to have families,1.730894467283462
243sentences.143,backward,hospital the in time and expense substantial involve fractures hip society for and,1.6076962376496429
243sentences.144,backward,fingers their snapping someone like sound a heard i race the through halfway,2.052229393502017
243sentences.145,backward,broken was foot my that instantly knew i and crunch a felt i,1.1445910539309008
243sentences.146,backward,spikes on running like felt step every,1.9425551487292287
243sentences.147,backward,fracture the showed clearly x-ray the afterward office doctor's the at,0.8292832256864521
243sentences.148,backward,fracture bone of types different few a are there,2.313875037463109
243sentences.149,backward,intact is skin the but broken is bone the fractures simple or closed in,1.9653012254636337
243sentences.150,backward,wound open an produced and skin the punctured has bone broken the fractures compound or open in,1.904369907565889
243sentences.151,backward,cleaned carefully not they're if infected become can piercings ear new,1.6535809919347744
243sentences.152,backward,earlobe the around redness or swelling tenderness include infection of signs,2.0394727686722494
243sentences.153,backward,ointment some apply and area the clean symptoms these see you if,1.5668647987041509
243sentences.154,backward,provider care health your contact away go don't swelling and redness the if,2.040393288291241
243sentences.155,backward,infections reduce to measures new initiated has hospital local a,1.5921121900736293
243sentences.156,backward,patients other from isolated are patients infected that ensured and habits washing hand improved have they,1.6769220957401079
243sentences.157,backward,began measures new the since drop rates infection seen has hospital the,1.1658857832069656
243sentences.158,backward,infection of risk the increases which healing delays alcohol or soap with wound a scrubbing,1.807769544046307
243sentences.159,backward,moisture and heat in holding by infection of risk the increase can band-aids,1.4519226289236817
243sentences.160,backward,diagnosed are they once treated be easily can infections skin most fortunately,2.107180347840561
243sentences.161,backward,century sixteenth the of end the at started opera modern,1.9319403033206222
243sentences.162,backward,performance tragic greek imitate and rediscover to effort an as began it,1.527492865795678
243sentences.163,backward,matter subject their for antiquity from tales chose opera of founders early,1.4954514893410702
243sentences.164,backward,traditions musical and stories of sources different into out branched operas later,1.8127102490756384
243sentences.165,backward,music and words combines that play a perform musicians and singers which in form art an is opera,1.7545951678627174
243sentences.166,backward,costumes and scenery acting as such theatre spoken of elements the of many incorporates it,1.5884353558007198
243sentences.167,backward,orchestra an by accompanied and house opera an in given typically are performances,1.912168168699698
243sentences.168,backward,production new the in role the win to hard worked has singer opera the,1.893385746934864
243sentences.169,backward,singing about just not is job her,1.592035898892751
243sentences.170,backward,critical all are interpretation musical and presence stage acting,1.4571776572568045
243sentences.171,backward,show the of star the certainly is voice strong pure her but,1.3047314934653444
243sentences.172,backward,painting a completing while mind in elements many keep must painter a,1.5230213248036095
243sentences.173,backward,lighting and composition strong like design of elements solid use to has she,1.0937358213866164
243sentences.174,backward,skill with strokes brush the execute to has she,1.8873105180352658
243sentences.175,backward,soul painter's the of glimpse a reveal should painting the of content the importantly most,1.4697987744219296
243sentences.176,backward,artists creative as than artisans skilled as more employed were painters ago long,2.187104609531329
243sentences.177,backward,court royal the of members and scholars of status social the had painters prominent however,1.597304482466797
243sentences.178,backward,patrons their with relationship personal a established and imagery and subject its on decided work their signed they,1.6491468571142425
243sentences.179,backward,itself painting the on more and scene actual the on less focus to learned i painter a as,1.202531689055698
243sentences.180,backward,vision of field its within everything record to has that lens camera a not is eye artist's an,1.5801600361581694
243sentences.181,backward,painting good a for needed is than more but information useful provides nature found i,1.9321022645788235
243sentences.182,backward,bird impressive an is owl eagle the,2.938836677141204
243sentences.183,backward,horns like up stick that tufts ear has it,1.5005310222413586
243sentences.184,backward,you through right pierce could they like look and creepy downright are eyes orange large its,2.151246330044355
243sentences.185,backward,darkness the through silently and swiftly flying night at hunts owl this,2.4230158742204333
243sentences.186,backward,thriving are others endangered become have species owl some while,2.150583281193931
243sentences.187,backward,habitat previous its beyond well spread has owl barred the,2.0595704715425875
243sentences.188,backward,invasion owl's barred the facilitated have may logging that suggest findings early,1.5339372024513431
243sentences.189,backward,talons her with it gripped and branch thick a on landed owl the,1.7525803025825106
243sentences.190,backward,eye an half-closing down settled and sides her to wings her pressed she,1.4381900668402223
243sentences.191,backward,eyes her of glow the for but statue a been have might she,1.5949371788054576
243sentences.192,backward,ice sea floating across stalk bear polar a watch to unnerving it's,1.9333789453611194
243sentences.193,backward,animal huge the beneath directly waters frigid the in submerged are you when worse even it's,1.9728521392551595
243sentences.194,backward,prey its pursued bear polar the as ice the on down set paws giant overhead,2.032042066398496
243sentences.195,backward,shots these capturing months spent i documentary bear polar a for crew film the of part as,1.5309461117637844
243sentences.196,backward,confusion or fear than other reasons for people attack will that animals few the of one are bears polar,1.4999821620752718
243sentences.197,backward,environment food-scarce a in live they because hunger of out attack may they,1.1141509312410165
243sentences.198,backward,energy their conserve to careful slowly people on up sneak will they,1.7290122311698564
243sentences.199,backward,diet bear's polar the of part important an is seal the,1.5137894353814423
243sentences.200,backward,ice the on basking are that seals stalk or hole breathing seal's a by wait will they hunting when,1.49088133278344
243sentences.201,backward,around looks seal the when place in freeze and forward quietly crawl will bear polar the,1.7939466776684485
243sentences.202,backward,defense for primarily built structure a not was castle medieval the,1.8171293566456979
243sentences.203,backward,surroundings its dominate to was purpose its,1.4239810442276273
243sentences.204,backward,walk day's a within lands control easily could castle a,1.1321866514594356
243sentences.205,backward,protection for walls castle's the inside brought be could property and livestock peasants attack of times during,1.1733785869018352
243sentences.206,backward,regions many of history stormy the of record a provide locations dramatic in castles spectacular,1.8113684843199762
243sentences.207,backward,villages quaint and landscapes beautiful overlooking cliffs rocky atop stand they today,2.978272410722996
243sentences.208,backward,intrigue and plots battles to home were they past the in,1.0956022584227207
243sentences.209,backward,cliff a on built castle magnificent a above looming hotel our saw we station train the leaving upon,2.115880960588702
243sentences.210,backward,river the above feet of hundreds courtyard inner an sheltered walls outside thick the,2.2399490488729814
243sentences.211,backward,view scary slightly but incredible an had rooms tower our,1.2513053632718074
243sentences.212,backward,entranceway black small a into me gestured man the pyramid the of side the up feet fifty climbing after,1.540028334770468
243sentences.213,backward,center pyramid's the at chamber the into led this,1.328380735534144
243sentences.214,backward,passage narrow dark steep the down him followed i,2.216623372623105
243sentences.215,backward,thick was air the and chalky was pyramid the inside smell the,1.4158656766557003
243sentences.216,backward,nation the of pride the represented pyramids king the of tomb the just than more,1.5217011119180226
243sentences.217,backward,evident is craft their in took builders pyramid the that care the,1.415326876599452
243sentences.218,backward,gleamed structure the until polished and together fitted precisely were pyramid the covering stones the,1.4836165583436463
243sentences.219,backward,constructed were pyramids how of mysteries the solve to working still are architects,1.862268323674622
243sentences.220,backward,blocks stone raise to walls pyramid's the inside built were ramps think some,1.6778371155812875
243sentences.221,backward,pyramid the of walls exterior the up zigzagged ramps that speculate others,2.0818107495588176
243sentences.222,backward,strength and courage takes climbing rock beginner even,1.5296846915400648
243sentences.223,backward,boulders large on scrambling try can sport the learning are who climbers,1.1092161080181755
243sentences.224,backward,faces rock vertical climb safely to ropes using begin can they that with comfortable they're once,1.8191541197487067
243sentences.225,backward,climbing rock to new were trip the on boys the of all,1.3453041807554522
243sentences.226,backward,heights of afraid were many,1.967726196689493
243sentences.227,backward,down calm them helped harnesses and knots their check else someone having,1.730039468422561
243sentences.228,backward,beginners for appropriate routes climbing up set adults the,1.796778197327668
243sentences.229,backward,climbing rock of style particular one is free-climbing,1.9150555433236898
243sentences.230,backward,face rock a ascend to strength physical and skill her on solely relies climber the,1.737793854721504
243sentences.231,backward,used equipment only the are bolts and rope,1.3105176987530605
243sentences.232,backward,falls she if climber the stop to only meant are they,1.7912330974172876
243sentences.233,backward,try to me convinced buddies my that trail steep the down skied hesitantly i,2.081299891447854
243sentences.234,backward,down tumbling myself found i and turn bad a made i,1.2654292325039325
243sentences.235,backward,slope the of part flat a at stop a to came finally i,1.5339455911026847
243sentences.236,backward,hill the up drift snow a in lodged were poles my and found be to nowhere were skis my,1.591850281895817
243sentences.237,backward,poles ski use they how is skiers professional of strength major a,1.2328425951330653
243sentences.238,backward,skiing their to flair adds and balance their improves poles ski of use proper,1.545884855767327
243sentences.239,backward,skiing while balance lost regain to movements body upper for need the minimizes it,1.609613758648454
243sentences.240,backward,quickly more turn skiers let boots stiffer and designs ski new,1.3923418696525944
243sentences.241,backward,legs the on force twisting the increase turns tighter and faster but,1.53942562199303
243sentences.242,backward,knee skier's the in ligaments to particularly injuries more to led has this,1.2443974458728158
384sentences.0,backward,keyboards two with instrument musical portable a is accordion an,2.1114276550653317
384sentences.1,backward,chords for other the notes individual for used is keyboard one,1.509915347391536
384sentences.2,backward,reeds through air blow that bellows with sound produce accordions,1.800158251429192
384sentences.3,backward,bellows the closing and opening while keyboards both plays accordionist an,2.070505955181767
384sentences.4,backward,building a of part is that home self-contained a is apartment an,1.1560547722009495
384sentences.5,backward,bathroom a and kitchen a as well as rooms more or one have may apartment an,1.47148792811681
384sentences.6,backward,families for others people single for are apartments some,1.3092265585131573
384sentences.7,backward,space storage extra or facility laundry a garage a have can building the,2.2978887891097823
384sentences.8,backward,yellow or red green be can that fruit a is apple an,1.6395276518044601
384sentences.9,backward,inside seeds and pulp sweet crisp a skin thin have apples,2.2924126542120167
384sentences.10,backward,cider make to used are apples tart very some,2.1637449536859483
384sentences.11,backward,pies in baked or roasted raw eaten be can apples,3.002162837987724
384sentences.12,backward,wildland or building a burning of act criminal the is arson,1.785681205265394
384sentences.13,backward,arson or accident by caused was fire a if determines investigation fire a,1.6776665389443826
384sentences.14,backward,insurance collect or others to damage cause to done be can arson,2.07222466275927
384sentences.15,backward,harmed were people whether on depends crime the of severity the,1.8213404333222518
384sentences.16,backward,passengers transporting for vehicle wheeled a is car or automobile an,2.78793236277995
384sentences.17,backward,engine electric or gasoline a by powered be can car a,2.3919174018483735
384sentences.18,backward,sit just passengers other roads on car the steers driver the,2.1030146424062055
384sentences.19,backward,trunk of type the and doors of number size in vary automobiles,1.5077326809940845
384sentences.20,backward,wood cut and split to used tool a is axe the,1.7269192236893443
384sentences.21,backward,handle a to attached head a of consists usually axe the,1.4406140593502326
384sentences.22,backward,metal then and stone of made were heads axe historically,1.1989304855369387
384sentences.23,backward,buildings entering firemen and woodcutters by used are axes,1.7668197554276521
384sentences.24,backward,inside edible soft a with bunchs in grows that fruit long a is banana a,1.4030876375697021
384sentences.25,backward,spots brown small have and red or purple yellow be can ripe when banana a,2.1151051402069263
384sentences.26,backward,ecuador or india as such countries tropical are producers greatest the,1.665794361424835
384sentences.27,backward,potatoes like cooked often and foods staple are plantains and bananas unripe,2.861887898079723
384sentences.28,backward,in sex have or sleep to place a as used furniture of piece a is bed a,1.2814100069358645
384sentences.29,backward,covers and pillows sheets plus spring box a and mattress a of made is bed a,1.3235881433855974
384sentences.30,backward,air with filled is it airbeds in and water with filled is mattress the waterbeds in,1.561913922065587
384sentences.31,backward,ground the above suspended sling fabric a hammock the is bed of type another,2.1935587436701303
384sentences.32,backward,legs six and body yellow and black a with insect flying a is bee a,1.887917422161046
384sentences.33,backward,honey make to nectar collect they as flowers between pollen spread bees,1.8415416299254916
384sentences.34,backward,hive a in located colony a in together live and insects social are bees,2.007487380723955
384sentences.35,backward,threatened feel they if attack can and stingers have bees many,1.8092449308166907
384sentences.36,backward,frame a on pedals and wheels two with vehicle a is bicycle a,1.6722139541480356
384sentences.37,backward,saddle the on cyclist a of pedalling the by propelled is bicycle a,1.7507273409459294
384sentences.38,backward,air of full tube inner an with tires rubber have wheels the,1.8290941003676422
384sentences.39,backward,racing and recreation transportation for bicycles use people,1.4299341206966554
384sentences.40,backward,steel or iron forging by objects creates blacksmith a,2.1536469495772157
384sentences.41,backward,shape its change to anvil an on iron hot bends and hammers blacksmith a,2.1370474803788104
384sentences.42,backward,tongs with metal the handle and apron thick a wears blacksmiths,2.0126238472857625
384sentences.43,backward,furniture iron or shoes horse weapons like objects make blacksmiths,1.6711508940703952
384sentences.44,backward,food puree or ingredients mix to used appliance kitchen a is blender a,2.303992346326263
384sentences.45,backward,bottom the in blade rotating a with container plastic or glass a have blenders,2.600813850220937
384sentences.46,backward,smoothies fruit and shakes milk make to used are blenders,2.4119971579435946
384sentences.47,backward,ice crushed with drinks alcoholic cold make to used also are blenders,2.403463382395221
384sentences.48,backward,puberty undergone not has who child male young a is boy a,2.5075005659383787
384sentences.49,backward,girls to relative distinctions sex indicate to used is term the,1.4657395487924374
384sentences.50,backward,other each with fight and games rough play to like boys traditionally,1.9933788051079935
384sentences.51,backward,boy a as to referred often is immaturely behaving male adult an,2.1943757655709337
384sentences.52,backward,family cabbage the in plant a is broccoli,1.9633993133184258
384sentences.53,backward,stalk tough thick a and head flower green a has broccoli,2.318864771728317
384sentences.54,backward,nutrients other and fiber vitamins in high is broccoli,1.4755521386598676
384sentences.55,backward,raw eaten or stir-fried boiled be can broccoli,2.4085518507487946
384sentences.56,backward,wings large four with insect flying a is butterfly a,2.358831575829083
384sentences.57,backward,patterned and colorful very be can butterflies of wings the,1.5023317564502723
384sentences.58,backward,butterfly a into caterpillar a of transformation the is metamorphosis,1.9806718350531767
384sentences.59,backward,wings colorful their of because butterflies collect people some,2.0852519151635627
384sentences.60,backward,wood with works who laborer manual or artist an is carpenter a,1.728055279617591
384sentences.61,backward,objects other and boats furniture houses repair and build carpenters,2.4531438400564904
384sentences.62,backward,planes and pliers saws hammers as such tools use carpenters,1.6889910227055456
384sentences.63,backward,instruments musical repairs and makes that carpenter a is luthier a,1.9557241422468783
384sentences.64,backward,tail a and legs four with animals furry small are cats,2.37624304062096
384sentences.65,backward,fur their licking by themselves groom to like cats,2.018294123295481
384sentences.66,backward,owners their by fed often are but birds or mice hunt can cats,1.830295332193665
384sentences.67,backward,sharp keep they that so retractable are cats of claws the,1.3451151777899912
384sentences.68,backward,on sit to people for designed furniture of piece a is chair a,1.8269693205821862
384sentences.69,backward,legs by supported level floor above raised seat a of consist chairs,1.636594758682755
384sentences.70,backward,cushion a as well as rests arm and back have also can chairs,1.5087029522882376
384sentences.71,backward,cinemas like places in or vehicles in located chairs fixed are seats,1.4942691656951046
384sentences.72,backward,instrument musical woodwind a is clarinet a,2.7221703852422903
384sentences.73,backward,bottom the at flare a with tube black long a is clarinet a,1.8451697117951982
384sentences.74,backward,holes and keys pressing by notes chooses player the,1.3511006429975527
384sentences.75,backward,music classical and jazz in both used is clarinet the,2.028746846626912
384sentences.76,backward,atlantic the of areas colder the in lives that fish a is cod a,1.6396060575786913
384sentences.77,backward,cooked when easily flakes and mild-tasting and white is flesh cod,1.7490310925267902
384sentences.78,backward,dishes elaborate for cod salted chips and fish for used is cod fresh,2.3072973055157786
384sentences.79,backward,vikings the of time the since traded and salted caught been has cod,1.5857665792152424
384sentences.80,backward,plant coffee the of seeds the beans coffee from made is coffee,1.9613580846675245
384sentences.81,backward,hot served usually and countries many in drink popular a is coffee,1.5108496872529937
384sentences.82,backward,awake people keeps that caffeine called drug mild a contains coffee,1.8597213992756296
384sentences.83,backward,export agricultural legal seventh-largest world's the is coffee,1.4631605255662288
384sentences.84,backward,falls rain no almost where environment natural a is desert a,1.905276130392762
384sentences.85,backward,rocks or dunes sand with filled usually are deserts hot,2.4961469856753493
384sentences.86,backward,deserts in live to adapted have plants and animals some,1.7594436635586466
384sentences.87,backward,africa northern in sahara the is desert hot biggest the,2.549242922798735
384sentences.88,backward,computer a with sometimes at working for used furniture of piece a is desk a,1.4499751057149226
384sentences.89,backward,metal or plastic wood of made be can and surface flat a has desk a,1.5394750680566547
384sentences.90,backward,papers and supplies store to drawers have may desk a,1.525695589098411
384sentences.91,backward,sides three on partitions by surrounded desk a of consists cubicle a,1.520869391340765
384sentences.92,backward,area enclosed an from exit or entrance to barrier movable a is door a,2.0623126140037273
384sentences.93,backward,them through pass to gets who control to locks have doors most,1.6445893983888988
384sentences.94,backward,unlocked are they after handle a pulling or pushing by opened are doors most,1.6014426908895725
384sentences.95,backward,chamber revolving a of consist or slide can doors of types other,1.5597905375694725
384sentences.96,backward,wear sometimes women that clothing of piece a is dress a,1.5528204816407423
384sentences.97,backward,skirt matching long a to attached shirt a like is dress a,1.768715309956864
384sentences.98,backward,dance a or wedding a as such occasions formal at worn usually is dress a,1.892627395770232
384sentences.99,backward,dress a in bike a ride or stairs climb to hard be can it,2.123263185407753
384sentences.100,backward,alcohol of effects the under driving of act the is driving drunk,1.7296631446607782
384sentences.101,backward,world the of most in crime a is vehicle any of driving drunk,1.7119838549629427
384sentences.102,backward,deaths vehicle-related all of half almost in role a plays it,1.6232333336543578
384sentences.103,backward,tests breathing and sobriety field by caught are drivers drunk,2.013391487505723
384sentences.104,backward,rain of lack by caused supply water the of shortage persistent a is drought a,2.1974293964185247
384sentences.105,backward,die and growing stop to plants and crops cause will drought,1.4507904028981244
384sentences.106,backward,famine cause and desert into areas turn eventually will drought extreme,1.6806454456782232
384sentences.107,backward,bowls dust from away migrate to have people of numbers large,2.2148954566545482
384sentences.108,backward,eyesight good very have and day the during hunt that prey of birds large are eagles,1.6388294272262982
384sentences.109,backward,talons sharp and legs strong flesh tearing for beaks hooked have eagles,2.119573288996462
384sentences.110,backward,mammals small others and fish eat species some and eyries in live eagles,2.033755998352804
384sentences.111,backward,states united the of bird national the is and head white bright a has eagle bald the,1.859245960114531
384sentences.112,backward,structures other and buildings down knock can and ground the shake earthquakes,1.6741874419506633
384sentences.113,backward,activity volcanic and landslides trigger also can shaking the,2.1104571584716934
384sentences.114,backward,crust earth's the in energy of release the by caused are earthquakes most,1.893002560897181
384sentences.115,backward,tsunami a cause and seabed the displace can sea at earthquake an,1.5177256697242008
384sentences.116,backward,tons several weighing mammal land of kind largest the are elephants,2.1584000884934973
384sentences.117,backward,food or things grab can which trunk a called nose long a has elephant an,1.4380380975642224
384sentences.118,backward,trees into digging or objects moving for tusks ivory of pair a has elephant the,1.605897843878016
384sentences.119,backward,body its and them in blood the cool to ears large its flaps elephant the,1.4446023436888022
384sentences.120,backward,cortex visual the for it coding and light sensing for organ an is eye the,1.7180060967595234
384sentences.121,backward,texture and motion color detect can which eyes complex have animals most,1.43754698341784
384sentences.122,backward,it of part sensitive most the and eye human the of center the is fovea the,1.7838185320598332
384sentences.123,backward,directions many in facing units eye of up made eyes compound have insects,1.2661532984545036
384sentences.124,backward,food for animals raise or plants grow to used land is farm a,1.7655710810291552
384sentences.125,backward,produce to what decide and farm the run who people the are farmers,1.5714625679908063
384sentences.126,backward,barn a and silo a farmers for house a have usually farms,1.4293023244011445
384sentences.127,backward,equipment and land the share farmers many where farm a is cooperative a,1.5702230213538644
384sentences.128,backward,hand each on thumb a and fingers four have usually primates,1.4230251773355644
384sentences.129,backward,activities other and grooming writing grasping for used are fingers,1.7301208301328614
384sentences.130,backward,vibration and pressure temperature to sensitive are fingertips the,1.5623498386913421
384sentences.131,backward,decorated or grown be can and finger the of tip the protects nail the,1.5059516285891876
384sentences.132,backward,land inhabited submerges that water of expanse an of overflow an is flood a,1.755381815847068
384sentences.133,backward,sea at earthquakes as well as melt snow rapid or rain heavy by caused be can flood,1.9008876808923298
384sentences.134,backward,levees and dams break or channel its of out flow will river a flood a in,1.6821962510439088
384sentences.135,backward,diseases causes water contaminated the and evacuate people flood a during,1.4314306271061497
384sentences.136,backward,on walking for used building a inside surface horizontal a is floor a,1.68208799925252
384sentences.137,backward,floorboards wooden or linoleum tile concrete bare of made be may floors,2.5618161513421405
384sentences.138,backward,noise dampen to and comfort for floor a on carpets put often people,1.5441386316862094
384sentences.139,backward,it under wiring electrical and pipes has often floor the buildings in,1.1962818871231655
384sentences.140,backward,leg a of end the on part body a is foot a,1.4602474224205912
384sentences.141,backward,straight standing or running walking when feet their use people,1.6774821767513786
384sentences.142,backward,sports and fighting both in kick to feet their use also people,1.3125277393405754
384sentences.143,backward,feet to related behavior for rules have cultures many,1.298481363064187
384sentences.144,backward,cover canopy and trees of density high a with area an is forest a,1.988463501820231
384sentences.145,backward,location its in rainfall and temperature on depends forest of type the,1.7327005857725106
384sentences.146,backward,plants ground as well as animals and trees of types various has ecosystem forest a,1.8418486373488026
384sentences.147,backward,regeneration disregarding forests of down cutting the is deforestation,1.3773262022581125
384sentences.148,backward,tines several and handle a with foods solid eating for tool a is fork a,1.9352191022851064
384sentences.149,backward,disposable if plastic or metal of made usually are forks,1.8762894431179447
384sentences.150,backward,cutting while place in food hold to or mouth the to food lift to used are forks,1.2178597687005348
384sentences.151,backward,foods various for kinds special are there and cultures western in used are forks,1.8374869194696015
384sentences.152,backward,handle a and sides sloping with pan small a is pan frying a,2.510632796981387
384sentences.153,backward,food brown and sear fry to used is pan frying a,2.2468308660770453
384sentences.154,backward,pan the of bottom the covering oil on cooked is food the,1.9031827102461898
384sentences.155,backward,steel teflon-clad or iron of made are pans frying,1.538593046822386
384sentences.156,backward,maturity reached yet not has who human female a is girl a,1.918440915169374
384sentences.157,backward,woman a of that into develops girl a of body the puberty at,1.6032085789832635
384sentences.158,backward,games social and dolls with playing like often girls,2.0186134474704582
384sentences.159,backward,skirts and dresses wear and hair long grow sometimes girls,2.5088345281748916
384sentences.160,backward,fingers and hand the covers that clothing of piece a is glove a,1.3765683229000851
384sentences.161,backward,material waterproof lined or wool of made are cold against protect to gloves,1.7375772669242109
384sentences.162,backward,chemicals or germs from hands shield to used are gloves latex or rubber disposable,2.6427742033465598
384sentences.163,backward,together covered are fingers four the where glove of kind a is mitten a,1.4990666816500076
384sentences.164,backward,object an to impact an deliver to used tool a is hammer a,1.9473499530895053
384sentences.165,backward,wood into nails drive to used often most is hammer a,2.0249651644042803
384sentences.166,backward,nails remove to used be can head the on claw the,1.5594022372481389
384sentences.167,backward,length handle and head the of shape the in vary hammers,1.5453336897049559
384sentences.168,backward,people against weapon a as used explosive an is grenade hand a,2.2629242561703364
384sentences.169,backward,that after bit a explode to timed and thrown are grenades hand,1.7463537199062875
384sentences.170,backward,launchers shoulder or rifles from fired be also can grenades,1.8105301782731835
384sentences.171,backward,it disperse to mob a of middle the into thrown are grenades gas tear,2.111937450783399
384sentences.172,backward,legs muscular long four with mammal hoofed large a is horse a,2.670991905383702
384sentences.173,backward,brown or gray usually is and neck its on mane a and tail a has horse a,1.614780899705295
384sentences.174,backward,entertainment and travel work draft for used been have horses,1.3729657024110347
384sentences.175,backward,gallops or trots walks it while horse a ride can human a,1.4303583091885825
384sentences.176,backward,injured or sick are they when healed be to hospitals to go people,1.7345027527431003
384sentences.177,backward,nurses and surgeons physicians professional by staffed are hospitals,2.12083883288511
384sentences.178,backward,day same the leaving therapy or diagnosis specialist for there go patients some,1.1420667666636917
384sentences.179,backward,weeks several for stay to have patients treatments or operations some for,1.4508913993393036
384sentences.180,backward,in live to families or people for structure or building permanent a is house a,1.6704616077573864
384sentences.181,backward,in light let to windows and rain and cold out keep to walls and roof a has house a,1.344745752334546
384sentences.182,backward,washing or cooking sleeping like purposes for rooms have can house a,1.4308160072222431
384sentences.183,backward,sleep and eat to night at back come and work to house the leave people most,1.6664140129866742
384sentences.184,backward,inuit by snow of blocks from made shelter of type a is igloo an,1.3875796339439053
384sentences.185,backward,time the of most land the covers snow where places in built are igloos,2.134888876638947
384sentences.186,backward,tunnel entrance an with dome a of shape the in built often are igloos,1.955150679514083
384sentences.187,backward,igloos warms heat body and space the insulate snow in pockets air,1.6448919960589499
384sentences.188,backward,things cut to used is that edge sharp a with tool a is knife a,1.7103672345251846
384sentences.189,backward,metal of made usually blade a and handle a of consist knives modern,1.1183216649045737
384sentences.190,backward,rituals in instruments and weapons as used been also have knives,1.747258899048193
384sentences.191,backward,throwing or stabbing slashing by attack to used be can knife a,2.023736590719971
384sentences.192,backward,family legume the of plant a of seeds the are lentils,1.9670238814027803
384sentences.193,backward,yellow or black brown green red be can lentils,1.9314894320010079
384sentences.194,backward,cuisines mediterranean and indian in used commonly are lentils,2.006442186672478
384sentences.195,backward,protein of source great a are and boiling by cooked are lentils,1.6939345572464004
384sentences.196,backward,vegetable leaf a as climates temperate in grown often plant biennial a is lettuce,1.9637529934151088
384sentences.197,backward,cooked or dishes other and salads in raw and cold eaten be can lettuce,2.3642994533636794
384sentences.198,backward,beginners for crop suitable a and grow to easy fairly considered is lettuce,1.9847173511188458
384sentences.199,backward,bitterness the remove to bred are some but bitter taste leaves lettuce most,1.8015964335537649
384sentences.200,backward,kept is media and documents books of collection a where place a is library a,1.3241919948303817
384sentences.201,backward,information organizing and finding at experts are and libraries at work librarians,1.501127910760905
384sentences.202,backward,weeks several for home take to books borrow and libraries public to go can people,1.8157279687867713
384sentences.203,backward,books specialized have and research scholarly support libraries academic,3.2122317226013384
384sentences.204,backward,logs round from built house small a is cabin log a,2.505725446651322
384sentences.205,backward,origins humble and life frontier american of symbol a is cabin log,2.1855636840302264
384sentences.206,backward,settlers european by shelters first as used were cabins log,1.8129620481591042
384sentences.207,backward,ends the at joints notch with logs using built were cabins log,2.3414393992027205
384sentences.208,backward,adult human male a is man a,2.4093834609229945
384sentences.209,backward,puberty through passing after man a becomes boy a,2.417201085287089
384sentences.210,backward,virility and masculinity with associated is manhood,1.9451613797169292
384sentences.211,backward,structure body and weight height in women from differ men,1.9033699797883168
384sentences.212,backward,young their feed to mammals female by produced liquid white a is milk,1.6196960845283574
384sentences.213,backward,food solid eat can they before milk fed be must animals newborn,2.2611205487074026
384sentences.214,backward,milk from made are butter and cheese as such products dairy,1.8763247859238037
384sentences.215,backward,milk called sometimes is coconuts and soybeans from produced liquid,1.831852598609772
384sentences.216,backward,sound high-pitched a emit that insects flying small thin are mosquitos,1.8711390989072085
384sentences.217,backward,animals and plants of skin the piercing for mouthparts have mosquitoes,1.7814885186810632
384sentences.218,backward,protein for blood their suck and animals and people bite mosquitoes female,1.950577566188922
384sentences.219,backward,diseases parasite other and malaria fever yellow spread can bites mosquito,2.9124190236227046
384sentences.220,backward,land surrounding above steeply rises that landform a is mountain a,1.953042788807295
384sentences.221,backward,top the at snow have sometimes and hills than higher rise mountains,1.7689671444688728
384sentences.222,backward,collision plate tectonic to due forms mountains of range a,1.878389552038161
384sentences.223,backward,mountains up hike or climb who people are mountaineers,1.992695975720287
384sentences.224,backward,eat we when in food put we cavity face the is mouth the,1.1165551118882104
384sentences.225,backward,saliva with it mix and food chew to teeth has mouth the,1.4810470806412264
384sentences.226,backward,talking and kissing for used also is mouth the,1.2193986055657882
384sentences.227,backward,mouth the in placement tongue by controlled are sounds speech,1.6172147079643213
384sentences.228,backward,liquids hot drinking for handle a with cup sturdy a is mug a,2.2327159668569427
384sentences.229,backward,glass or metal of made be also can but ceramic normally is mug a,1.729685306145311
384sentences.230,backward,insulation thermal for base ring a has and thick is mug a,1.9342303830488627
384sentences.231,backward,them on carved or imprinted drawings have or plain be can mugs,1.267633909804296
384sentences.232,backward,intent with being human another of killing unlawful the is murder,2.063045715641585
384sentences.233,backward,existence their of victim the deprives it because crime serious a murder,1.8489191188194585
384sentences.234,backward,murder considered not is war in or accidentally self-defense in killing,1.2275700823388862
384sentences.235,backward,penalty death the or sentence life a given often is murderer convicted a,2.4029818121565456
384sentences.236,backward,pulp orange in liquid the from made drink a is juice orange,2.198139637103623
384sentences.237,backward,c vitamin of lot a contains and taste acid sweet a has juice orange,2.0328175690767756
384sentences.238,backward,well as pulp contains often juice orange squeezed freshly,3.5956843615296377
384sentences.239,backward,glass a from breakfast at drunk often is juice orange,1.8279349921697776
384sentences.240,backward,regions tropical and warm in lives that bird a is parrot a,2.243224099082153
384sentences.241,backward,beak curved sharp a and feathers brightly-colored have parrots,2.6260287526514965
384sentences.242,backward,repeatedly it hear they if voice human the imitate can parrots,1.7452768764527364
384sentences.243,backward,pets popular them makes abilities and appearance their,1.5103476966092484
384sentences.244,backward,smell characteristic a with fruit orange-yellow an is peach a,1.4160325646506438
384sentences.245,backward,hairs fine small in covered and thin is peach a of skin the,1.6267727677381145
384sentences.246,backward,seed the contains which inside stone red-brown large a have peaches,1.4705247276318378
384sentences.247,backward,ripening after harvested be must and delicate and sweet are peaches,1.7405613946382459
384sentences.248,backward,keyboard a of means by played instrument musical popular a is piano the,1.9444027166932811
384sentences.249,backward,string steel vibrating a hit to hammer felt-tipped a causes key piano a pressing,2.041950667888778
384sentences.250,backward,quality sound the change to pedals and range note enormous an has piano the,1.3077111430546668
384sentences.251,backward,concerts solo give can pianists famous and large is repertoire piano the,2.0036576005956155
384sentences.252,backward,rivers american south in live that fish ferocious small are piranhas,1.5653324144596712
384sentences.253,backward,day the during active most are and schools in attack and live piranhas,1.807617853093564
384sentences.254,backward,carnivores opportunistic are and teeth sharp very have piranhas,2.2289384286815315
384sentences.255,backward,carrion and mammals lizards insects fish eat piranhas,2.156403016739003
384sentences.256,backward,fields or clearings forest in grows that fruit a is raspberry the,1.9051744646678872
384sentences.257,backward,together joined fruits small many of consists raspberry single a,1.596678854620125
384sentences.258,backward,jam into sugar with cooked or themselves by eaten are raspberries,2.1200574301465074
384sentences.259,backward,teas herbal in dried or fresh used are raspberry the of leaves,2.191261449858138
384sentences.260,backward,climates many in thrives that bird black large a is raven a,2.028616195069424
384sentences.261,backward,animals small or berries insects carrion on feed ravens,3.2165530210844433
384sentences.262,backward,solving problem of capable are and brains large have ravens,1.8852727619288343
384sentences.263,backward,tricksters also and ill-omen of birds are ravens folklore in,1.2444924822993764
384sentences.264,backward,food preserve and contain to used device cooling a is refrigerator a,1.8908409487376718
384sentences.265,backward,temperature freezing at compartment small a have can refrigerators some,2.0635219763142896
384sentences.266,backward,food of types different for compartments small and shelves have can refrigerator a,1.6414739832143173
384sentences.267,backward,surface its on magnets put often people and white generally is refrigerator a,1.4574941430231507
384sentences.268,backward,grooves twisting with barrel a has and shoulder the on rests that firearm a is rifle a,1.5819105289810933
384sentences.269,backward,air the through fly they as axis rifle the around spin bullets the make grooves the,1.4431383330963397
384sentences.270,backward,scopes with sometimes sports shooting and hunting in used are rifles,1.5605939189055023
384sentences.271,backward,weapon infantry standard the are and bursts in fire can rifles assault,1.601705570310863
384sentences.272,backward,spawn to back and ocean the to water fresh from migrates that fish a is salmon,1.7716328650318562
384sentences.273,backward,taste nice a and content protein high has and red or orange is flesh salmon,2.012538792576297
384sentences.274,backward,ways other in or poaching grilling by cooked or sushi in raw eaten be can salmon,2.1475585574535336
384sentences.275,backward,wild the in caught be also can it though fish farmed common most the is salmon,1.7099266093971417
384sentences.276,backward,materials hard cut to wire abrasive or blade hard a uses that tool a is saw a,1.7848884652181056
384sentences.277,backward,teeth the called are saw the of side cutting the along points sharp small the,1.599159055985099
384sentences.278,backward,engine gas or motor electric an by powered or hand by worked be can saws,2.2772927494161417
384sentences.279,backward,medicine and carpentry construction forestry in extensively used are saws,2.0672344377584824
384sentences.280,backward,world physical the about knowledge new produces and studies scientist a,1.8120364454468176
384sentences.281,backward,them test to experiments does and hypotheses creates scientist a,1.2106399648420751
384sentences.282,backward,sciences of examples classic are biology and chemistry physics,1.7797250468918504
384sentences.283,backward,conferences and journals in research their publish scientists,2.4052082492393065
384sentences.284,backward,cutting for used instrument two-bladed a are scissors,1.4351899289852956
384sentences.285,backward,handles metal or plastic with metallic usually are blades the,2.3460779429564416
384sentences.286,backward,fabric or hair paper cut can scissors format and size the on depending,1.8198136092369128
384sentences.287,backward,metal of pieces or shrubs cutting for used scissors large are shears,2.268643747083048
384sentences.288,backward,something into screws tightening and inserting for tool a is screwdriver a,2.483394553125592
384sentences.289,backward,inserted are they after screws remove to used be also can screwdrivers,2.159903957234245
384sentences.290,backward,handle the rotating from torque the applies tip screwdriver the,2.1039821527696585
384sentences.291,backward,flathead and phillips are screwdrivers of types major two the,2.245802099154997
384sentences.292,backward,skeleton cartilage a with fish large a is shark a,2.4266128016933832
384sentences.293,backward,fin dorsal large a with bodies streamlined have sharks,2.6211956787429576
384sentences.294,backward,jaws powerful with mammals and fish on predate sharks most,1.2992437247775805
384sentences.295,backward,fields electrical detect can and senses keen very have sharks,1.9091898414580089
384sentences.296,backward,water on travels and floats that vehicle large a is ship a,1.7675016482064463
384sentences.297,backward,engines diesel or steam sails by ocean the in powered be can ship a,2.1016496329553482
384sentences.298,backward,containers cargo transport to and ocean the in fish to used are ships,2.1724841473080527
384sentences.299,backward,cities between people take that hotels floating are ships cruise,1.553673258832709
384sentences.300,backward,heel a and outsole an sole a with foot the for clothing is shoe a,1.0287495950473902
384sentences.301,backward,plastic or rubber canvas leather of made usually are shoes,2.01759460816398
384sentences.302,backward,colors and styles many in come and heels high have often shoes women's,1.2250815482851614
384sentences.303,backward,activity athletic and sports for shoe a is sneaker a,2.6064629768645418
384sentences.304,backward,land on fights who forces armed national the of member a is soldier a,1.855373059485567
384sentences.305,backward,camouflage usually uniform a wear must militia the in soldier a,1.881298170134193
384sentences.306,backward,work her or his for paid is soldier a army volunteer a in,1.8125301201454493
384sentences.307,backward,grenades and rifles as such weapons using fights soldier a,1.6173592671747954
384sentences.308,backward,end one at head sharpened and pole a of consist that weapons are spears,1.405924477400502
384sentences.309,backward,firearms of advent the before weapon personal common most the were spears,1.440391166430413
384sentences.310,backward,war in fighting when throwing or stabbing for used were spears,1.443581854147284
384sentences.311,backward,fishing and hunting for spear the use still people native some,1.8594805484469918
384sentences.312,backward,silk make that legs eight with insects are spiders,1.2952655196536942
384sentences.313,backward,insects catch to them use and silk with webs build spiders,2.2051195593863464
384sentences.314,backward,prey stuck their paralyse to fangs venomous use spiders,2.5068394613944642
384sentences.315,backward,bird a as big as or coin a as small as be can spiders,1.7918608145524573
384sentences.316,backward,inundation frequent to subject land spongy low are swamps,1.7216719836197751
384sentences.317,backward,vegetation and mud water shallow with covered is swamp a,2.245474324626674
384sentences.318,backward,reptiles and birds for grounds breeding and nesting are swamps,2.4011176208891927
384sentences.319,backward,land arable fertile produce to swamps drain often farmers,2.7002084697547084
384sentences.320,backward,warmth for torso the on worn garment heavy a is sweater a,2.0317404329794955
384sentences.321,backward,common also is cotton but wool from knitted often are sweaters,2.348265235078934
384sentences.322,backward,cardigan a called is front the down opens that sweater a,1.3109249749756164
384sentences.323,backward,decoration as well as shape sleeve and collar cut in differ sweaters,1.5783383920848388
384sentences.324,backward,legs and surface flat a with furniture of piece a is table a,1.6897901259016483
384sentences.325,backward,sit to people for table a around chairs usually are there,1.480748190409657
384sentences.326,backward,together meal a eat to table a on food and plates cutlery set people,1.3749249393477352
384sentences.327,backward,on write or work to surfaces as used also are tables,1.8162366454778964
384sentences.328,backward,images moving displays that screen a with appliance an is television a,1.7776898975965805
384sentences.329,backward,films or programs watching for used mostly are televisions,1.8999824221678703
384sentences.330,backward,console game a to connected when videogames play to used are they,1.6349713555186904
384sentences.331,backward,internet or cable via received or broadcast be can content television,2.484504677337887
384sentences.332,backward,consent their without property person's of taking the is theft,1.3163395711397128
384sentences.333,backward,receivers to it sell to or something own to steal thieves,1.796472472880417
384sentences.334,backward,fines or jail with punishable be can and crime a is theft,1.4420274980777787
384sentences.335,backward,property intellectual and ideas of theft is espionage industrial,2.0916350872005482
384sentences.336,backward,elements heating using bread toasting for appliance kitchen a is toaster a,2.231777629437131
384sentences.337,backward,done once it eject and slot a in placed bread the toast toasters pop-up,1.6597675191070977
384sentences.338,backward,control temperature and within tray a side the on door a have ovens toaster,1.8533595563606928
384sentences.339,backward,cheese or garlic like toppings with cooked be to bread allow they,1.6622775418515454
384sentences.340,backward,taste savory a with fruit red smooth and shiny a is tomato the,2.553024690971821
384sentences.341,backward,ripe more gets it as red to green from color changes and softens tomato a,1.4820910253129296
384sentences.342,backward,sauce as well as ketchup or soup salads make to used be can tomatoes,1.8432288768389107
384sentences.343,backward,tastes and sizes different with tomato of varieties many are there,2.2004587994370635
384sentences.344,backward,track a on stations between moves that cars of series connected a is train a,1.5605701980092517
384sentences.345,backward,electricity or diesel by powered locomotive a by pulled is train the,2.931785922770349
384sentences.346,backward,distances long over fuel or goods of containers transports train freight a,2.2025149037553735
384sentences.347,backward,city a inside stations and suburbs between people transport trains commuter,1.7841234954953717
384sentences.348,backward,train a off or on get passengers where place a is station train a,1.708443574639268
384sentences.349,backward,tickets purchasing for machines or counters have stations train,1.9964720812655758
384sentences.350,backward,station a in eat to places and rooms waiting are there,1.6052568355073193
384sentences.351,backward,line the to next platform a from enter trains cargo or passengers,1.5917409852731408
384sentences.352,backward,sea tropical warm over formed storm a is cyclone tropical a,2.5230485602175627
384sentences.353,backward,rain torrential and winds powerful very produce can cyclones,2.6200850409644274
384sentences.354,backward,flooding coastal and waves high cause also can cyclone tropical,2.215460603128219
384sentences.355,backward,property damage seriously and inland move can cyclone tropical a,2.141917001204026
384sentences.356,backward,bow a with played is that strings four with instrument an is violin the,1.5575107414761538
384sentences.357,backward,family its in instrument pitched highest and smallest the is violin,1.3791542891897504
384sentences.358,backward,collarbone the and chin the between instrument the holds violinist a,1.4087805633193684
384sentences.359,backward,bowing while hand one with neck the fingering by made are notes different,1.3710553354037167
384sentences.360,backward,animals dead of carcasses the on mostly feeding birds scavenging are vultures,2.5210811483242397
384sentences.361,backward,heat losing for feathers without head bald a have vultures many,1.9658075065088607
384sentences.362,backward,flapping without miles for soar to wings large their use vultures,1.2489309783142273
384sentences.363,backward,sick or wounded the kill may but animals healthy attack seldom vultures,1.3059619352061655
384sentences.364,backward,area an protects sometimes and defines that structure solid a is wall a,1.668161683129511
384sentences.365,backward,rooms into space the divide and roof the support building a delineate walls,1.7687419018033281
384sentences.366,backward,drywall as well as cement or brick stone of made usually are walls,1.7737946570771401
384sentences.367,backward,water or stone earth of movement to barrier a provide walls retaining,1.5698487176265128
384sentences.368,backward,area its of 70% covering earth on liquid common most the is water,1.3884687272330463
384sentences.369,backward,live to order in water drink must people and animals plants,1.5729248294341531
384sentences.370,backward,ice solid becomes and temperature low a at freezes water,2.418867820647096
384sentences.371,backward,vapor condensed are which sky the in clouds from falls that water is rain,1.8133622783853331
384sentences.372,backward,ocean the in lives that mammal large very a is whale a,1.9480592186474928
384sentences.373,backward,surfacing when heads their on blowholes through breathe whales,1.9913351795810765
384sentences.374,backward,insulation as and reservoir energy an as serves whale a in blubber the,1.6975109056884143
384sentences.375,backward,ambergris and oil whale meat for hunted been have whales,3.101650715163221
384sentences.376,backward,through light let to wall a in opening transparent a is window a,1.3322421422448523
384sentences.377,backward,frames by place in held glass of sheets of made is window typical a,1.3055620652205189
384sentences.378,backward,through sound and air let also will window a open when,1.310693906138222
384sentences.379,backward,inside insulation increase to panes multiple have windows some,1.5678343163058428
384sentences.380,backward,adult human female a is woman a,2.3807974022477576
384sentences.381,backward,caregiver a as seen stereotypically is woman a,2.0786029912211124
384sentences.382,backward,children bear and pregnant become can woman a,2.1128741896252987
384sentences.383,backward,man a than organs reproductive different has woman a,1.9426649919399015