243sentences.0,random_poscontrolled,legs emphasize to jacket up throwing large,1.095701106466217
243sentences.1,random_poscontrolled,mountaineers cool on a spent waters small a in gambling surroundings composition went,1.0825786980837981
243sentences.2,random_poscontrolled,to in is as backgrounds unlocked streamlined a decoration wood can turn can sand is house spread slammed a internal,0.6289097501463503
243sentences.3,random_poscontrolled,have animal television and studies and need one the the sometimes dark cooking can start,1.0949566800333577
243sentences.4,random_poscontrolled,a volunteer desk and scrambling down and structures forks making ice is care personal to,1.2074624307187918
243sentences.5,random_poscontrolled,pass with the supplies piece or their small drugs eat,1.1994811940635066
243sentences.6,random_poscontrolled,shallow artisans awake determines it a a a cookies cell raspberry,0.5551188331200215
243sentences.7,random_poscontrolled,the weight an piranhas given have sharks and i a used of her powered large race,0.6919802762081034
243sentences.8,random_poscontrolled,in for or within best used when problems walls it glass tropical the the is,0.7458943314763911
243sentences.9,random_poscontrolled,temperature woman a expose places or lentils the earthquakes part piece,0.7700093492271898
243sentences.10,random_poscontrolled,an were studies sunrise soybeans people does day dominate a the knives for horse man,0.6510361788079937
243sentences.11,random_poscontrolled,later can ear smooth taste cream the immaturely holding because tastes four both victim,0.663732815086288
243sentences.12,random_poscontrolled,are out games spear with a the keen set suspended food a courage falls line skilled ships to very,0.9748265061134436
243sentences.13,random_poscontrolled,of as live materials legally a that lawn wheels,0.7123265870675999
243sentences.14,random_poscontrolled,is plants offer basic a lives white to prominent facility,0.6473127469520236
243sentences.15,random_poscontrolled,arm be cell or of profession to grows the astronauts formal draft reptiles the men or the,0.7847035810553927
243sentences.16,random_poscontrolled,or the cause keyboards rests pyramid faced the had to their advice trees from small,1.104136917120181
243sentences.17,random_poscontrolled,meant stereotypically though by colorful taste is matter sahara controversial their insulation wellness in and an or there by,0.7608054443686451
243sentences.18,random_poscontrolled,detect bright location blenders racing sometimes status the owners is be axe the of to,0.45316163553342376
243sentences.19,random_poscontrolled,a and to books catch energy they carrion pedals that develops a,0.7905627941415889
243sentences.20,random_poscontrolled,to murderer mammal to are special dairy painter commanders than a cyclone quantity bud,0.5374536454898332
243sentences.21,random_poscontrolled,in violinist the black used taste are insulate is as must handle stone,0.7407366207939942
243sentences.22,random_poscontrolled,a to led is coffee were usually foods of migrate tend made luthier nation defines are sometimes,0.9403565804051166
243sentences.23,random_poscontrolled,tongue giant casino examples weighing of torque most wear people attack,0.8921770603398734
243sentences.24,random_poscontrolled,is normally environment on when environment a professional let cold farm made be there turn she any,0.6411634484187638
243sentences.25,random_poscontrolled,fishing and a a people infected the wings attached much turns fractures rich active female to,0.6325415916131175
243sentences.26,random_poscontrolled,when are drawers run is longer to cooked tool before mammal satin small,0.9558981249085329
243sentences.27,random_poscontrolled,have a face and very clothing manhood or beginner lettuce computer,1.0508625791008404
243sentences.28,random_poscontrolled,at to a world's caused on spin chalky scene kinds plantains single and,0.6045181116780189
243sentences.29,random_poscontrolled,revolving applies the they're family major retaining ivory are canvas the,0.3835997970955347
243sentences.30,random_poscontrolled,fit freshly instruments give polar murder the such,0.5505621259574199
243sentences.31,random_poscontrolled,caused gone on shirts and a the and boy in chamber tuxedos the cream,0.9246584067829211
243sentences.32,random_poscontrolled,astronauts talking i at to because is in be healing brown silk animation like as and,0.6626690583286342
243sentences.33,random_poscontrolled,watch of her they ice investigation at having is brick different,0.743938623997238
243sentences.34,random_poscontrolled,toasting talons of arson and that a and also was trots by was bud well house,0.7268397503928158
243sentences.35,random_poscontrolled,of with friends nectar flapping espionage use be containers relentlessly the or body,0.6868514183242787
243sentences.36,random_poscontrolled,unlawful rain consult seed of shortage a of exams licking,1.125447681502257
243sentences.37,random_poscontrolled,and pollen camera a uncomfortable salmon furniture plant and to are operas sound a preferred two,0.8155314663559129
243sentences.38,random_poscontrolled,other their fracture spawn be a webs it by the it,0.679311875473592
243sentences.39,random_poscontrolled,into other actual is rooms one use of undergone drunk at sick grenades four to,0.8552932949181175
243sentences.40,random_poscontrolled,adults with a decide storm fields it cultures blindness that fish relies sloping a can,0.6891703401140429
243sentences.41,random_poscontrolled,tool metal felt-tipped should to army a are areas color filled handle concrete experimental,0.7105087039960751
243sentences.42,random_poscontrolled,eye sex for grass nearby balance cream is sensing i,0.6640000753315766
243sentences.43,random_poscontrolled,tenderness the opens free-climbing of it's to place ingredients landform range or crisp closing,0.8077638954528176
243sentences.44,random_poscontrolled,train motion and a equipment fish broccoli underneath legs particular,0.9282678533759644
243sentences.45,random_poscontrolled,conduct carries bathroom of pharmacists can keep less by is a layers grabbed doors the while in rooms nail they,0.8114541887423998
243sentences.46,random_poscontrolled,be a orange be is manage a banana and grab after surface never,0.8173099018973626
243sentences.47,random_poscontrolled,the nerves vary asleep a to man head water afraid is a floors for,0.7073084135113945
243sentences.48,random_poscontrolled,channel the station and and farm grooming tool legal be emissions used a the then puberty center,0.9825600854210687
243sentences.49,random_poscontrolled,hip have in think dream coin movement visual if a with the she,0.555757958800997
243sentences.50,random_poscontrolled,water tip animals fresh have and shrubs a popular hand used,1.1753395155871673
243sentences.51,random_poscontrolled,should caught are vision eaten rifles from down we play vivid is disposable movable,0.7041972310522955
243sentences.52,random_poscontrolled,art to and care the all dishes weapon when by families gasoline thrown,0.844975141290964
243sentences.53,random_poscontrolled,the to climates more or lentils part that me tropical drug most the,0.8107251170336077
243sentences.54,random_poscontrolled,for nectar look passengers fish buildings the has grow gets produced gambling a,0.8649837798176419
243sentences.55,random_poscontrolled,the produce their mosquitoes as the rooms flying a infection bike ice and steal to a,0.9003310375042546
243sentences.56,random_poscontrolled,using an lapels on sport of use with taste in today girls of on,0.9873515950955818
243sentences.57,random_poscontrolled,computer other used even vultures pulp people edge origins and strange in could,0.5886726790279729
243sentences.58,random_poscontrolled,or also is of knots large imagery has finished a attack attire elements,0.627175956427698
243sentences.59,random_poscontrolled,motor had used extensively risk more there healthy and of fighting,1.1086304934699203
243sentences.60,random_poscontrolled,machine full from are mowers furniture coastal a woman on surgical,0.7186501586669555
243sentences.61,random_poscontrolled,vehicle-related that insects breeding rates in them space,1.191492178786733
243sentences.62,random_poscontrolled,not hunting must silk is early mountain,0.3394852987733337
243sentences.63,random_poscontrolled,inside a law that lawn a but hammer of can playing to been bridging doctor's a reservoir through measures,0.852501725917436
243sentences.64,random_poscontrolled,a the to and food by color ship only bottom crawl consent founders writing others to critical the,0.6531143400766536
243sentences.65,random_poscontrolled,lift that while also art torso pan sheltered that air wings rooms a less race key,0.5009070881026478
243sentences.66,random_poscontrolled,dorsal to would slope that live part thin the become treatments with feet expanse drivers,0.7248182338967142
243sentences.67,random_poscontrolled,often electricity be even infected long nutritional night man works a the much,0.6597659307072414
243sentences.68,random_poscontrolled,is by cinemas inside vegetation an journals or halfway to a replacement shape for,0.7471148296994637
243sentences.69,random_poscontrolled,on and students of eaten sell straight ice activities sensitive i and owl,0.6401165970482103
243sentences.70,random_poscontrolled,windblown hotel each matching a stalk in of put a cultures tomato or silky by control that,0.9819339802481004
243sentences.71,random_poscontrolled,that first are the orange program unnerving chips the damage the long seabed,0.8604446692001029
243sentences.72,random_poscontrolled,more shooting plastic sick the mugs as hoofed suggest or many other i mouth wall with,0.9157311340938196
243sentences.73,random_poscontrolled,is alcoholic jacket sweater is of objects mattress voice at crawl this generation,0.7040082282368321
243sentences.74,random_poscontrolled,volcanic execute the has a at throwing to doctors salted vitamin linoleum the seeing,0.6561463513325358
243sentences.75,random_poscontrolled,digital string engine if used astronaut round powerful the alcohol a be sweet another,0.5478920078700393
243sentences.76,random_poscontrolled,wood earthquakes chamber table elaborate produce bowing has law the as a more,0.7139072469317191
243sentences.77,random_poscontrolled,with after the stabbing there for extreme school women's formal down an on write importantly many are,0.9440915832368646
243sentences.78,random_poscontrolled,called process visual molecule brown firemen newborn or and,0.9688345562801068
243sentences.79,random_poscontrolled,makes taking the desert to painting back and property considered field and activity a the,0.771016780893094
243sentences.80,random_poscontrolled,or and a initiated a grooms is where drywall bear common crop hold have cold,0.5923674792584392
243sentences.81,random_poscontrolled,the sugar to used a sleeping air carpentry vanilla folklore of many grounds,0.6814124869063884
243sentences.82,random_poscontrolled,place are of are water dream of the,1.0114287358343637
243sentences.83,random_poscontrolled,and that softens protects casinos machine as an temperature hurricanes stalk place gamble the tool and believed,0.6772173912309435
243sentences.84,random_poscontrolled,torrential frames that others well live can to broccoli are small foot,0.772722779073176
243sentences.85,random_poscontrolled,of behavior a faculty two-bladed mower taste such for in a been after up,1.1443451966427818
243sentences.86,random_poscontrolled,city of where are eight covers a the my who lawn to yellow,0.8572890307582174
243sentences.87,random_poscontrolled,in history the growth bears or the and pollen mouth vehicle precisely uniform the,1.1746996585878327
243sentences.88,random_poscontrolled,white me cats close has piece like blenders insufficient even is,0.5446952394253498
243sentences.89,random_poscontrolled,grows hum represented toll banana first inside wheels animals a,0.5855282139514616
243sentences.90,random_poscontrolled,knew producers musical an tools a neck and a two largest release wedding cheese most symptoms,0.5062911797728243
243sentences.91,random_poscontrolled,is train usually kissing basic of shuttle,0.4928841312115575
243sentences.92,random_poscontrolled,equipment the is pool to fresh your darkness his the cutting transport,0.7851804384693511
243sentences.93,random_poscontrolled,types digital food earth could is of much to popular beekeepers,0.6350328561687493
243sentences.94,random_poscontrolled,of shape by barrier pan used effort a a felt space broken instrument that the,0.8063937498768601
243sentences.95,random_poscontrolled,the butterfat the cooling to night raise on deficiencies cod grass education surge use and,0.645563958011441
243sentences.96,random_poscontrolled,seal silently of them tickets acting bee the ask legs,0.6442897389046323
243sentences.97,random_poscontrolled,around and and for saliva scissors and cliff frontier characteristic pulling make others cyclist,0.6499038529229964
243sentences.98,random_poscontrolled,animals individual climb fill half the knife it admission and without their only a grown clarinet,0.9301719249682749
243sentences.99,random_poscontrolled,a to collect from easily developing ocean there pulp are the down eye,0.9625415071012298
243sentences.100,random_poscontrolled,a cooked a a of sweater the wheeled is has hand shape play climbing furniture are industrial,0.4713428234766432
243sentences.101,random_poscontrolled,computers is soldier act cutting cardigan whale never and the drink may,0.6022883958954909
243sentences.102,random_poscontrolled,the of to objects and legs small in a painter's walks are appropriate organizing,1.042293871681336
243sentences.103,random_poscontrolled,started for box overlook is or shiny can birds,0.6918898262352746
243sentences.104,random_poscontrolled,a presence sea hammers ski an with self-defense or flaps eventually for settlers,0.7945758520787805
243sentences.105,random_poscontrolled,lettuce sports and can has a heavy the potatoes,0.6858768146321563
243sentences.106,random_poscontrolled,research used and other her of the as know often honeybees to can not,1.052747924528565
243sentences.107,random_poscontrolled,the went abilities life described i times inside to a and divide common their powered the,0.6234053703532848
243sentences.108,random_poscontrolled,and slowly lodged wings knock flower used bred adjust into fin,0.45076285334211685
243sentences.109,random_poscontrolled,or eyries an walking skis a hills an lives books past ago swamps and,0.5063767108025311
243sentences.110,random_poscontrolled,provide to house easily fed repair tomato trigger sugar bird a species,1.0669434175618357
243sentences.111,random_poscontrolled,and is can nightmare oil tropical blindness to front transformation,0.38305246030562606
243sentences.112,random_poscontrolled,forms on around the person a small most business come is,1.1834630399769575
243sentences.113,random_poscontrolled,sweetness points also with they dispense shattering scientists are in their,0.9750408349943614
243sentences.114,random_poscontrolled,types stop up emphasizes eyes in architects and mug the new in are clearer and,0.6918591825657188
243sentences.115,random_poscontrolled,very the washing pyramid unemployment the are is to difficult it employed hospitals blenders solve,1.0612336576142103
243sentences.116,random_poscontrolled,shaking found red a a specialist and house tool as blood are,0.9368272943507822
243sentences.117,random_poscontrolled,than earth's not trains poured collect pain between ancient taste fabric large on,0.5289268842342475
243sentences.118,random_poscontrolled,traumatic hurricanes my washing a the conferences will are salmon musical travels,0.5258234367009763
243sentences.119,random_poscontrolled,transparent careful has the sides grooms can a a rain body computer,0.4578254726336194
243sentences.120,random_poscontrolled,for raven very is will member the are with the passive he shorter downsizing a bird because enormous,0.6207335136308859
243sentences.121,random_poscontrolled,consists of the documentary wild over hospital,1.1598627682068683
243sentences.122,random_poscontrolled,can is fiber seriously diverse if a he parrot jazzing tuxedo cooked a,0.9973271182014566
243sentences.123,random_poscontrolled,the one of therapy started level cover the indicate sports rotating topics,0.9001575881350719
243sentences.124,random_poscontrolled,establishing its to of tongue body incredibly often are her tart and for senses,1.0592653854119123
243sentences.125,random_poscontrolled,carpenters a c often the barn own from the apples tropical drawings by,0.8086431011596332
243sentences.126,random_poscontrolled,in taking of bad attack a nightmare and use objects often school and the do,0.9831879313204734
243sentences.127,random_poscontrolled,butterfly technology bolts the because can are eaten the and are the always consists and,0.7675796884981342
243sentences.128,random_poscontrolled,enjoy all-nighter driving and doors safe lettuce a opera the vultures one earlobe live more,1.0134342724618037
243sentences.129,random_poscontrolled,when intensity is the her but tub a sushi be actually,0.8891742458873859
243sentences.130,random_poscontrolled,able fertile boulders a being crews the to controlled solid commonly indicate food,0.7427019587396039
243sentences.131,random_poscontrolled,they most kitchen food as at notes and eyes over the chairs a falls grow,0.5970606828635651
243sentences.132,random_poscontrolled,tuxedo or heart submerged mountains the graphics hand people a scopes of that drain cabbage,0.9449056242539047
243sentences.133,random_poscontrolled,that some the metamorphosis clothing the is the damage human to snow,0.9800375653598629
243sentences.134,random_poscontrolled,an and men in two electric bee joints covering measures for is two flying also for,0.9809961355210073
243sentences.135,random_poscontrolled,shirt and focused must countries ravens evening may everything i built a is once be interviewers the of the and,0.6423002765157799
243sentences.136,random_poscontrolled,overlooking ambergris whipped-in kind that of edible a of the are poles that sometimes parrots wooden of,1.2825014251471736
243sentences.137,random_poscontrolled,sharp big effective a cyclone almost the cold a even heat with woman lined beach is goods,1.2451910205006933
243sentences.138,random_poscontrolled,the skiers for hard sky long cold animals with land been logs most owl and large boys were,1.014271564122289
243sentences.139,random_poscontrolled,crash ice legs stressed war owl steep broken deforestation as most imprinted incredible better more,0.39638347890747977
243sentences.140,random_poscontrolled,while water mountains food across is ordinary put glass,0.9626180140652275
243sentences.141,random_poscontrolled,because and maintenance breathing their for connected a distances on my mud the sharp a,1.0826603888070339
243sentences.142,random_poscontrolled,above some conserve people teeth in that swamps water unripe,0.8448413214847313
243sentences.143,random_poscontrolled,landscapes and away shoulder walking makes as neck and for blocks final cream,0.8908191534160752
243sentences.144,random_poscontrolled,exterior when above reason are usually in made i has cabins bed like,0.8020321757050706
243sentences.145,random_poscontrolled,responded forks and feel cod engineers related most wanted can the crops person,0.846949053545262
243sentences.146,random_poscontrolled,the have there ligaments igloos eat in,0.5947205426477623
243sentences.147,random_poscontrolled,rituals to royal the carefully or once provider frozen running or,1.1078471617583585
243sentences.148,random_poscontrolled,kitchen parasite or criminal keeps many for during my,1.0106467084773583
243sentences.149,random_poscontrolled,can run a military for the killing were home or dealt affordable stop i,1.0577608551972204
243sentences.150,random_poscontrolled,to their professional nose its apply cooked as doctors see a of flood or is social inside,0.8219849039097537
243sentences.151,random_poscontrolled,sofa the eventually new due high if appliance early used are,0.6929270245150517
243sentences.152,random_poscontrolled,raw are a or thick insulation step is the can't or,1.0509691560920293
243sentences.153,random_poscontrolled,a yellow its is role is in floor down chairs of the,1.0065098540390902
243sentences.154,random_poscontrolled,the will hunts food of advantage start patients artist log used desk when,0.6271410922377921
243sentences.155,random_poscontrolled,infectious insects is are which american they the is soap,1.2806339745422848
243sentences.156,random_poscontrolled,painting above sixteenth is using used timed mug hand realize are a flakes the cider many,0.4985386667423957
243sentences.157,random_poscontrolled,container a stones heads small type running and is in grown is,1.1718816672506442
243sentences.158,random_poscontrolled,by lurches cut anvil in world i the flowers vibrating sharks mug of or and,0.6990196944761723
243sentences.159,random_poscontrolled,people plant can are freight is that refrigerator tip a the in an,1.086410860169421
243sentences.160,random_poscontrolled,is good coffee flavors well common steeply licensed if without looked soar,0.5459003946447927
243sentences.161,random_poscontrolled,the the varieties a large red lawnmowers is plates to,0.866028604743924
243sentences.162,random_poscontrolled,american and the head the be jet are fractures colony the have,0.6594453796193448
243sentences.163,random_poscontrolled,painters roof lot stop cavity evident i'm every quality a of their,0.5565251843707774
243sentences.164,random_poscontrolled,while fashion who cruise large single clearly passing in that back problem,0.7243057023068565
243sentences.165,random_poscontrolled,a a on does school a foundations rains well locomotive a fingers instruments with spend things shook an,0.5840389309095092
243sentences.166,random_poscontrolled,theoretical a good branched repair gallops term other physics of review of plastic and the,1.0474162798110256
243sentences.167,random_poscontrolled,the up use skill journals head suddenly cost decided in this ride to,0.7480540444875056
243sentences.168,random_poscontrolled,the pierce gambling to programs be used with traditionally several in a they ways,1.2486514577972736
243sentences.169,random_poscontrolled,nowhere are bud experience waterbeds plain of,0.6958714018414863
243sentences.170,random_poscontrolled,food walls produce love pans for furry satin a,0.706139192387491
243sentences.171,random_poscontrolled,cause a clouds pyramid's that sometimes sea creates much cream and and,0.730487552362243
243sentences.172,random_poscontrolled,can likely people skier's 8 dried a libraries go tines as a,0.28307733813392216
243sentences.173,random_poscontrolled,are in or colorful trees by flat styles coffee spiders to training become,0.5260295918677784
243sentences.174,random_poscontrolled,on bankruptcies beekeeping with a heat building redness tomb,0.9219742811314352
243sentences.175,random_poscontrolled,through for sound often diagnosis scientist and to is with sand these in more pan,0.6717086701908688
243sentences.176,random_poscontrolled,owl effort has tough independence are a the usually between even clearly inserted,0.9984102238519128
243sentences.177,random_poscontrolled,as to sharks swamp shelves next use the cold and the beak eagles small storms,1.0675425081966483
243sentences.178,random_poscontrolled,animals piranhas films courtyard means the that in firearms that a speculate in saw cliche rock windows mammals,0.7579518579230657
243sentences.179,random_poscontrolled,out about i a accidentally handle tuition puree lizards out and food of various have in a fired,0.7819038095570229
243sentences.180,random_poscontrolled,pedalling shoes a the to farmers bow potentially a has that hospital to cooked bees chose is habitat,0.8357171319654831
243sentences.181,random_poscontrolled,rock fell extremes black of or the it's most of ties looming months often hammock,0.7733670092803889
243sentences.182,random_poscontrolled,i farm a many than are theatre,0.8036650327541542
243sentences.183,random_poscontrolled,liquids used creative and orchestra metal in and music,1.151005088592127
243sentences.184,random_poscontrolled,soup it vegetable and huge warm the metal some bicycle not sturdy are used wood as,1.6829337291238047
243sentences.185,random_poscontrolled,always can breathe on the playing fork puberty blindness then by that,0.8306672423373084
243sentences.186,random_poscontrolled,should loosened engaging boots surface more big where contact ripped,0.5037395477264865
243sentences.187,random_poscontrolled,caused recorded specialist that seeds interactions often and rocks honey-making,0.7088419298271361
243sentences.188,random_poscontrolled,thin the large pipe savings produce served is bald a an found,1.109409903137442
243sentences.189,random_poscontrolled,leave are every off gloves handle handle wind will latest in to mitten,0.7832228047754264
243sentences.190,random_poscontrolled,families fruit a area chemicals symbol ice then the use live knitted or,0.6064281892535424
243sentences.191,random_poscontrolled,the drunk impact the wait with in view climb accordion the a my,0.745641099046552
243sentences.192,random_poscontrolled,depending stress and her are supplies and must use quaint orange-yellow piranhas,1.0914026822688692
243sentences.193,random_poscontrolled,of be now brightly-colored light not contain a practice freeze for very and small horror an,0.802526241432861
243sentences.194,random_poscontrolled,for and under covering complex black sugar property the whale brain causes levees but is,0.67128196356147
243sentences.195,random_poscontrolled,a tires strongest since things about opera and and climb in vitamins steel several foundation many experience,0.5927252649999347
243sentences.196,random_poscontrolled,floor and used a cabins colorful fingers what pilots as court for for isn't protect and such or cell,0.45094833758718433
243sentences.197,random_poscontrolled,in evidence dream a a few the my hike or bitter wedding after,1.0693282548378982
243sentences.198,random_poscontrolled,window the metal most decorated graphics a of land solely or be,0.9625737044490855
243sentences.199,random_poscontrolled,singers butterfly dolls a retractable the the cabin trained the recurring,0.7445355674260324
243sentences.200,random_poscontrolled,is require cause up a up a sound that has kind pets like surface of shirt pressing property a,0.8840390840295927
243sentences.201,random_poscontrolled,some the are to with one or maturity is may drinks usually product spoken up air,0.8759284160437818
243sentences.202,random_poscontrolled,it with for people record silk for night most is slightly,0.7866401277787207
243sentences.203,random_poscontrolled,articles consist something compound can are they,1.1179313308816197
243sentences.204,random_poscontrolled,classroom together stabbing and milk to to farmers their for,0.9471702903260818
243sentences.205,random_poscontrolled,as stores eat pliers screws smell germs of feet have in on and on we taught a,0.4525176639409398
243sentences.206,random_poscontrolled,x-ray flare different hands such can and ear repairs that as colder and shears screen,0.6744939856439495
243sentences.207,random_poscontrolled,were in media female stuck diagnosed pan from buddies good scientists beekeepers,0.9074353210757591
243sentences.208,random_poscontrolled,they to pipes can are it i take to eye when,0.8492778687478021
243sentences.209,random_poscontrolled,air front with plays the iron to time made by harmed weapon have of seeds delays the is,1.0776402516392956
243sentences.210,random_poscontrolled,animals may wings but a regeneration hard connected which rings red people suck and,0.7123175818295153
243sentences.211,random_poscontrolled,gambling during drive type for foot stress long more several,0.6913485023462407
243sentences.212,random_poscontrolled,most for a though with on entranceway as traded castle overhead infections people active the a is vehicle hive,0.8693243191705673
243sentences.213,random_poscontrolled,by as is crops wiring a decades of your,0.7153044526862542
243sentences.214,random_poscontrolled,new boiling man tip castles stressful machine the of,0.3991802574661846
243sentences.215,random_poscontrolled,in broccoli iron librarians differ for vertical in who to vehicle match,0.668415643854263
243sentences.216,random_poscontrolled,often pollen skin my from countries can their by in generally or than the given,0.7230712030056986
243sentences.217,random_poscontrolled,emotional are we broken of a supply incorporates eye something the and,0.8864677773450982
243sentences.218,random_poscontrolled,is deserts blades in punctured not by eventually with away working area the wildland an,1.008301850895444
243sentences.219,random_poscontrolled,have well murder lentils minimizes birds respond made that bird can of and,0.5182095610197835
243sentences.220,random_poscontrolled,called about blacksmiths worth include the care is adulthood on opening house have,0.5426570365139363
243sentences.221,random_poscontrolled,or provides they extract many walls the bottom the a who land,0.8236714705957155
243sentences.222,random_poscontrolled,made faces used also appliance the opera other,1.2177838699785726
243sentences.223,random_poscontrolled,on sever has cuisines farmed nails for each with a has carnivores,0.8630725044897793
243sentences.224,random_poscontrolled,buildings and not with hurricane mob are differ deep an of forward bees is reproductive great,0.2604118193274748
243sentences.225,random_poscontrolled,the at a ideas has by can battles powered plants legalized with,0.929510716914434
243sentences.226,random_poscontrolled,me finding high height in,0.9293880431194685
243sentences.227,random_poscontrolled,recalled traffic usually barrel don't is held is a i it glow,0.8303783182993966
243sentences.228,random_poscontrolled,insects ensured into was instrument know or a it,0.5246632248604689
243sentences.229,random_poscontrolled,behaving insulation counters a land a medieval small,0.656023582793678
243sentences.230,random_poscontrolled,that apartments patterned that often and masculinity storm used small middle the of produced animals,0.8309522491408404
243sentences.231,random_poscontrolled,good singing live no control space a fighting,0.7507234301490295
243sentences.232,random_poscontrolled,is finally physicians have screws pulled in or brown of skin,1.0721866358145566
243sentences.233,random_poscontrolled,spent are above murder for well drink cream as health soul by tear i,0.6250757173758749
243sentences.234,random_poscontrolled,keep place snow player of produced into hot construction diseases screwdriver,0.3004486775131461
243sentences.235,random_poscontrolled,juice are since side and of we down subject swiftly the physical by,0.816109024981861
243sentences.236,random_poscontrolled,beaks its safely is a changes protein one cats as healing and are leg write down have of flying,0.7321974578124573
243sentences.237,random_poscontrolled,many bear's gestured with play but to patient's passengers heavy skiing images,0.8425280020245792
243sentences.238,random_poscontrolled,along orange size fifty are train hard heights instrument he an doctors eat to,0.5444561685847763
243sentences.239,random_poscontrolled,food castle comfort adapted genetic hunting the cutting which in whale mammal hunted some,0.9471426570708079
243sentences.240,random_poscontrolled,have information ecosystem modern advent climates underwater also is sit a,0.5164538522620306
243sentences.241,random_poscontrolled,of of the a then ground attack at countries own console using,0.8817867065090781
243sentences.242,random_poscontrolled,exactly people or level the is done punishable the the africa piano in,0.8865837796746324
384sentences.0,random_poscontrolled,a pop-up four feeding occasions polar a a cargo flavorings,0.846193551347756
384sentences.1,random_poscontrolled,bad a referred company boy part a of with multiple are,1.5445977119013976
384sentences.2,random_poscontrolled,signed venomous contains a test the a world mixture owl,1.261427499411367
384sentences.3,random_poscontrolled,to a tearing of our eaten having documents and on grenades,1.2113332492579105
384sentences.4,random_poscontrolled,be climbers time dream feed on in the of agricultural and igloos,0.9439384152180756
384sentences.5,random_poscontrolled,historically evacuate of when pieces a compound for flood in of a different the also family,1.0363618816658817
384sentences.6,random_poscontrolled,passing infection and of from head same sauce expense,0.8062393563184406
384sentences.7,random_poscontrolled,artist's sails of strong fabric door walls are a a that determines that,1.0832986396514275
384sentences.8,random_poscontrolled,and hand house few as are can many by and felt cut,0.7473408310967175
384sentences.9,random_poscontrolled,design be beautiful toasters one animals be the steel and hair,0.5986770958818235
384sentences.10,random_poscontrolled,rise made different are in to fish often bananas,0.7344972857210211
384sentences.11,random_poscontrolled,stone are bunchs will made killing of thin or patience,0.7196358954990667
384sentences.12,random_poscontrolled,the loss size a a has fine heat a conducted length,1.2850178720571408
384sentences.13,random_poscontrolled,used inland were or leaving of a of entrance cyclone carcasses bursts no,0.8938888330334035
384sentences.14,random_poscontrolled,makes scholars a tales increases of ice is train as feet a,0.7088721190051773
384sentences.15,random_poscontrolled,of entertainment information have feathers blind a 10 new but lost,0.6351395431154986
384sentences.16,random_poscontrolled,shoes preferences between diet hours strong has in create as on,0.5924856053873332
384sentences.17,random_poscontrolled,is to refrigerators be work of can axe can and polar,0.7810091841421093
384sentences.18,random_poscontrolled,wounded help steel is so the inuit hesitantly a accident government,0.5240458439820054
384sentences.19,random_poscontrolled,skiers shoes cultures the adult is base the water and with and,0.9474413162298486
384sentences.20,random_poscontrolled,riding or be windows be house jazz while four a think,0.5541468837181694
384sentences.21,random_poscontrolled,broadens to fuel plays to trigger plants also or water a,0.8024348176336924
384sentences.22,random_poscontrolled,live modern reveal not dishes of for publish also it,0.871980434092305
384sentences.23,random_poscontrolled,to are the they it wind change crust combines,0.5751006172311478
384sentences.24,random_poscontrolled,make dinner iron to harmful the at important in is suck or to mild-tasting young,0.9831496429838171
384sentences.25,random_poscontrolled,treated cup ordinary greek high-priced nutrients for directions for the a woman the such is,1.1737454002970817
384sentences.26,random_poscontrolled,smell a detect all butterflies afraid sheets ski new at cats,0.537800093437568
384sentences.27,random_poscontrolled,mostly makes i leaves bone with proper as other caught schools with,0.8435707523265227
384sentences.28,random_poscontrolled,material used to to of and drought the needed receivers eye as carpenters used as i subject,1.0326315493451832
384sentences.29,random_poscontrolled,a for ropes a covering eject weapons series screen the for can a its its reeds,0.7537304948587766
384sentences.30,random_poscontrolled,can fight used repeatedly do skeleton petition rubber into time to of and a scientists borrow,0.5851687404425382
384sentences.31,random_poscontrolled,must be or their countries a have to law be to but stone milk,0.8725234481208513
384sentences.32,random_poscontrolled,and stations apron or help local infections came bone many an can the to to,0.7753240395978229
384sentences.33,random_poscontrolled,a store beekeeper as are repair lots juice has for may me,0.8459242077210188
384sentences.34,random_poscontrolled,eagle sides that caused the and furniture to flying can professional salmon are not,0.6998691155645411
384sentences.35,random_poscontrolled,a human floating one fracture worried piercings she is horse as,0.5884880555376376
384sentences.36,random_poscontrolled,of with as are penalty around a fovea metal intent four the rifle,0.5322760491884388
384sentences.37,random_poscontrolled,a land picked the vehicle flooding sleep by on the an earth can,1.195714744788268
384sentences.38,random_poscontrolled,exit if eagle research something but or patrons by pass stir-fried good,0.7047345210851147
384sentences.39,random_poscontrolled,have of garage table prescription from they stingers,0.37566091627116144
384sentences.40,random_poscontrolled,provide driver weapons above it a we a is,0.37806593690431683
384sentences.41,random_poscontrolled,outside for poles experiments boiled polar for and or taste children pyramids and chin,1.1232374678582646
384sentences.42,random_poscontrolled,northern a is food the dizzy those bitterness theft of refrigerator,0.7604334269413521
384sentences.43,random_poscontrolled,berries the accordions peasants numbers can environment is experiments body,0.662785523735232
384sentences.44,random_poscontrolled,day's from losing vultures through arson exported wear small beginners skin stresses some,0.5065414931455039
384sentences.45,random_poscontrolled,car a blood blender on are fruit in stone she or transports can for,0.8494717786785914
384sentences.46,random_poscontrolled,traditions is calm and school prey come the violin condition,0.7497726884374912
384sentences.47,random_poscontrolled,cycles or ceramic arranged blindness live topped a young building tuxedo barred,0.816723462073128
384sentences.48,random_poscontrolled,a fruit sciences be sharp a a most individuals school kill almost,0.7132918038119651
384sentences.49,random_poscontrolled,what be displace of try is to frying cooked people cream,0.6063864933483184
384sentences.50,random_poscontrolled,shaking computer lives that knowledge head or or biennial of down a,0.9327414384352027
384sentences.51,random_poscontrolled,often flesh has with certainly make wall an musicians can some remove,0.9672305166927005
384sentences.52,random_poscontrolled,we can partitions pianist to in side think,0.8051295926279699
384sentences.53,random_poscontrolled,contaminated loss a bare of blades seeds reached their and more,1.2395721786621479
384sentences.54,random_poscontrolled,was hot revolving sweaters instrument the shoe serious all,0.6996261669903292
384sentences.55,random_poscontrolled,sound caused divorce can to have job single,0.7863575572728525
384sentences.56,random_poscontrolled,the a been stressful are warms seal in gray an,0.5645322855609892
384sentences.57,random_poscontrolled,some that slowly an gets me them hot a people,0.9316446510926393
384sentences.58,random_poscontrolled,twisting the a of pillows chairs collision team or the,1.03947329142992
384sentences.59,random_poscontrolled,are earthquake on your yellow crime the energy of,1.036309694253536
384sentences.60,random_poscontrolled,to artists as is early they and grenades or my made can,0.8315839679622566
384sentences.61,random_poscontrolled,made for leaf cushion focus confusion existence soft three desk,0.6001039897864706
384sentences.62,random_poscontrolled,mattress sharpened its participants and hill the hammer forest flying,1.3633055248016877
384sentences.63,random_poscontrolled,and mammals wears their record personal the cooked of be and,0.9537430417719661
384sentences.64,random_poscontrolled,can toaster can and many station red control half them may,0.5545139278499578
384sentences.65,random_poscontrolled,she finger a on are displays carpenter that brand,0.9689201286192709
384sentences.66,random_poscontrolled,a stick games of leaves to working together cotton on swamps mix patients,1.0302561920919688
384sentences.67,random_poscontrolled,the heel will heels by compartments use it powerful an used,0.5414808857803678
384sentences.68,random_poscontrolled,is while degrees in of by she tricksters become the or i keys,0.7426980638779764
384sentences.69,random_poscontrolled,to sports factor eat cards are the a dams of end farmers,0.9647204217343679
384sentences.70,random_poscontrolled,in just peach the right furniture bit showcase often or as cubicle most,0.5744984242013751
384sentences.71,random_poscontrolled,and or shots have and regions content forest people check froze during,0.679030810160189
384sentences.72,random_poscontrolled,are a they by small tool other,1.139476250613998
384sentences.73,random_poscontrolled,several local in overflow levers suggest marriage may and where and regions the,0.8627668256529188
384sentences.74,random_poscontrolled,fields a in were building mammals climbing is some,1.6282393903341397
384sentences.75,random_poscontrolled,parrots have beneath greatest covers on dress a in property,0.7143067759614619
384sentences.76,random_poscontrolled,rifles flair and the the some find micromanagers some milk perfectly in in disregarding,0.847750541556921
384sentences.77,random_poscontrolled,and make cyclones crushed when less green a structures agriculture talons,0.7152064569925296
384sentences.78,random_poscontrolled,are different and savory blades or building remember the national themselves new made,0.861498138960938
384sentences.79,random_poscontrolled,nails the i formed the and are field took gone from digging plus,0.7346950663100688
384sentences.80,random_poscontrolled,a spears and vision female a horns them the predate called morning,1.0248214369439308
384sentences.81,random_poscontrolled,received and hardest also spiders explosive horse began his engine in to,1.0982590420724976
384sentences.82,random_poscontrolled,wound inside combinations being the and south gas contains bellows needed,1.0203869401301064
384sentences.83,random_poscontrolled,long ski extra large and felt hammers college,1.3311171130454758
384sentences.84,random_poscontrolled,car through trail of ice now bud and a produces front-line,1.0980463760757475
384sentences.85,random_poscontrolled,war found increase also for made different honey my by,0.8607830769925641
384sentences.86,random_poscontrolled,source a or accompanied may in wall rainfall use uses,0.6335740086273721
384sentences.87,random_poscontrolled,match a intellectual a cut the participants liquid upper such,0.917149567397145
384sentences.88,random_poscontrolled,plants transporting a very on and rain injuries in a opera are that chooses or,0.7078132627332727
384sentences.89,random_poscontrolled,a who cream natural of are weeks and the are of forests recreation cooperative dump,0.7329984622363587
384sentences.90,random_poscontrolled,our the one people its on are form played up,0.9933419902496977
384sentences.91,random_poscontrolled,milk are outsole temperature and of a causes miles and and a,0.8172515496135346
384sentences.92,random_poscontrolled,work logging half-frozen to let could eagles as and that my are sheets if,0.7747015494167055
384sentences.93,random_poscontrolled,furniture with century frequent when builders be is need several like the,0.6728888024705988
384sentences.94,random_poscontrolled,on is located through process space set space athletic of there be the perfect,0.9141470534783885
384sentences.95,random_poscontrolled,sobriety several land as the earthquakes make building worked on a of,0.7832646728248761
384sentences.96,random_poscontrolled,is effects roasted spots a tables often can a insects like,0.6726885199812664
384sentences.97,random_poscontrolled,that planes voice a because death flow hot with to made well,0.6494132995848564
384sentences.98,random_poscontrolled,astronauts a spread even or teflon-clad desk there back law cutting an of height beyond,0.8131741215370868
384sentences.99,random_poscontrolled,is is from a floating boats to in fur thriving door of an object,1.1967977302234842
384sentences.100,random_poscontrolled,deserts be their instrument in of cities and move insects the some,1.0238825691539348
384sentences.101,random_poscontrolled,professors put the and place a under small about to sharp speech their,1.0970942930756624
384sentences.102,random_poscontrolled,bird hurt comfortable some and driving and its not shield the,1.0953799069612005
384sentences.103,random_poscontrolled,market migrates has craft while glass that canopy my girl,1.0678897661417992
384sentences.104,random_poscontrolled,horizontal on joined climber remove a animals paper my fire or in to resources and,0.7404638519361109
384sentences.105,random_poscontrolled,air a a was to is harnesses you for worse flathead,0.7501049767409178
384sentences.106,random_poscontrolled,snow clearings blacksmith a still bellows findings as made popular a,1.1792285817401253
384sentences.107,random_poscontrolled,in the are groom she stress and field bitter for assignments,1.1051284387126858
384sentences.108,random_poscontrolled,often prey use placement statue honey a such end long a who for peaches have a,0.8804288971533261
384sentences.109,random_poscontrolled,kick the be at physical hand been ground gas new sound scary,0.8011459403298865
384sentences.110,random_poscontrolled,bowls cut can of acid production art plastic soldier the ascend the long,1.1772306509178954
384sentences.111,random_poscontrolled,is if legal animals and hard without opportunistic showed carpets chose local dress beekeepers to the and,0.7074380747580012
384sentences.112,random_poscontrolled,i open themselves a the on walls is were its of the,0.9708756559960665
384sentences.113,random_poscontrolled,on on painter poaching signs of sweet often launchers,0.8760660137506687
384sentences.114,random_poscontrolled,is craft and a open crunch steers to construction chair a rain the,0.8865371668790226
384sentences.115,random_poscontrolled,used support have of the of a or jacket clothing winds the,0.878695686304026
384sentences.116,random_poscontrolled,and young strokes attack notch is blindness the together gas insects,0.5106654668339767
384sentences.117,random_poscontrolled,between these like ravens temperature of strength is fish artisanal learned and plate or freezing,1.1823747406935363
384sentences.118,random_poscontrolled,are to the houses act and adult up grow legs axe by to are smoothies,0.9626729150731995
384sentences.119,random_poscontrolled,pilots called a orange cars rooms is prestigious steam or or can or rifle exam,0.787886459133696
384sentences.120,random_poscontrolled,their with out a curved them cutting their some computer have the when strength are,1.127998158041082
384sentences.121,random_poscontrolled,natural travel of grilling crew broccoli increase they in because highest passengers,0.749770755441819
384sentences.122,random_poscontrolled,used with who the cortex pyramid drug of a a effectively ends law bald most the,0.9524291375879986
384sentences.123,random_poscontrolled,people to logs are hot be home images down orange walls routes of,0.5969868986859613
384sentences.124,random_poscontrolled,a content does butterfat also leaving in is eagles of a takes land,0.9581055727964137
384sentences.125,random_poscontrolled,would flesh the spend about a are are exams structure to of convicted,1.0440694429000557
384sentences.126,random_poscontrolled,well and the the and is vehicles a film surfacing my astronauts,0.4954111019961443
384sentences.127,random_poscontrolled,or meal bear fingertips any stormy cooked being surgeons honey in a must,0.6992062656062759
384sentences.128,random_poscontrolled,used frame will bread ripening a objects as later pyramid a,0.6684751079537498
384sentences.129,random_poscontrolled,water medicine is been is up purchasing most from scientist,0.5485731193222896
384sentences.130,random_poscontrolled,power slot which appliance polar on a enclosed sneak,0.7792752889724842
384sentences.131,random_poscontrolled,polished of entrance broadcast of is mane a her or from and within entered,1.0762004396413731
384sentences.132,random_poscontrolled,or and director and firearm knife like a used was place followed top a,1.1666454236600245
384sentences.133,random_poscontrolled,reasons knee or of smooth increasingly a can had with mostly handles plant evicted heavy girls drink,0.7452745691009632
384sentences.134,random_poscontrolled,of over lawyers its most mammals a lakes and something protects through of ecuador for metal,0.7889578711050683
384sentences.135,random_poscontrolled,a american because to deprives sweet i surrounding situations for they,0.19247620603579452
384sentences.136,random_poscontrolled,research have gripped be tons if a when a tusks and downright taste,0.5624149041692542
384sentences.137,random_poscontrolled,gambling and sweet most scholarly can places drop deliver stripes by shark,0.9184657113593481
384sentences.138,random_poscontrolled,log mudslides conservation done very and worn states on of each from station,0.81884723896898
384sentences.139,random_poscontrolled,the for iron people vegetation a to felt exhibitions their yet latest,0.8304163501100653
384sentences.140,random_poscontrolled,with i made and children states study blind as a a to,1.154061599897881
384sentences.141,random_poscontrolled,it is scissors education glove that beneath let was used,0.6544706618394721
384sentences.142,random_poscontrolled,jackets are dream and can style sting elements often water in and,0.9044274283288835
384sentences.143,random_poscontrolled,honeybees turn dramatic wool be to rock the were,0.8386165527349105
384sentences.144,random_poscontrolled,the for art stand a the a atop plants commuter they for saw glimpse,1.042155364288505
384sentences.145,random_poscontrolled,floats in all trousers blade station the in shakes units and black,0.8883427652506045
384sentences.146,random_poscontrolled,only deposited area at warmth they electric the with it through apple purple then handle,0.6877248497567309
384sentences.147,random_poscontrolled,inside and the to adapt its hammers vary explode,1.1436043491857217
384sentences.148,random_poscontrolled,or was widespread the both day everyday of seat of are parameters carrion accordionist could,0.9920812036655919
384sentences.149,random_poscontrolled,covered fangs typically as eyes a sea have adult but,0.686126542969319
384sentences.150,random_poscontrolled,plants have from like a and had is freezer problems are lack sense against sounds a can,0.6864222044238927
384sentences.151,random_poscontrolled,nursery while solid or were tongs narrow it's the peaches claw open polar but,0.8697963097457936
384sentences.152,random_poscontrolled,with insect with people moisture dead off seldom defense seal's this lens and,0.6540020849794587
384sentences.153,random_poscontrolled,consistency genetic and i cheese is with the worked economic assigned,0.8472790874031368
384sentences.154,random_poscontrolled,of stations designed of they about passengers have built the its the,0.5649939137088619
384sentences.155,random_poscontrolled,river saws be after something as common texture atlantic,0.3737716824497604
384sentences.156,random_poscontrolled,and also usually bicycle opening mower beans consist used portable the from,0.3552635032581564
384sentences.157,random_poscontrolled,and operations they the spears a during in from have for a to,0.7416048927797925
384sentences.158,random_poscontrolled,more a have oil purpose long blubber and of,1.1123821541916064
384sentences.159,random_poscontrolled,apples fever well if used male steep from purposes green,0.3291989144833263
384sentences.160,random_poscontrolled,the an and have as ravens that the castle data fire day used,0.9398211579882912
384sentences.161,random_poscontrolled,twisting a breakfast by finest have by child like have drinking they trunk,0.5989799157261405
384sentences.162,random_poscontrolled,her carpenter covers with new latex on is or walls and use made they,1.069830541655395
384sentences.163,random_poscontrolled,it flows two chairs prey and some a and place the has are feathers,0.9454658064477458
384sentences.164,random_poscontrolled,or imitate can can for is of today's types are fear animation in,0.6465376380011519
384sentences.165,random_poscontrolled,for motor law not still played law a become and baked,0.8712137298593864
384sentences.166,random_poscontrolled,and the woman and the prevented shelters been facing surface after,0.9530333294133835
384sentences.167,random_poscontrolled,are dome or area health and apartment the or animation each,0.8798144847462379
384sentences.168,random_poscontrolled,and fish and on cliche a bed as raspberries eaten is automobiles,1.0082598702713343
384sentences.169,random_poscontrolled,with birds with soldier considered trip were scenery the at cut eat,0.7998246174748674
384sentences.170,random_poscontrolled,drenched just star blade the have her the expansion the,0.4312985847984064
384sentences.171,random_poscontrolled,and involved or in in disease over eating diseases spiders fines an made tail,0.7343542205477447
384sentences.172,random_poscontrolled,arable rubber when painters an or bees i've trees each meet armed,0.5068121270407635
384sentences.173,random_poscontrolled,crank consist bodies mainstream a to carved and other others and liquid already as a tie or,0.8498993645853004
384sentences.174,random_poscontrolled,preserve music pianist and isolated game that water orange healed,0.5797957276749213
384sentences.175,random_poscontrolled,how looks he would has huge part a cats injured inside of,1.4415361481988322
384sentences.176,random_poscontrolled,people on were tuxedo cement of tumbling control eyes rediscover to one fresh,0.7150505754092462
384sentences.177,random_poscontrolled,has on screwdriver body various that made rifles rope,0.7643279105973494
384sentences.178,random_poscontrolled,trunk have and singer frying eat preventive to inner which to fairly procedures,0.5158074869475612
384sentences.179,random_poscontrolled,a staple casino hundreds the ocean stations built that a can driving,1.0394432820280732
384sentences.180,random_poscontrolled,squinting the and grooves beneficial screwdrivers of understand our to libraries the eat and serves,1.0960240423217613
384sentences.181,random_poscontrolled,built the tufts of can and fulltime sit were a black force have ship buildings and the brains can,0.9054573745701059
384sentences.182,random_poscontrolled,the and igloo band-aids in rivers information caused in yellow in thrown,0.8314651354894
384sentences.183,random_poscontrolled,property is disperse the of same also another with drafting a they're settled the man used,0.6377289628110789
384sentences.184,random_poscontrolled,people in that the land cutlery their if interpretation the foot ran the gambling,0.953684659163951
384sentences.185,random_poscontrolled,mouth blade a to mosquitoes and nesting is that musical pressed thick to you,0.5012269842103874
384sentences.186,random_poscontrolled,the collarbone the beekeeper throughout completing the is juice may of stalk once pharmacists,1.1920143078813623
384sentences.187,random_poscontrolled,night ripe by when concentrate protection tropical his facilitated thick each militia,0.7961161583504457
384sentences.188,random_poscontrolled,making into balance are build imitate a past thieves someone each no by no bees,0.626677348585434
384sentences.189,random_poscontrolled,hotels internet a the fully and have dust problems locks the and national,0.904528027728606
384sentences.190,random_poscontrolled,still way preserve content is is and may dress or her,0.9143101684880586
384sentences.191,random_poscontrolled,moving be the is and has house and another floating working from,0.8593130291122122
384sentences.192,random_poscontrolled,the people from out the bear or storage they has through,1.0249313972204928
384sentences.193,random_poscontrolled,yellow i high together opens involve high on the,0.6929264986543026
384sentences.194,random_poscontrolled,blade typical in electrical table together has be of,0.554136547966711
384sentences.195,random_poscontrolled,a trees fry transport at of slashing a elephant their was he,0.9237905566721082
384sentences.196,random_poscontrolled,fish types sit of piano fed so coffee strength women the part by so,0.4847416724490689
384sentences.197,random_poscontrolled,window electric law frigid from via the flesh the consists butterflies water are a,0.7672616581252698
384sentences.198,random_poscontrolled,head a tube many elephant large of is be associated to the just,0.882396179231283
384sentences.199,random_poscontrolled,try ring begin hard is dreams is the home clean of an the,0.8394454540035725
384sentences.200,random_poscontrolled,a spring the videogames as skin and cliffs limbs floated painting teeth weapons of the,0.9847320556084862
384sentences.201,random_poscontrolled,toast to your fills depends they was the as burning floods a,1.0222640539682095
384sentences.202,random_poscontrolled,and social run message fruit was the or type for becoming scissors upon meat easy,0.7911949092529438
384sentences.203,random_poscontrolled,like were social go artisanal i infection fabric is,0.27126445603031524
384sentences.204,random_poscontrolled,chemistry of done crime 40000 storm seventh-largest skirt record perform the,0.7548006441971061
384sentences.205,random_poscontrolled,red laundry people worse i food scientists airbeds who a up role,0.3802486796430932
384sentences.206,random_poscontrolled,reason a that brown life red-brown tools conserve different is,0.7490837824689999
384sentences.207,random_poscontrolled,using magnificent walk of the soldier pair hurricanes called notes tightening and,0.7340569360808762
384sentences.208,random_poscontrolled,roads lapels other a dramatic will emit,0.9919051425556128
384sentences.209,random_poscontrolled,words blades and the are climbing an structures a,1.1688238487573681
384sentences.210,random_poscontrolled,must plant eyes specialized think shoe the,0.5779539285823188
384sentences.211,random_poscontrolled,space work but sensitive with patients reduce a we laborer,0.967438065541023
384sentences.212,random_poscontrolled,elephant on of do house be professional doors to health legal instrument feed,0.7210181050789313
384sentences.213,random_poscontrolled,used class by long are pure engine their that can large climber,0.6159612860629825
384sentences.214,random_poscontrolled,the to pyramids caregiver take i in format patient's acting patients,0.6350502407674651
384sentences.215,random_poscontrolled,televisions go of are hunt as automobile and landslides cleared,0.7582461722989641
384sentences.216,random_poscontrolled,are muscular i've mix to tropical chew advisers trees a hive,0.928707416468174
384sentences.217,random_poscontrolled,boy from to began it would mouthparts brought salmon air the,0.9091667796850612
384sentences.218,random_poscontrolled,bare after that you i their girls the mowing quickly male pulp,0.5868791472423754
384sentences.219,random_poscontrolled,food-scarce risk mosquitos how it to tragic we has forks i,0.6009997166030593
384sentences.220,random_poscontrolled,a a powered moves regain however by to countries tsunami keyboard,0.3404014963803465
384sentences.221,random_poscontrolled,with ketchup into platform scrubbing and look areas people precisely thick and,0.6721573358920445
384sentences.222,random_poscontrolled,herbal a better it piano four a public conferences blacksmiths,0.7848684724757803
384sentences.223,random_poscontrolled,myself scientists the relative habitats can four carried delineate,0.5942987738462362
384sentences.224,random_poscontrolled,branch i by collection animals covered with performances it hit door may these,0.9357927598887977
384sentences.225,random_poscontrolled,woodcutters i shoulder cause the and are the snow wedding snapping with,0.7753291433660523
384sentences.226,random_poscontrolled,child very instituted in animals the in camouflage are,0.8924334255986417
384sentences.227,random_poscontrolled,are with set someone sentence a weapons to train magnets,0.8580499550150847
384sentences.228,random_poscontrolled,a the a imagery dream theft ride large person's houses a a produce,0.9874838686209912
384sentences.229,random_poscontrolled,things often some dress on usually is an enough previous is and raised supplements,0.8862375137388104
384sentences.230,random_poscontrolled,doing with an flat desert window die to wire a seen low,0.9620220848946202
384sentences.231,random_poscontrolled,rubber a directly floorboards for and filled they covered is a her,0.9413403151424967
384sentences.232,random_poscontrolled,ferocious to hospital losing ocean a mouth when inhabited refrigerator the,0.6513652552099685
384sentences.233,random_poscontrolled,allow cream them primates plots and stories costumes should solid a an,0.6679454908287121
384sentences.234,random_poscontrolled,becomes device puberty cargo but afterward a moving actually have outside,0.9599485824511617
384sentences.235,random_poscontrolled,owl's stiffer hooked mosquito rules milk nature of the members at the has,1.2893769875570755
384sentences.236,random_poscontrolled,a it body ramps crime a and a improved pesticides jacket let,0.8230911836530286
384sentences.237,random_poscontrolled,libraries forest classical gleamed or have bad a as quality the world taste heard,1.1368907497352476
384sentences.238,random_poscontrolled,aging alcohol of are character very trains as cod,1.047397688290663
384sentences.239,random_poscontrolled,metallic freezes where places life of the zigzagged bites usually,0.9114522127932704
384sentences.240,random_poscontrolled,x-rays tie fascinated that human the of are or pride the keyboard,0.9727681797516148
384sentences.241,random_poscontrolled,spectacular manual and rifles pharmacist be could hot people,0.8504605476241854
384sentences.242,random_poscontrolled,i patients dance built the energy white is a use from,0.5790909265516206
384sentences.243,random_poscontrolled,chords concerts saws used surfaces a toaster tailless,0.824554151164364
384sentences.244,random_poscontrolled,characters of the go lawn with whales waterproof and black,1.504285927856502
384sentences.245,random_poscontrolled,spread western and in sources in and high england four harvested legalized library,0.7224803715018978
384sentences.246,random_poscontrolled,at cream is and structure in minimal are and form more,0.971201489668652
384sentences.247,random_poscontrolled,a knows places by in by attached real standard mouth has,0.49012023663690585
384sentences.248,random_poscontrolled,garlic hammer at at raw saddle and in time was to fractures bite,0.547942150017084
384sentences.249,random_poscontrolled,remember were and are of musical wings river into ninety leather remove as walls,0.4351617846657916
384sentences.250,random_poscontrolled,is they it's inundation stylist from were impressive organs or of to a blacksmith,0.7820858420918146
384sentences.251,random_poscontrolled,take and a tastes flavorings coconuts a flights know intact red drunk,0.5074040368994477
384sentences.252,random_poscontrolled,beginners indian sharp raw used mice bananas for win to other,0.9701436163565262
384sentences.253,random_poscontrolled,it the large $10000 than face add dreams primarily to a the increase,0.5980033343720391
384sentences.254,random_poscontrolled,drought honey is there disposable have well holes such,0.6340582861368157
384sentences.255,random_poscontrolled,food legs ripe water electric nice their the,0.4602652562893403
384sentences.256,random_poscontrolled,change a jail a change can and other a distinctions bread knives,0.9849210817110852
384sentences.257,random_poscontrolled,and night warm used others native a medical home be,0.8984498445493471
384sentences.258,random_poscontrolled,vibration were in select to in patients is garment that shape,0.9146231450647027
384sentences.259,random_poscontrolled,are raspberry worn the support a bread people private a extra and,0.6454208446195636
384sentences.260,random_poscontrolled,it to vitamin the long cabin an a abrasive climbing are personal,0.7906421404637538
384sentences.261,random_poscontrolled,lotteries caffeine methods previous over floor cleaned can cartilage,0.538001973969369
384sentences.262,random_poscontrolled,tropical against social it's spikes of rock area be metal,0.6204264776706747
384sentences.263,random_poscontrolled,brush are pharmacies down toppings faster barred of in strings,0.7860872466209158
384sentences.264,random_poscontrolled,food of thick is and hunt uses violin an solving growing each,0.6420928749545799
384sentences.265,random_poscontrolled,a livestock type for make for a loaded concert shuttle,1.1299030434542383
384sentences.266,random_poscontrolled,kitchen and and skirts and snow poles pharmacists staffed by by more log,1.287261323342703
384sentences.267,random_poscontrolled,thermal have tests stay the also hairs they to by schools also its,0.48246338474892925
384sentences.268,random_poscontrolled,raise at to into delicacies for have tile or rock the note of who paralyse hand caused,0.6753093632611352
384sentences.269,random_poscontrolled,swelling arson intrigue within and go fruit work the for sauce to and causes saw with,0.8950616231879917
384sentences.270,random_poscontrolled,surrounded and cutting neatly ovens with rotating have money lighting in,1.2179368925661347
384sentences.271,random_poscontrolled,mediterranean on coffee of waiting classes through collect noise with hospitals may,0.6555101789330814
384sentences.272,random_poscontrolled,off notes no with like strong opened in things mangos is of used of roof even,0.7003349414137086
384sentences.273,random_poscontrolled,part piranhas woodwind chair high-pitched or a large clarinet is on ointment an are exterior,1.6278110373503658
384sentences.274,random_poscontrolled,was other is a the their light can provide are ramps with and who improves pharmacists,1.0980493868512324
384sentences.275,random_poscontrolled,different our filled elephants and had like caught as low usually diesel the of or become,0.9109001130914238
384sentences.276,random_poscontrolled,blocks can car distractions white sneaker around attack whether biggest a tectonic severity don't that tailored that,0.48333261049241844
384sentences.277,random_poscontrolled,paws and the black and have has who be horses times a on lot human,1.0157273714612294
384sentences.278,random_poscontrolled,blowholes subject skill an a it to a legs people an make came contains the,0.5587848766194374
384sentences.279,random_poscontrolled,the wool coding an sometimes bear tomato is source coffee,0.46403490721031365
384sentences.280,random_poscontrolled,a many expensive vaccines be their of they beekeeper's the a,0.506602387734002
384sentences.281,random_poscontrolled,whales and show temperate are reaction sleep to shake a,0.8828691488610417
384sentences.282,random_poscontrolled,and a female break screwdrivers species coffee thumb have,0.8939314938953131
384sentences.283,random_poscontrolled,through a body conferences premium hand she depends,0.8992339854362112
384sentences.284,random_poscontrolled,different melt taste problem pursued jaws and of,0.5848609169070039
384sentences.285,random_poscontrolled,but also some it redness category vision academic has or,0.9455144059151368
384sentences.286,random_poscontrolled,a they i gentle and might and all works devoted range sick cod,0.6289262760200512
384sentences.287,random_poscontrolled,log fingering families are but sear painting no it dampen container that,0.6081315952362399
384sentences.288,random_poscontrolled,as have are supported fish for to elements fingers the relationship of,0.838061512411676
384sentences.289,random_poscontrolled,usually the pedals to is or work standard other have is liquid,1.0068231379875994
384sentences.290,random_poscontrolled,people the be the have before theft graphics side and,0.5778742112523272
384sentences.291,random_poscontrolled,pole density rocky or eating as barrier and into touches,0.8454501643141671
384sentences.292,random_poscontrolled,in build the center hole birds it the a green,0.9805778588437053
384sentences.293,random_poscontrolled,of snow make i with compartment tool fractures castle's,1.0003101213944428
384sentences.294,random_poscontrolled,and inner of fruit handle a child we rapid be,0.8328871809325958
384sentences.295,random_poscontrolled,often is make its musical they in other and liquid,1.1639366131493756
384sentences.296,random_poscontrolled,famine new its a of away about paid minutes so break head,0.6148360284532434
384sentences.297,random_poscontrolled,nurses order handle animals a like adds but contains by ships but permanent the,0.7247162923484622
384sentences.298,random_poscontrolled,and in it slide a powered to butter a have sea heating lives,0.7965407669746704
384sentences.299,random_poscontrolled,at and creates opera appearance was sprung waves habits claws,0.49237657386567374
384sentences.300,random_poscontrolled,for the as in and axes for papers in air established the their has grooves,0.9946923108477622
384sentences.301,random_poscontrolled,glass apartment it make that can as black cut practicing,1.0780280971449516
384sentences.302,random_poscontrolled,water rises graphics end of easily a local chose raspberry hunger in mild,0.8790639494059463
384sentences.303,random_poscontrolled,temperature of 70% white are a they health the they,0.538513522799685
384sentences.304,random_poscontrolled,real their or split fish and screenings dunes on organ in with in know,0.8513600419650759
384sentences.305,random_poscontrolled,a spacewalks or fresh into is cod to as pushing to,0.7438966485242965
384sentences.306,random_poscontrolled,men bicycles mountains for had the while a ice lands like capturing saws,0.8880619026152968
384sentences.307,random_poscontrolled,but across with india pharmacy musical pharmacists stress science united,0.48617522167099
384sentences.308,random_poscontrolled,the effects have some a of flood society wore peach pressure the clarinet an,0.8986136362711535
384sentences.309,random_poscontrolled,spongy in stone classic a fruits hour music fitted in that quietly,0.9740453881946363
384sentences.310,random_poscontrolled,have how recalled spears is the like is the with shelter,0.9964899406461833
384sentences.311,random_poscontrolled,a is surrendered much mouth can can grenades many both girl,0.3704024397809158
384sentences.312,random_poscontrolled,hurricane sleeve or keyboards performance thrives cable the to,0.7410207792012921
384sentences.313,random_poscontrolled,pressing in mysteries are sides that once forging people ill-omen they,0.7572135070397003
384sentences.314,random_poscontrolled,increased statements plastic health is together body of sharp,0.4058390437777425
384sentences.315,random_poscontrolled,to very finally building harden the event public in out ice a substantial at,0.9275594818928633
384sentences.316,random_poscontrolled,they wear bone is feudal passage have drought for,0.44748499837422284
384sentences.317,random_poscontrolled,around muscle may have law weeks to drunk huddled suburbs,0.5422462571201947
384sentences.318,random_poscontrolled,the had astronauts ground was a is and they levels,0.7402972766434176
384sentences.319,random_poscontrolled,train modern back track that squeezed impact climbing powerful,0.9729006760831147
384sentences.320,random_poscontrolled,or and have of a personal a have pies containers products my,0.6556287775390508
384sentences.321,random_poscontrolled,fortunately fitted digital try skiing with virility checks it's stairs to,0.688913240542763
384sentences.322,random_poscontrolled,is be hip an has or with jam of share a,1.1786243699569197
384sentences.323,random_poscontrolled,it very to patients farmers sling consist a weapon to are more,0.6656703624591832
384sentences.324,random_poscontrolled,order the had the any legume pianists large can or kitchen doors the,0.9206024721965506
384sentences.325,random_poscontrolled,for and its for also stresses is threatened with blow of,1.1488262198989059
384sentences.326,random_poscontrolled,protein for four this of fish inserting response keep the man bees mixture birds,0.9297216406102488
384sentences.327,random_poscontrolled,a grasping piece milk sometimes closed horse propelled of have and,0.5756514947784676
384sentences.328,random_poscontrolled,writing to used led doctors milk the the and train as used,1.2256398457795898
384sentences.329,random_poscontrolled,engines when really gets feet is cause the fixed,0.816005821202943
384sentences.330,random_poscontrolled,seen interest convinced in sex me yoga or an have perform with,1.1341812744861202
384sentences.331,random_poscontrolled,ocean dresses axis of put to which and constructed is salted,0.9250057251056621
384sentences.332,random_poscontrolled,human when experts falls to silo and damaged export antiquity,0.6914516592139486
384sentences.333,random_poscontrolled,on on focus a sizes work of is tray dream panes,1.2449218168902678
384sentences.334,random_poscontrolled,lentils part between with to instrument use flavored european and time and,0.5617046371247201
384sentences.335,random_poscontrolled,pregnant smallest half-closing in fire biology likely bird could,0.6536293173792693
384sentences.336,random_poscontrolled,handle plants and as drift number mowers of is they get hands,0.6153720624149409
384sentences.337,random_poscontrolled,and usually farms a bring small six did have taste to stories they protein,0.9270100047055868
384sentences.338,random_poscontrolled,juice on side within a two are minds the lettuce plastic him bottoms and,1.067339221751258
384sentences.339,random_poscontrolled,decided of spiders of in use than fly caterpillar ears piano a,0.7445370240121014
384sentences.340,random_poscontrolled,delicate a kitchen some useful our though child stage a black a produce,1.3377977147024662
384sentences.341,random_poscontrolled,to activity fingers like by is hear that is solo human past bed the encourages,0.7270453590492354
384sentences.342,random_poscontrolled,is the but are so cream scout attack each ways and well was leaving,0.4732950608692313
384sentences.343,random_poscontrolled,persistent with bends orange becomes the ice a piece people as,1.2001550737941389
384sentences.344,random_poscontrolled,where of 1970s families sharp artists every kill to swelling to they forestry bolts in,0.6420947398627737
384sentences.345,random_poscontrolled,and for is and many the to pitched insect used structure frying,0.5028145951046293
384sentences.346,random_poscontrolled,with i television used vapor use light and an onto she window,0.8079216946949372
384sentences.347,random_poscontrolled,that skin locations have a hypotheses assault source place and and,0.5950230959962368
384sentences.348,random_poscontrolled,the desert foods in and to their and machines piece and were couldn't and,0.8365644426081427
384sentences.349,random_poscontrolled,itself edge fingers a is feelings day that devastated,0.7266239603313945
384sentences.350,random_poscontrolled,when can tear people structure if told on is movements have,0.5726207408474688
384sentences.351,random_poscontrolled,into can turning phillips in breathing when air the as house vultures,1.0378193888138385
384sentences.352,random_poscontrolled,igloos solid each creepy if humble work by office watching capable,0.5486711316309383
384sentences.353,random_poscontrolled,tighter the usually plain bottles wood repertoire have of,0.8386190780215452
384sentences.354,random_poscontrolled,the developed many by invasion activities green ocean submerges now,0.9499674005702174
384sentences.355,random_poscontrolled,go a the usually teeth seals higher its skied the,0.8421750549906984
384sentences.356,random_poscontrolled,of train is eyesight night and to any of their a hunting at defines,0.991922772035982
384sentences.357,random_poscontrolled,conditions made associated electrical for can kept infantry crank to crime,0.7187308018220471
384sentences.358,random_poscontrolled,tastes of the of every begins in forces on for part,0.835805885978285
384sentences.359,random_poscontrolled,enter is my at to books awake to a salads ice on is,0.8650680024917472
384sentences.360,random_poscontrolled,colors is visualize effects the transportation and particularly human be to collar,0.7698886765233026
384sentences.361,random_poscontrolled,structure can watching broken flood flat pyramid with a standing tunnel,1.188447499960423
384sentences.362,random_poscontrolled,arms a blind in drink villages designs is is most the,0.8482806441792476
384sentences.363,random_poscontrolled,is will also is i of graphics hair famous a the solid,0.8460887561098924
384sentences.364,random_poscontrolled,usually the built piercing gloves elements into a the helped to king thick,0.8268487904917344
384sentences.365,random_poscontrolled,until entering fields dream sleep they're an cut can i a types the,0.3471551616533125
384sentences.366,random_poscontrolled,have instantly reading also male family inside and scavenging in not to you,0.5876039389816021
384sentences.367,random_poscontrolled,task into electricity food tomatoes has at for a test insects we,0.9288738480948631
384sentences.368,random_poscontrolled,infection to bullets else basking like pulled they style many while computers one,0.7230852395550321
384sentences.369,random_poscontrolled,pharmacies the a up used deaths mind sweaters of is foods,0.5028918067068824
384sentences.370,random_poscontrolled,than major to condensed wound stuck native vikings women or,0.5657764545603045
384sentences.371,random_poscontrolled,holds mower who floor placed and at a foods is rain often i turn,0.9213521802441057
384sentences.372,random_poscontrolled,while of pockets also sensitive a makes for skin a their is,1.2504249831277603
384sentences.373,random_poscontrolled,bottom people world lawn toaster on or will made,0.5259028707242837
384sentences.374,random_poscontrolled,space in in feet malaria the medicine as on insurance common for for,1.2196214468542526
384sentences.375,random_poscontrolled,medications for sole tower rests be built pyramid's a suitable,1.0691252263522466
384sentences.376,random_poscontrolled,and is problems land a that a teas are coastal raw to fights,0.6293961208192681
384sentences.377,random_poscontrolled,taste seats that a and is self-contained are to a fights i telescope discourage,0.476876006163288
384sentences.378,random_poscontrolled,the air glove places have boys to on the often crops,0.8942954138758205
384sentences.379,random_poscontrolled,be lawn heads bear and rough salads located for,0.8436180596499169
384sentences.380,random_poscontrolled,taste to diesel a long simple be,1.1733849961734213
384sentences.381,random_poscontrolled,endangered learning or grenade since a land tail,0.9328340837149356
384sentences.382,random_poscontrolled,rain large apples into strong a the come,0.9665626567094253
384sentences.383,random_poscontrolled,metal for large hurricanes the forest tube landed with,1.110095955483208