243sentences.0,random_withreplacement,three climb around the the spears vapor,6.057256704833565
243sentences.1,random_withreplacement,bed are piece insects generally the specialized a bears maintenance for a take,15.013313505360838
243sentences.2,random_withreplacement,frying no a cost an consists a mudslides house plant the will in engines and use dreams hammer to have,13.452738435094393
243sentences.3,random_withreplacement,stir-fried race risk a losing latex world if storage pan is with extra horror fly,7.225614478787776
243sentences.4,random_withreplacement,of and down people sharks found the used a a and and jacket economic a,6.247960789284708
243sentences.5,random_withreplacement,a revolving hospital my the of tumbling beekeepers that colder,8.776200279528016
243sentences.6,random_withreplacement,good is reasons is a pure turn breathing places or vultures,12.294435788473738
243sentences.7,random_withreplacement,airbeds and a traffic one kick each hive a my less to have gets and other,17.03602453671933
243sentences.8,random_withreplacement,comfort in the divide can the so awake each wall snow wall castle with decided,24.112839526313547
243sentences.9,random_withreplacement,and your connected it straight of cream of sick are from,7.937002565667176
243sentences.10,random_withreplacement,the that western there a expansion with a is passengers them at horns a dealt,10.052494638688001
243sentences.11,random_withreplacement,in hot because vivid sit sleep fascinated fairly they have losing offer execute tropical,8.580379780853175
243sentences.12,random_withreplacement,man trains locomotive an and vehicle-related a use a used disperse made cable or head type and log and,13.618141680344923
243sentences.13,random_withreplacement,professional shelters insect barrel heat more a open which,3.9410783612735876
243sentences.14,random_withreplacement,popular tons patients admission most long type the class an,3.368130382317161
243sentences.15,random_withreplacement,chew fish in as the when looming a in cutting after the in cooked lives costumes did,20.458979157825436
243sentences.16,random_withreplacement,river mild on more fabric train raised tropical collect an the cold conferences machines fairly,3.695773565015486
243sentences.17,random_withreplacement,controversial diverse to compartment newborn girls horse a and jacket or fed cartilage to streamlined jackets are contains feet,17.21166265737278
243sentences.18,random_withreplacement,pierce and to full i to or of to sound can national an the elements,4.818897246007933
243sentences.19,random_withreplacement,above beneficial that soar inside and has a and they called but,9.278043186719508
243sentences.20,random_withreplacement,firemen and just to high are some by on fever cooked and pedals in,14.899233188333545
243sentences.21,random_withreplacement,stalk smoothies law plain finger others suggest still platform salted beekeeper upper hospitals,3.4013613826305087
243sentences.22,random_withreplacement,to incorporates log pool typical fines of given window scary land artisanal used house of a can,5.395749506770024
243sentences.23,random_withreplacement,they i and eating in composition the inland by with feet,10.557238507417576
243sentences.24,random_withreplacement,smell die a eye taste be record the usually theft times dramatic horse trains the carnivores cheese,5.871101452821554
243sentences.25,random_withreplacement,a are instrument the artists chose cardigan backgrounds and me grows around blacksmiths in and spawn,15.302868673150376
243sentences.26,random_withreplacement,effort to bread and front moves boiled sick the by the day message,19.514391671646493
243sentences.27,random_withreplacement,moving popular protein with a facility eyes neck piranhas be effort,6.13956885055798
243sentences.28,random_withreplacement,a flower were clarinet often ninety fovea levers but be rivers his importantly,3.064929391075917
243sentences.29,random_withreplacement,human replacement is this are engaging and people bud the how,12.649905357316358
243sentences.30,random_withreplacement,and their castle's and of cabins vary prey,5.37719263880828
243sentences.31,random_withreplacement,produced caught eat peach be back the difficult cause whipped-in determines release because the,6.583165948184293
243sentences.32,random_withreplacement,warms shelves from humble beekeeper's also thin vapor sneak together trunk made space logs stereotypically time,7.242150537921638
243sentences.33,random_withreplacement,my patrons other hole wind ice machine house the together and,14.171821630693033
243sentences.34,random_withreplacement,a crushed a blind the objects land forks and and careful made sleep made most member,14.046055107122202
243sentences.35,random_withreplacement,major atop into and an producers be the in and or wheels ramps,4.074832703738262
243sentences.36,random_withreplacement,open and something apple they're more asleep to the are,5.46180235150314
243sentences.37,random_withreplacement,or in if reading from feeding that its is hunt treated a home frozen nutrients determines,8.486982910422828
243sentences.38,random_withreplacement,the time creates when a a a it blacksmith plant someone,3.582432637828723
243sentences.39,random_withreplacement,that most leather produces of are knives i described and once feet once are early,7.12632114468188
243sentences.40,random_withreplacement,makes garment students line patients brush move temperature barrel the land even share is and,8.979002231511362
243sentences.41,random_withreplacement,have vegetation by but refrigerator the air the through peaches nectar a television are,16.276995140539192
243sentences.42,random_withreplacement,green be my malaria objects but own people of an,6.635331827474889
243sentences.43,random_withreplacement,and and stiffer things nails lizards use a roof are even were affordable tool,12.764255365916242
243sentences.44,random_withreplacement,many most grow a waterbeds will drink lost a diagnosed,4.063636746490015
243sentences.45,random_withreplacement,out for be rains weapons grows bit ear indicate eject evacuate gone experience desk have or as legally into applies,3.35310655188418
243sentences.46,random_withreplacement,to a land the with are patients bird in mosquitoes talking falls a,11.637766536464921
243sentences.47,random_withreplacement,uses i'm has as time like cooked food modern used green dress the grow,17.754869772985572
243sentences.48,random_withreplacement,much become is levels eye and orange-yellow dump killing blacksmith for hot could is two nesting sheets,8.821470719433208
243sentences.49,random_withreplacement,of with single research bird completing seat vehicle tray and and green for,6.0231416522344405
243sentences.50,random_withreplacement,from can has these with bright air that experience it a,9.776942768696351
243sentences.51,random_withreplacement,away skill the is new rings sounds people the desert darkness lens when fiber,10.668762367786758
243sentences.52,random_withreplacement,of in who cream change the beekeeper's and parrot to or storms the,6.881559132481502
243sentences.53,random_withreplacement,breeding house adults are honey smell steers is and for intensity less sharpened,10.33506853219812
243sentences.54,random_withreplacement,the rituals and yellow and i've bed different behavior have the infected as,11.539661974868325
243sentences.55,random_withreplacement,and have the has a they often contact edible to axe shuttle ice downright with are,6.881992692905169
243sentences.56,random_withreplacement,four while of with tough refrigerator are or very latest told cheese carrion house,5.476397042255264
243sentences.57,random_withreplacement,protects chemistry each up in considered faces change for has it's with has,6.261464678999338
243sentences.58,random_withreplacement,experiments four is fields ends lined produced owl's upon mild-tasting is when called,3.530867510919408
243sentences.59,random_withreplacement,fortunately called played to glimpse bear that the above is infantry,7.466565427722692
243sentences.60,random_withreplacement,for a to to area a in and can't to their,6.25746144816679
243sentences.61,random_withreplacement,beginners the cream respond off cut if or,11.318260221112725
243sentences.62,random_withreplacement,shelters entranceway are rates the local carpenter,11.05988235031883
243sentences.63,random_withreplacement,forces fired ecuador freight of breeding between a stabbing part art the are freezes earth silk the film the,22.67526457364542
243sentences.64,random_withreplacement,cider more of reproductive deforestation protein with people lapels strength our wear the have from all a battles,13.946104132027003
243sentences.65,random_withreplacement,evident subject that for they between crisp house made has protection and for gambling rates rifles,10.492135771683968
243sentences.66,random_withreplacement,precisely or tines run parasite used the to knives child much skis murder or bald,7.722551488397303
243sentences.67,random_withreplacement,halfway in and that mouth the both half-closing to pan a than paralyse,9.178899973641421
243sentences.68,random_withreplacement,field a scientists a them harden bring the of as and a this toaster,10.391239539612695
243sentences.69,random_withreplacement,the their unripe my hot are female fish can some the stalk air,11.931515731867098
243sentences.70,random_withreplacement,is end manual it of ways top for school as that made of to solely of a,11.298947980186496
243sentences.71,random_withreplacement,both states treatments a by contaminated man adult up practicing type after swamps,13.298727308763507
243sentences.72,random_withreplacement,heating the fever a of health and does to female vehicle a they real has seal,15.270981679742672
243sentences.73,random_withreplacement,on a a glove a around individual a from platform a tool enormous,18.32281211837592
243sentences.74,random_withreplacement,birds the of people are and you motion when boy an man on but,12.639725403792886
243sentences.75,random_withreplacement,ocean social freight field most meal it felt-tipped covers internal by who for a,4.986730572229817
243sentences.76,random_withreplacement,of i the body deficiencies our of a ice vehicle new to a,12.282059302394385
243sentences.77,random_withreplacement,flavorings have be i sharp when animals the dump developing on i cold nose instrument a from,12.394343631673356
243sentences.78,random_withreplacement,record cream around sand computers some into water predate,8.915589072677149
243sentences.79,random_withreplacement,public hand typical pharmacists occasions is its i've together is most are just sever igloo,5.813020503313487
243sentences.80,random_withreplacement,or and the accident surgeons of they on lotteries dishes container and use mugs by,8.517455417587222
243sentences.81,random_withreplacement,to stone various a after toasters when tool girl electrical same doing or,6.242829921821946
243sentences.82,random_withreplacement,the powered has of in log record ways,5.042531868844553
243sentences.83,random_withreplacement,bread station or and injured travel by and less referred a spent more the as build and,15.65571325447844
243sentences.84,random_withreplacement,of will used most skin a property may the a is how,7.340558570228907
243sentences.85,random_withreplacement,race can bear piano wanted well a that tip motor coastal her for an,13.059532819933336
243sentences.86,random_withreplacement,the images people are luthier responded cats against different tools playing of we,11.323427596840753
243sentences.87,random_withreplacement,astronauts how cause classes fertile give knives cliche and to two folklore ninety in,3.0489435642463016
243sentences.88,random_withreplacement,twisting was can eat dream and butterflies distances win is a,11.727399996609254
243sentences.89,random_withreplacement,remove singers personal sex a with to increased whale and,5.583209059839117
243sentences.90,random_withreplacement,by have by at called it's rope as patients fields that building but field the a,5.3955716643323495
243sentences.91,random_withreplacement,down of in and came spears muscular,2.5700101958155397
243sentences.92,random_withreplacement,causes the that snow as ear is some office tongue honeybees was,8.834391766872962
243sentences.93,random_withreplacement,and and others clothing stresses divorce used squeezed blowholes ears is,2.8670545422619207
243sentences.94,random_withreplacement,every and soft can through in may were the rooms inhabited wall sounds a manual,12.152402137911329
243sentences.95,random_withreplacement,are snow flavorings paper instrument red will to who infection go can a weight be,4.402639818546911
243sentences.96,random_withreplacement,compartments regions have screen licensed a console is a to,9.224300292596629
243sentences.97,random_withreplacement,suck when from not in i fish be less of safe environment receivers world,9.227193512884135
243sentences.98,random_withreplacement,books beginners eaten they turn is used done has increase train that pressing eat sensitive bitter,11.586604032277355
243sentences.99,random_withreplacement,inside stalk and and together most in tropical a painter designs the the,14.701016997722675
243sentences.100,random_withreplacement,electric them animation outside games are savory cold whales to silk in of have conducted documents well,11.84116722545523
243sentences.101,random_withreplacement,attire man against the is on together a on a dominate adjust,10.34320341822307
243sentences.102,random_withreplacement,fingertips because comfort if skiers when the in bad bear for any fry they,11.41499849543254
243sentences.103,random_withreplacement,neck on small a slightly imitate eat manage own,7.145899680763192
243sentences.104,random_withreplacement,hole over and have takes which problems or the use when that rain,15.02143408333261
243sentences.105,random_withreplacement,people in in for that castle magnificent many salmon,12.781071737830366
243sentences.106,random_withreplacement,simple horse the a of six is her objects hunted with bitter increased and,10.663121826162067
243sentences.107,random_withreplacement,within problems from regeneration a it often acting tail a plants broccoli off a popular from,18.93294770108701
243sentences.108,random_withreplacement,consists to high-priced hold kind more in is animals patients of,2.480341187429678
243sentences.109,random_withreplacement,the are forest water fish will wildland atop lost plants over people is worn,8.036184359357186
243sentences.110,random_withreplacement,winds lentils a is to costumes be brown freight at strongest fish,5.202919310493717
243sentences.111,random_withreplacement,make a and of diagnosed a off a to more,5.478447644459802
243sentences.112,random_withreplacement,out a once are spiders or american more this water such,8.655928278304467
243sentences.113,random_withreplacement,quickly or yellow pyramid are new in are early people and,8.292938912763471
243sentences.114,random_withreplacement,instrument can the in makes insulation widespread take for the back the most of tomatoes,16.535343979510227
243sentences.115,random_withreplacement,fitted also in newborn be factor the school different for knee shelter small set animals,12.24847131834132
243sentences.116,random_withreplacement,they a can snow outside a patients are diseases skiing seriously in,12.25566699932572
243sentences.117,random_withreplacement,and had a piano to with long bees personal scout believed transports the,8.597618539332357
243sentences.118,random_withreplacement,cutting by have hunt and sports to shoulder or sensitive check the,14.850062058468119
243sentences.119,random_withreplacement,fire climbers space rotating he x-ray for for delicate lettuce to passive,5.568558192070848
243sentences.120,random_withreplacement,hairs hard by protein zigzagged skier's a work blade and once out taste advent can mammals of visual,18.228691383070995
243sentences.121,random_withreplacement,followed growing of however on snow large,3.364175697511889
243sentences.122,random_withreplacement,diagnosis mug orange inundation is of with can tongue construction have its place,9.039282671998722
243sentences.123,random_withreplacement,will families the yellow subject has many tail a large bees sixteenth,13.177753574826257
243sentences.124,random_withreplacement,to by a the to many spiders hardest wings kinds pass its of storms,11.306090928959982
243sentences.125,random_withreplacement,was are four products real a sit gone help with mowers be scene,9.301877522387185
243sentences.126,random_withreplacement,the evidence theft not on a for scientists used and on with have determines eyes,8.109676581066543
243sentences.127,random_withreplacement,another my each a have do on and mangos of largest the and house unlawful,12.945512860578107
243sentences.128,random_withreplacement,were found fish to soybeans water often with blacksmith changes can at the music and,15.379507459965273
243sentences.129,random_withreplacement,you rooms tropical hill the problem cause and range friends computer,7.821042443731187
243sentences.130,random_withreplacement,their and car the she the supplies are to focused attack finding in,13.174789041530572
243sentences.131,random_withreplacement,you small can while on casino the later air been bone stick causes heights a,6.188387631944506
243sentences.132,random_withreplacement,mammal were falls that chamber grow flood patients brand concert an body brightly-colored from the,5.154666357716412
243sentences.133,random_withreplacement,our and ski seen back the creates to once i market a,5.566163188311926
243sentences.134,random_withreplacement,wall floating walls eat some and is worse determines launchers people use must levees with migrate,14.598090607407656
243sentences.135,random_withreplacement,day camouflage early hot legs nectar export and protein is an scavenging a air i trousers to bunchs climbing the,13.423341624043838
243sentences.136,random_withreplacement,decades vitamin are a as much that do as are part as worth dress you the firearms,18.490296509221295
243sentences.137,random_withreplacement,than covers tearing has in foot other a knows to use wall climbing level program the rituals,16.499447808521275
243sentences.138,random_withreplacement,the personal be single salads height flaps have piece most or the wall no or yellow to iron,10.773308528580003
243sentences.139,random_withreplacement,often most the cream each or screwdriver prominent books materials from or a to people,17.625174964613926
243sentences.140,random_withreplacement,inside up a health half-frozen primarily insects before of,7.449770603656918
243sentences.141,random_withreplacement,a being and of another can mowers delicate have than movement in every a just,11.772274024179977
243sentences.142,random_withreplacement,tail capable raspberry of we is lawyers allow has of,3.791888849421784
243sentences.143,random_withreplacement,glow smooth bridging building they're in pesticides race and or a plants feudal,6.678853924541617
243sentences.144,random_withreplacement,to use in expensive and fed to their caused blood felt that bees,21.083148133682165
243sentences.145,random_withreplacement,like before makes 8 ice up flare a the a caused effective of,11.18549397959936
243sentences.146,random_withreplacement,dispense the is transformation animals perfect environment,7.724189687871597
243sentences.147,random_withreplacement,company a act object were they instrument stone an handle less,8.611145751520038
243sentences.148,random_withreplacement,caused i barn steel as stop and and be,5.492556852078733
243sentences.149,random_withreplacement,the kill of and 8 raspberry is holds to a day the a many,6.944635947697547
243sentences.150,random_withreplacement,of are of head a on doors the was pianist to eyes is my formed up information,12.432009845620113
243sentences.151,random_withreplacement,their and plastic transformation used eye a a like house at,9.496742070421877
243sentences.152,random_withreplacement,where that a are luthier plays format theft glass who that,0.2970926664701665
243sentences.153,random_withreplacement,four a feet is supplements stuck the use and science large can,6.549416880636349
243sentences.154,random_withreplacement,me primarily prescription produced the female and garlic scenery show masculinity in but,10.099641605608102
243sentences.155,random_withreplacement,eye a the side the used poaching and in documentary,5.4799065757860514
243sentences.156,random_withreplacement,but the walls a night as a stations fever who disregarding and beyond traumatic a liquid,16.526243857380805
243sentences.157,random_withreplacement,shakes sharpened pedalling furniture are astronaut he bud carrion are for building,4.771611531502748
243sentences.158,random_withreplacement,the mammals used muscular a and fingers house does roasted are beaks does butterflies modern,8.970348122270039
243sentences.159,random_withreplacement,and toasting will her books small swamps above easily blindness metal ripped trees,13.411993277982548
243sentences.160,random_withreplacement,food ocean piano music displays with webs out have night legs finally,12.76675396429589
243sentences.161,random_withreplacement,and breathing with they learning or many a be sports,6.397524666217671
243sentences.162,random_withreplacement,coastal on drink to make related social the release band-aids noise and,17.105747472814766
243sentences.163,random_withreplacement,because window from honeybees go a she keep for a cream instituted,4.849682936425745
243sentences.164,random_withreplacement,to is ocean have drafting inside the consist alcohol steep a category,9.762996165536617
243sentences.165,random_withreplacement,most grooms a plate fields body and from on spear was a high is axes also i decades,13.632967579147916
243sentences.166,random_withreplacement,by child a at pair atop up in out the pollen has but things described,15.301371651154167
243sentences.167,random_withreplacement,remove have a talons a a a electrical taking an usually panes sear,5.068420804025619
243sentences.168,random_withreplacement,air can't scene by for whale water hammer in style roasted independence shaking feathers,11.381743864332165
243sentences.169,random_withreplacement,worse the the gambling our and surroundings,3.7229356420658766
243sentences.170,random_withreplacement,almost difficult and is filled surroundings and into food,9.464129292722605
243sentences.171,random_withreplacement,and motion that height bitterness the the of craft product the enter,14.40261338302604
243sentences.172,random_withreplacement,throwing are frying vegetation artist's when is the the carpenters toasters instrument,5.874281249815943
243sentences.173,random_withreplacement,hunt compound no weight devastated can health reproductive exported mouth must for legs,9.863728078475981
243sentences.174,random_withreplacement,kitchen the you to flying as of the over,11.368720395716165
243sentences.175,random_withreplacement,even there and is flights mammals vultures health animals black are the it's specialist some,3.8517157779215885
243sentences.176,random_withreplacement,creates exams i that a fish risk standard graphics in an in of,12.517984982275742
243sentences.177,random_withreplacement,for night have where green migrate are log crisp provide fabric that entranceway in have,3.5176551904756126
243sentences.178,random_withreplacement,will mammals cyclone with used high new with visual fruit major an never is windows the of feeding,14.61502166540536
243sentences.179,random_withreplacement,violin satin mugs used tuxedo considered solve its long liquid are person jazzing plain to size deposited to,6.496669599405846
243sentences.180,random_withreplacement,half-closing are the how a legs to i have an is theft all a a of advisers started,10.396216831697016
243sentences.181,random_withreplacement,discourage weapon used let tropical with from orange a the cinemas that yellow environment clearer,7.23120772284102
243sentences.182,random_withreplacement,crops hours previous other quickly the fuel,3.7869812327372303
243sentences.183,random_withreplacement,string puberty comfort self-defense fractures moves low types time,2.4498167077578996
243sentences.184,random_withreplacement,and of the had saddle tines clearly small they of range may i people government have,8.84823642316094
243sentences.185,random_withreplacement,a the to cubicle characteristic them flesh small gets holes soldier seeds,2.0624205763869417
243sentences.186,random_withreplacement,landslides of pan used the solely of is and strong,5.987053392446466
243sentences.187,random_withreplacement,a isn't slashing with presence surface and neck a on,10.974450049576845
243sentences.188,random_withreplacement,doctors explosive as of spend feelings intent carried and nowhere the ski,5.731435108346368
243sentences.189,random_withreplacement,do public showcase shots shattering several taught a preferences medical parrot substantial control,12.449376633625555
243sentences.190,random_withreplacement,not expanse and within and house mammals more the crushed can should sturdy,4.309172044030354
243sentences.191,random_withreplacement,painting of to space a which the or for toppings downsizing work with,12.007178278374937
243sentences.192,random_withreplacement,on houses into the polar is are shallow that the down new,13.63756003915007
243sentences.193,random_withreplacement,a and maturity insulation other virility ravens who fruit change or the farmers hoofed coding papers,8.83882459641819
243sentences.194,random_withreplacement,the a when from professors frontier of different think or could key and gasoline insulation,9.494930834526256
243sentences.195,random_withreplacement,lawn the be me private grilling grab be structure the rubber often scopes area can nectar at,8.760555823515098
243sentences.196,random_withreplacement,metal interest should and tomato powered from levees is a in been is soft bald of today's make sometimes,12.246729162040813
243sentences.197,random_withreplacement,the a work use actually spear or on grounds in edge violin when,10.800239636779995
243sentences.198,random_withreplacement,in sea use commuter mugs through bed car is because of individual,7.941946253802941
243sentences.199,random_withreplacement,pharmacists machine safely the is insects and climber covering musical ground,5.91337348027136
243sentences.200,random_withreplacement,professors of are that eaten conferences stressful a be face handle is holding could a lettuce edge and window,12.703544136543313
243sentences.201,random_withreplacement,established day others away its each voice were walls pockets sunrise wedding flesh of that and,8.311347163529154
243sentences.202,random_withreplacement,and that large the to half-frozen fruit crank carpenters poles also,2.750485642959859
243sentences.203,random_withreplacement,surface can world criminal elements honey sensitive,7.782301664806619
243sentences.204,random_withreplacement,a like tuxedos taught to consult a but muscular claws,18.41981098093118
243sentences.205,random_withreplacement,is an a vaccines patrons that and a of handle and garage need styles orange revolving for,10.3700540935472
243sentences.206,random_withreplacement,to of afraid a of about write it inuit chew step vibrating cooking food out,21.493996996416207
243sentences.207,random_withreplacement,and and on well that cliche as appropriate land is and will,8.619511884400177
243sentences.208,random_withreplacement,but used enjoy local families as or forest their bees and,8.350839185466029
243sentences.209,random_withreplacement,it's as insects leaves the latest flows into feet is of casino formal in wait and if try,21.075592251967883
243sentences.210,random_withreplacement,dunes also pharmacists fresh and building chairs next an do their is cut i,9.86980451359852
243sentences.211,random_withreplacement,wound fields and with computer pollen in chemistry this is,9.698667730931163
243sentences.212,random_withreplacement,or sides seventh-largest and something the as this trains for when electric taste are work four a patients protein,4.5512152995159765
243sentences.213,random_withreplacement,hive stick train set the blades ship stress can,6.38496346289789
243sentences.214,random_withreplacement,the branched a trees to care led eventually farm,10.241832050359298
243sentences.215,random_withreplacement,participants topics in on to are for i used teeth is of,1.8748360824509283
243sentences.216,random_withreplacement,that liquid barrier diseases salmon pilots sweetness could predate while of the sling different dams,9.101048914075456
243sentences.217,random_withreplacement,to built dream shrubs a or drinking blindness add by convicted real,6.309321293313759
243sentences.218,random_withreplacement,a at when glove hard impressive beautiful she hunt day's rubber organizing have shirts tastes,4.356261550782405
243sentences.219,random_withreplacement,the to as the every imagery history a a plants and or and,7.136725748422679
243sentences.220,random_withreplacement,to mitten capable trees a ways people divorce a the quaint and is,9.20311690974751
243sentences.221,random_withreplacement,situations typical structure or music used on allow smooth inside made of,17.376797050673222
243sentences.222,random_withreplacement,gleamed rivers spring past graphics hands different people,9.962948530598807
243sentences.223,random_withreplacement,not were will been try stresses of is deliver produced health plant,5.732747559677603
243sentences.224,random_withreplacement,methods the motion artisanal a hand human a release for is overlook water they wedding it,11.040238510312173
243sentences.225,random_withreplacement,horse lapels is are bolts the hands gleamed when to soybeans food,9.959048882714184
243sentences.226,random_withreplacement,team and decoration native that,3.270881810269822
243sentences.227,random_withreplacement,in the head containers pursued in once a paralyse in the during,15.095838957269526
243sentences.228,random_withreplacement,both scissors a a high-pitched tighter hammer as beneath,4.670617406307685
243sentences.229,random_withreplacement,mouthparts polar social run improves elements is often,4.946399681062729
243sentences.230,random_withreplacement,well becomes skier's knock dream close in shorter to red-brown and hypotheses growth a their,6.106940665606814
243sentences.231,random_withreplacement,freezes transportation and used legal countries grooves most,2.7671016783974345
243sentences.232,random_withreplacement,food the eat stresses such puberty legs butter of more be,8.203275328243091
243sentences.233,random_withreplacement,parasite on be dump large energy tomato is many done cut of infectious milk,8.825460289601923
243sentences.234,random_withreplacement,in a sick its vegetation folklore the orange i theft screen,8.102710146572168
243sentences.235,random_withreplacement,the cabin the blender is have as a stress different in built mediterranean,17.404459140669225
243sentences.236,random_withreplacement,overlooking bottom while can covered most is made is since off is an blade as routes and keyboard sails,15.637079266663282
243sentences.237,random_withreplacement,or also the most but butterfly about paid this waterproof the keep,6.549133035502413
243sentences.238,random_withreplacement,she and a be who have isolated objects the countries is rain cotton chose,13.919042060147303
243sentences.239,random_withreplacement,and milk and fights furniture are a table by also while pyramid cell also,12.381387408886663
243sentences.240,random_withreplacement,and worth from pedalling surface lakes are should to is orange,5.325438069045441
243sentences.241,random_withreplacement,on bankruptcies sushi feet boy water stick rope most dramatic a melt,11.199253193981436
243sentences.242,random_withreplacement,a individual and and often is decoration inner a fingers or power mob,13.853586540978544
384sentences.0,random_withreplacement,floors band-aids blenders the and most the a tropical lighting,17.37224338308304
384sentences.1,random_withreplacement,bottles the changes out different out is that experts asleep really,8.257386202056024
384sentences.2,random_withreplacement,blade have in with of ran movements skin and check,3.511715961749567
384sentences.3,random_withreplacement,united sports or the of ecuador fish pharmacists the for the,8.939427015047531
384sentences.4,random_withreplacement,boulders spent is above pyramid the banana rock to chose such digging,14.214552697333616
384sentences.5,random_withreplacement,knowledge it of with carried taste generation climb well water a coffee entering a more your,7.6744770938304825
384sentences.6,random_withreplacement,mattress crops saw countries gambling frontier divide some cabins,3.9717275283886524
384sentences.7,random_withreplacement,the perform a side make the i legs covering have pedalling theatre each,7.4974398732452885
384sentences.8,random_withreplacement,sensitive them together or for or warm ligaments biggest wound eat fruits,10.73822454277565
384sentences.9,random_withreplacement,lighting sheets sometimes such founders dairy been but pipe and cooperative,3.8808715810950773
384sentences.10,random_withreplacement,drain jackets to outsole lives as baked i her,1.8538731400938735
384sentences.11,random_withreplacement,hours softens control to as has instrument called new by,9.03177707123849
384sentences.12,random_withreplacement,and plants has my a has once long other exit types,6.934473659559442
384sentences.13,random_withreplacement,the patience to rests balance vertical landslides their ride no finest protein a,8.515649595985549
384sentences.14,random_withreplacement,law has tool an plants in products by fine painting a are,13.932755296661346
384sentences.15,random_withreplacement,trains for tropical school into and and focus can using or,6.687571120783601
384sentences.16,random_withreplacement,drought children the certainly i regain is where with birds tsunami,4.5123990156182305
384sentences.17,random_withreplacement,the a army or legume are sharp beekeeper some piercings its,6.9654001043422955
384sentences.18,random_withreplacement,beyond closed final driving have be nice saliva to mud the,6.320606299692807
384sentences.19,random_withreplacement,lettuce the folklore by their me for to our dust presence hypotheses,9.76767727630573
384sentences.20,random_withreplacement,recalled a as tie down damage graphics wildland of climbing caught,11.730629593632658
384sentences.21,random_withreplacement,you coffee insects or on vision log or and it vitamin,5.58819358912004
384sentences.22,random_withreplacement,end shelters dried a poles become orange a hand the,3.5018913038183492
384sentences.23,random_withreplacement,could from as drug sports of me is and,1.4417501117452025
384sentences.24,random_withreplacement,inner between attack grooves professional new to personal law on of eagles that are an,10.478409288067812
384sentences.25,random_withreplacement,and greek permanent of of or the it rings plants passengers sharp add they to,5.291402320736466
384sentences.26,random_withreplacement,criminal look use curved the hot or arms and to fracture,9.48734190915817
384sentences.27,random_withreplacement,is one fear a later underneath can holes of the on and,12.835710908707085
384sentences.28,random_withreplacement,ligaments be assigned off raw are has front or piercing cut piano dream are eventually provider prey,7.76869360202922
384sentences.29,random_withreplacement,are to and their fin or extra a the be density as die of others patient's,7.139193291496357
384sentences.30,random_withreplacement,school or which throwing in bees for sick end a climbing famous way on castle infection,12.115166151745006
384sentences.31,random_withreplacement,has may many is she several of away shirt test of live feelings taste,7.4726650374902555
384sentences.32,random_withreplacement,our local a beginners the places food huge as publish a cool it climb instruments,16.353701017353547
384sentences.33,random_withreplacement,theft igloo be become some a flooding chamber built beautiful skilled boulders,3.926036807653832
384sentences.34,random_withreplacement,is remove an severity american overlooking that public at usually feet dream saws rituals,3.9025815022825503
384sentences.35,random_withreplacement,historically cheese and pan ship pan as and is mostly to,8.812542207376922
384sentences.36,random_withreplacement,the and primates stalk is clearings scene building hear fill sea that caught,5.11859110640366
384sentences.37,random_withreplacement,have have as source not students is jazz taste cliche games sting objects,1.7982615486712492
384sentences.38,random_withreplacement,and the the round the can activities station grow vary can themselves,12.070085490800647
384sentences.39,random_withreplacement,is elements built as facing legs for change,4.360490386064176
384sentences.40,random_withreplacement,gripped of contaminated for in united caffeine eating is,5.412585002495949
384sentences.41,random_withreplacement,is designs one hours however can laborer farms and a tongue come tastes they,6.001853616453899
384sentences.42,random_withreplacement,young high machine can a articles and the of the of,12.265340433279073
384sentences.43,random_withreplacement,and beekeepers three their blacksmith consist eyesight cool feet of,3.0178088416411764
384sentences.44,random_withreplacement,speech grilling and wood is hum the develops small the initiated blindness on,10.307259531770786
384sentences.45,random_withreplacement,to appropriate the where of and seabed spent snow tightening strength is consist world,10.585161282620753
384sentences.46,random_withreplacement,a cyclone electrical well heat into for by a exported,8.571853405791186
384sentences.47,random_withreplacement,tub repair conferences fur shots straight cooperative the the to do increasingly,10.566105888334231
384sentences.48,random_withreplacement,transformation drought in she the wood notes increases the publish climber most,7.218687424473992
384sentences.49,random_withreplacement,the of for mouthparts did flathead house over a a a,5.178198814624404
384sentences.50,random_withreplacement,each sex is skiers the with but in damage and by and,11.256772624506803
384sentences.51,random_withreplacement,often those swamp pitched metal plant the gray and also as its,10.51757703824975
384sentences.52,random_withreplacement,down hesitantly occasions is lawyers the relative as,6.702965544352422
384sentences.53,random_withreplacement,with vultures and my night strength cut musical need or that,5.570428690078091
384sentences.54,random_withreplacement,when the the a bad if long the to,9.089121215505868
384sentences.55,random_withreplacement,being a reading box x-ray writing our well,4.496817677842923
384sentences.56,random_withreplacement,blenders mouth reaction on on advantage a and down the,4.494238930312279
384sentences.57,random_withreplacement,vegetation used a are or make it very is shallow,9.66046139838482
384sentences.58,random_withreplacement,patients submerged led owl the people glass is them varieties,5.137541853073438
384sentences.59,random_withreplacement,area piece food landform balance water findings for fruit,5.926541573671229
384sentences.60,random_withreplacement,animals that consist drunk fly the were frontier ferocious miles flying but,5.089182155444254
384sentences.61,random_withreplacement,ravens bear a machine can the cream on is or,9.380584015198087
384sentences.62,random_withreplacement,the for hot wear or gas transporting professional stalk weight,12.32925709974226
384sentences.63,random_withreplacement,controversial backgrounds her and rotating a internet seal have are timed,8.022384253303434
384sentences.64,random_withreplacement,the instrument new cyclones the and a and is style advisers,9.474841421783863
384sentences.65,random_withreplacement,used the face are the by loaded grab by,5.984185775122731
384sentences.66,random_withreplacement,front eaten ski ripe of later couldn't saddle abrasive showed upon your common,2.9051770044733782
384sentences.67,random_withreplacement,in the about discourage and land the pride to a under,14.168865943470145
384sentences.68,random_withreplacement,her tropical insects for and able with tuxedo pure numbers ice astronauts but,12.518928943319095
384sentences.69,random_withreplacement,for running scrambling craft devastated be instrument small that ear measures salmon,8.00576901302849
384sentences.70,random_withreplacement,a and cardigan experts helped part of scavenging covered field largest and a,17.37993382461323
384sentences.71,random_withreplacement,roads opera cause books the metal it insects have cold to to,5.333881817100566
384sentences.72,random_withreplacement,beneficial individuals an gas the ski the,4.549591794303515
384sentences.73,random_withreplacement,i are are than the man the make from things man recalled fur,6.94496441767842
384sentences.74,random_withreplacement,for screenings is glow a to from white cars,7.066805720058131
384sentences.75,random_withreplacement,bellows they this part is a vultures fresh two the,8.868061830352204
384sentences.76,random_withreplacement,in can teas are cold as asleep can swiftly are a gambling a research,12.273231848325537
384sentences.77,random_withreplacement,sea split made two as cats is has in i to,2.2639229686031155
384sentences.78,random_withreplacement,or and for apartment a are bananas thin i deliver and can a,7.077629670058531
384sentences.79,random_withreplacement,media books inserting to keyboards the tomatoes food the reduce and pulling savory,9.016019884850927
384sentences.80,random_withreplacement,cycles so wool small by inside and people trots oil and a,5.248812348210564
384sentences.81,random_withreplacement,and that reeds on drought inside by better running tailored trip close,4.601929660914835
384sentences.82,random_withreplacement,of and collect each body butterfly as of burning size or,8.193823385715199
384sentences.83,random_withreplacement,climbing sometimes landform by started women the to,9.680068337059918
384sentences.84,random_withreplacement,small also insulation and cause chin human much sell famine steel,3.177146040257782
384sentences.85,random_withreplacement,to to bone are throwing crops into or taste bone,4.721447509792121
384sentences.86,random_withreplacement,of a confusion vision everything clarinet new with and and,4.4430689102466685
384sentences.87,random_withreplacement,suggest tearing oil butterflies strength all stress flood can hair,0.28325550266969995
384sentences.88,random_withreplacement,internet girls eye digital elephants of a is painters vanilla player sneak male felt germs,5.682365481553459
384sentences.89,random_withreplacement,climates is be poles owners like of desk a if the are real objects liquid,11.394230272091804
384sentences.90,random_withreplacement,foundations a more cleaned structure slammed food objects so take,2.566098956131915
384sentences.91,random_withreplacement,in for licensed and decided height fovea in a licking from combines,11.359311477550891
384sentences.92,random_withreplacement,sweaters is high enclosed structures this it in leaving and are rich study accordions,9.233588319110687
384sentences.93,random_withreplacement,in strength war jacket raw and by related on made the the,7.821850093825383
384sentences.94,random_withreplacement,a vegetation human a is slope open door ring raspberry pressed if four a,18.49838262526278
384sentences.95,random_withreplacement,and could other i penalty a since water painting and practicing awake,6.901644257530322
384sentences.96,random_withreplacement,less people mixture vertical a record don't wood more with mudslides,8.135737839355013
384sentences.97,random_withreplacement,diesel a large found sound swamps a can peach their american dams,6.6772697670042795
384sentences.98,random_withreplacement,are in newborn and of range a often or have with mouth this built moving,12.504928248959754
384sentences.99,random_withreplacement,but is hammer families bees silk small some to ski cleaned eject how with,9.353222791168587
384sentences.100,random_withreplacement,the afraid on lawn parameters of who saw and to machines space,9.445349529994127
384sentences.101,random_withreplacement,crew dream on them they mug are pockets muscle taught the healthy showed,5.06353183375165
384sentences.102,random_withreplacement,the heel kill have horns sweet an large and my the,6.1099488377952405
384sentences.103,random_withreplacement,paper or who flakes edge fractures generally bed surrounded bone,12.90120148246814
384sentences.104,random_withreplacement,intellectual sharp it of some cooking was images a the pressing in cool pregnant electrical,10.941407712367518
384sentences.105,random_withreplacement,cutting exported fruit places four any to cleared away lotteries human,15.315418309560712
384sentences.106,random_withreplacement,mixture two rooms by for saws scout the live repair an,8.254841395680492
384sentences.107,random_withreplacement,frying or the boots traditionally insufficient are ice thumb puberty sheets,6.637538398213329
384sentences.108,random_withreplacement,cold also the while a dream can which high internal or passengers rotating faculty contaminated with,26.24795743191393
384sentences.109,random_withreplacement,the violin sometimes are that is they standing and can chips as,14.478095006315142
384sentences.110,random_withreplacement,a man attached the that or my its people intact and green on,11.435218650549844
384sentences.111,random_withreplacement,for of water where with small when powered of appliance the for high i hip and style,15.505896929321102
384sentences.112,random_withreplacement,legs with they on cod is moisture of be since to hot,8.238403166763565
384sentences.113,random_withreplacement,has exterior bear nightmare ring tomatoes a in instrument,4.002951326441877
384sentences.114,random_withreplacement,and styles like in and barred their of a car passage have jackets,13.389553670811745
384sentences.115,random_withreplacement,black shark are the family have have pulling overlooking primarily gloves most,4.952977608128481
384sentences.116,random_withreplacement,is a sports activities bed off like is on pharmacist water,13.293081815900278
384sentences.117,random_withreplacement,an glimpse advisers to or many hunting her exhibitions imprinted the the are other through,3.197255581057621
384sentences.118,random_withreplacement,army cell between a engine spend as boys freezes to with task tie in apron,5.128128092385106
384sentences.119,random_withreplacement,four ancient much diseases back a are other by singers in scientist children food our,8.39411313325372
384sentences.120,random_withreplacement,used be farmers like of several large usually at because objects construction has a the,18.038203177665103
384sentences.121,random_withreplacement,chords it the within storm a have climb the usually at every,15.35150477096684
384sentences.122,random_withreplacement,fruit film their stone pitched for computers set eat trigger it's and that lined soar and,10.998059241193623
384sentences.123,random_withreplacement,tectonic ground growing a statue health at of reservoir me of as migrates,11.096797928234542
384sentences.124,random_withreplacement,several tower through a glove that of skin legalized are covers mower pole,10.956648318180061
384sentences.125,random_withreplacement,break purposes skin is can farm are of has farmed built kind face,5.378619966219099
384sentences.126,random_withreplacement,the form or washing points sound regain fractures motor repair salted animals,10.887900957330292
384sentences.127,random_withreplacement,mountaineers the storm timed for to has feed doctors games body their from,12.694277238677856
384sentences.128,random_withreplacement,existence also migrate make it are is coffee and and protect,11.95628306945581
384sentences.129,random_withreplacement,no stuck is with colorful polar wool even instrument used,8.436769568046463
384sentences.130,random_withreplacement,falls served surgical of a hours the eat or,6.133460333559043
384sentences.131,random_withreplacement,a is take with through horizontal the of that is of invasion dispense tray,14.883722684136089
384sentences.132,random_withreplacement,down take natural about milk vehicles role artists a to or a it low,3.3091465677532437
384sentences.133,random_withreplacement,rates by mixture interpretation plant spent the covering soldier an or ocean lawn the seat and supplies,16.70948356476598
384sentences.134,random_withreplacement,i are ski over final ravens something with blood is and reason in and horse bird,9.313208565893058
384sentences.135,random_withreplacement,everyday and to and claws bees vitamin weapon a used of,6.980515970993859
384sentences.136,random_withreplacement,on fish killing having stories around stresses isn't floating experience are in shrubs,9.976389569040863
384sentences.137,random_withreplacement,watch be ways well consist the if the attack hand for the,7.857129240520189
384sentences.138,random_withreplacement,century and more on settlers of and knowledge the a place cod shake,12.07071294758913
384sentences.139,random_withreplacement,as and office a must the reveal good differ patterned its the,5.004459335190079
384sentences.140,random_withreplacement,often other foot patient's plots on fingers the divorce the a freezer,14.35195894508178
384sentences.141,random_withreplacement,is on by medicine can is worried can may poles,4.008097848678042
384sentences.142,random_withreplacement,and who powered on tool new when activity fuel of a uncomfortable,8.501440979580707
384sentences.143,random_withreplacement,or rainfall put south are conditions eye fish the,9.207180576461447
384sentences.144,random_withreplacement,things have classical piranhas has it's to can the have common had of different,2.8824045064502917
384sentences.145,random_withreplacement,of race and sell use find or the if war them a,8.230811211435448
384sentences.146,random_withreplacement,the on has being lentils paper can disease active to knots the or the must,9.637891211028514
384sentences.147,random_withreplacement,most air through toll attack part a hospitals have,9.00729331729454
384sentences.148,random_withreplacement,and and curved machine red opera poaching or the down aging well kitchen air my,7.00469428777288
384sentences.149,random_withreplacement,herbal or a national that pollen can a also at,9.73000655401074
384sentences.150,random_withreplacement,bee bananas or for for a to located bear typically increased give other weighing the murder is,14.465228211417436
384sentences.151,random_withreplacement,ice hard fired tomb can after smooth the classes food hunt in personal split,8.151757611945378
384sentences.152,random_withreplacement,shape it's dreams to or hours prescription to bursts pharmacist cartilage ice heavy,5.9538134307547335
384sentences.153,random_withreplacement,commanders family can out ravens pianist previous uniform raven or on,2.8456704845454803
384sentences.154,random_withreplacement,type done went is caterpillar you or he be with can who,6.058889690174857
384sentences.155,random_withreplacement,house dress and pharmacists used axis snow government endangered,8.292166656289982
384sentences.156,random_withreplacement,have walls imagery worse caught each the countries of blindness the underneath,8.115557803697484
384sentences.157,random_withreplacement,or extensively health diesel and mouth toaster man covers type about adjust countries,6.0947683352033994
384sentences.158,random_withreplacement,are of and each soybeans much are studies theatre,7.054149343804113
384sentences.159,random_withreplacement,effectively in food of there on finest compound eight to,6.6407262044698925
384sentences.160,random_withreplacement,a make saw by games that feet a started settlers casinos tend often,14.594517125853752
384sentences.161,random_withreplacement,construction have has is as piranhas the has is end things swiftly pesticides,3.465336743558051
384sentences.162,random_withreplacement,be fresh sharks devoted that can across me now usually the grounds started outsole,9.505673858476818
384sentences.163,random_withreplacement,igloos carpenters large from for they use prey flare small a used red within,9.256619507425032
384sentences.164,random_withreplacement,to nowhere most south fish under a more to as the traded yellow,8.656239065736026
384sentences.165,random_withreplacement,or major lentils but high-priced oil people fights to pianist can,2.174758980020903
384sentences.166,random_withreplacement,an has part on live form the costumes run generally as,12.109085815538586
384sentences.167,random_withreplacement,mixture supplies i boiled repair stress can eye girl pianists and,8.073782129614376
384sentences.168,random_withreplacement,think due people and people retaining the cats desk to water local,7.399316959538245
384sentences.169,random_withreplacement,heights passing at ice buddies while buildings caterpillar side bear's grow facility,3.58168661772689
384sentences.170,random_withreplacement,pies legs cream sports gets could instituted that after turn,2.2765223754829442
384sentences.171,random_withreplacement,area patients internet moving caused that and the fighting with night of x-rays computer,9.46621617529015
384sentences.172,random_withreplacement,of one computers bee war can saddle soul series emissions of abrasive,6.083113615463248
384sentences.173,random_withreplacement,was a hours gloves molecule a pedalling cats chords the counters people another or ordinary arson a,16.11829537972205
384sentences.174,random_withreplacement,clothing as punctured cinemas slope decades sleep insects bottom for,1.4159018350153132
384sentences.175,random_withreplacement,very it's up ensured dance take girl like body would new gallops,5.091179565905481
384sentences.176,random_withreplacement,saws long instruments different a a multiple meat men a a on with,12.464186183248854
384sentences.177,random_withreplacement,her the made on rock or land most dunes,7.761374101908011
384sentences.178,random_withreplacement,american the done raised that indicate climbing with can fabric the injuries to,14.385151448841626
384sentences.179,random_withreplacement,with her after the have chips to a than have patients caused,14.819391507509975
384sentences.180,random_withreplacement,two the a a used the and her is tongue sensitive taste as size staple,10.67115332640074
384sentences.181,random_withreplacement,passengers tough the each is the a improved keep shrubs middle enter often is agriculture the a increase like,9.528372332369385
384sentences.182,random_withreplacement,have is explode the long key painters i be a build our,9.127332613143489
384sentences.183,random_withreplacement,head i is is one spiders in unlocked and soul remove also and in and are,11.417694803036413
384sentences.184,random_withreplacement,blacksmiths combinations sometimes caterpillar used for i from be pedals they're instrument folklore the,8.939404771108615
384sentences.185,random_withreplacement,slowly by for fracture a there a is them better field supply draft jazzing,7.298738433695674
384sentences.186,random_withreplacement,is to and tectonic it quietly several participants a i provide a their honey,11.203459306207039
384sentences.187,random_withreplacement,tomato twisting found experiments be areas your of animation rises mice weapon,3.769007561925558
384sentences.188,random_withreplacement,are with insects a multiple increases is house an vertical black a are weapons have,13.647169219830053
384sentences.189,random_withreplacement,open of images a and dispense to next to singer more an other,13.786007324241105
384sentences.190,random_withreplacement,shaking a and and the drunk ships or protein long legs,10.717521812357841
384sentences.191,random_withreplacement,has has the that were your the determines in health male operations,7.505721846875912
384sentences.192,random_withreplacement,and was plants small food walk pyramid's of remove found my,4.759884339178493
384sentences.193,random_withreplacement,mild is is cold two brown and rests poles,5.843315300447948
384sentences.194,random_withreplacement,and a station men cement in it a for,5.773948873537838
384sentences.195,random_withreplacement,fill with the than foods when the for the insulation or a,18.318455242466325
384sentences.196,random_withreplacement,admission in most it it's as flying have is hair together signed my pedals,5.22493149938934
384sentences.197,random_withreplacement,of improves knows employed advice field something a a like people bare with prevented,8.314339800178374
384sentences.198,random_withreplacement,families wild looks in participants early stress than is the screws and owl,13.772082979418519
384sentences.199,random_withreplacement,mosquitos arson sensitive where and like worn people cycles from loosened for i,6.4941134109763325
384sentences.200,random_withreplacement,were beyond the precisely raw the deforestation is the and determines can slightly piranhas a,12.799774847240425
384sentences.201,random_withreplacement,rivers is plants cold shrubs made they colorful in is surgeons study,3.3764024358239597
384sentences.202,random_withreplacement,on base that surface from leaving for a a make fields around without any have,23.043505939295947
384sentences.203,random_withreplacement,musical their ice inside through its crime also ripped,7.548828753979456
384sentences.204,random_withreplacement,produce the for unripe can deserts that has pyramids savings the,7.896005144133055
384sentences.205,random_withreplacement,much that and for birds using breakfast her make was hurricane to,10.140564498345874
384sentences.206,random_withreplacement,libraries of and some can most bullets small consists a,4.470536454013508
384sentences.207,random_withreplacement,pets horse a let most came has once at harden my a,14.84194732897807
384sentences.208,random_withreplacement,academic giant and of faced ride eye,0.3462623174524303
384sentences.209,random_withreplacement,scientist small in carpentry for 70% the eagle meat,8.116032065676023
384sentences.210,random_withreplacement,employed their add picked foot largest to,1.1253721715982739
384sentences.211,random_withreplacement,and through had a bolts dreams imprinted but they can,9.409896684477047
384sentences.212,random_withreplacement,extreme in note different mower minutes their music in when facilitated of reading,12.519073065549698
384sentences.213,random_withreplacement,theatre single tastes with the desert long that the head common density,10.399824652269038
384sentences.214,random_withreplacement,in that butterflies feet a places be or a others their,2.910077900745632
384sentences.215,random_withreplacement,poles is the preferred horns a the softens ground sensing,8.791712265864229
384sentences.216,random_withreplacement,a bear colorful or cream time books a lettuce a computers,8.969763914517376
384sentences.217,random_withreplacement,sensing a units that dump landscapes a caught panes we life,6.8100808363120615
384sentences.218,random_withreplacement,bite house part buildings buildings one and milk are and cushion brown,8.897189832940924
384sentences.219,random_withreplacement,piano bridging they travels music an mammal types as in floors,3.6217874744097776
384sentences.220,random_withreplacement,primarily grow i ways free-climbing of or diet keyboards like end,6.198099839749773
384sentences.221,random_withreplacement,are the slope the object at through bear at actually an falls,9.674128325744972
384sentences.222,random_withreplacement,certainly level the wedding often frequent their while or their,7.8765933431915585
384sentences.223,random_withreplacement,the is things long all be on trigger piranhas,2.4751662543040625
384sentences.224,random_withreplacement,and ski honey-making the skirt and cod is an dishes a type test,17.277149846712966
384sentences.225,random_withreplacement,of who at an delicacies which or steep the a the doors,10.21978605347758
384sentences.226,random_withreplacement,are ocean and on but built the impact or,4.683622041321511
384sentences.227,random_withreplacement,and used turning sports in seeds a weapons of often,6.006753980463661
384sentences.228,random_withreplacement,trunk is carries and could produced emphasizes a skiing and drink water live,13.81859219073132
384sentences.229,random_withreplacement,after adult jackets and cell and hike for refrigerators for bolts or furniture metal,22.527523822516116
384sentences.230,random_withreplacement,often front fresh or the and types he to be the on,10.386506357825663
384sentences.231,random_withreplacement,bear fingers rests all motor uniform public have with where become a,3.7390041092802195
384sentences.232,random_withreplacement,froze and lodged been statue that and tropical sofa i rock,11.628047968487369
384sentences.233,random_withreplacement,fuel as a shoes visualize and tube raised holds focus are and,8.118579254623075
384sentences.234,random_withreplacement,used rope a two takes a the many it's already tuition,11.117556922645951
384sentences.235,random_withreplacement,on and the think arable the metal cabbage with and and part scholarly,6.4718702982049585
384sentences.236,random_withreplacement,a professors they of symbol shoulder made the it's are or caused,4.327427406584471
384sentences.237,random_withreplacement,is a to should levers animal and owl death during keyboard the dizzy american,13.356754501245478
384sentences.238,random_withreplacement,a in side its large gallops body because for,5.193611541028202
384sentences.239,random_withreplacement,travel that devoted torso plants as that pulp an handle,2.165356094283667
384sentences.240,random_withreplacement,stairs inserted statue each a a on the go are pressing stingers,7.077709660481626
384sentences.241,random_withreplacement,topics curved together four american had are hunting glass,1.4636861245644015
384sentences.242,random_withreplacement,and lapels owl but in painter thrown making mangos into write,5.226939870075343
384sentences.243,random_withreplacement,the for female that on is and and,3.2624849607774236
384sentences.244,random_withreplacement,a city taste ship of containers their a an people,5.67694708100773
384sentences.245,random_withreplacement,eyes work glass many is through strength lodged awake walls refrigerator cubicle found,3.018136396726899
384sentences.246,random_withreplacement,cutting national knife different farmers the sheets of cooling ears shirt,7.778250106540024
384sentences.247,random_withreplacement,an his crushed feelings are can their may hurricanes followed area,8.76815153496023
384sentences.248,random_withreplacement,usually sleep is and detect to protein areas different from can was moving,20.542764997720507
384sentences.249,random_withreplacement,tropical x-rays at great are type the scientists are gloves eaten classic upper on,11.27871006220667
384sentences.250,random_withreplacement,something castle's jacket be skin when are the soldier my of vibration made creepy,9.355929340421817
384sentences.251,random_withreplacement,always ravens though so and entertainment human like the bankruptcies area even,6.705384105033041
384sentences.252,random_withreplacement,showed boys do have of it the with formed creative food,8.504251399691782
384sentences.253,random_withreplacement,people is motion is bananas raised by and can metal house into tons,12.18301153336994
384sentences.254,random_withreplacement,boiling but the papers on hills vision used are,12.063822915648345
384sentences.255,random_withreplacement,notes to and be threatened and fingers distractions,6.979024956212761
384sentences.256,random_withreplacement,instruments ice weapons table types zigzagged them program can arable the like,5.196138413674498
384sentences.257,random_withreplacement,insects cider is insulation degrees lawn transparent few information using,9.965566385437375
384sentences.258,random_withreplacement,to tropical own the tool the inundation have suck jam to,5.79046501100519
384sentences.259,random_withreplacement,sole are work safe the mix the as the off origins used,7.847760355624892
384sentences.260,random_withreplacement,test eyes a covering assignments there food they taste go have to,10.5016674921061
384sentences.261,random_withreplacement,on mosquitoes from ice are a bud intrigue visualize,7.421057104698868
384sentences.262,random_withreplacement,by assigned the boys tables games savings for a a,10.220646883698617
384sentences.263,random_withreplacement,when walls in a than thriving every ways have cream,4.998473111054512
384sentences.264,random_withreplacement,plant whales is of be and freight raspberry conferences the england fingers,2.547918163201101
384sentences.265,random_withreplacement,filled its it but fruit overhead dominate a difficult was,8.736623513725894
384sentences.266,random_withreplacement,astronaut indicate transparent had a the a have and to four large wore,9.372219955630365
384sentences.267,random_withreplacement,of lentils of big pyramid's genetic mammals hammer knife and skin graphics limbs,8.555492303815548
384sentences.268,random_withreplacement,gasoline and various forest well dresses knitted night cats environment quaint called yellow with food were aging,20.056807345742143
384sentences.269,random_withreplacement,by desk wood cutting using for used to pressing on to grooves way conserve any most,23.276506727111258
384sentences.270,random_withreplacement,the or of in long a long playing in displays and,12.062773249202392
384sentences.271,random_withreplacement,sound called intellectual several cooperative have young no an i still a,3.317147511807682
384sentences.272,random_withreplacement,plant human determines on makes cider acting every tighter sex for smell finger furniture a usually,8.316576129812887
384sentences.273,random_withreplacement,bee that and on cut doors of using than gas is shirt occasions is together,10.060942725953044
384sentences.274,random_withreplacement,to oil and world behaving control white anvil particularly elephant the be visual each minimizes and,8.012262615470787
384sentences.275,random_withreplacement,of sensing mysteries for made of test started honey we pyramid by hospitals used and use,7.328259058341772
384sentences.276,random_withreplacement,production increase become repair the pair as when the a fabric to close gambling is and so,17.67168554572848
384sentences.277,random_withreplacement,to seals of extremes well by spin i plate of long produce broccoli is a,14.535908789899846
384sentences.278,random_withreplacement,closing juice player for green the x-rays compartment built work and a that a grown,9.999404447150038
384sentences.279,random_withreplacement,has sweetness had is fresh to advantage plants is cream,3.3895108762758897
384sentences.280,random_withreplacement,jet a soldier toaster someone structures a i gasoline modern the,11.187553564355976
384sentences.281,random_withreplacement,castle several buildings water handles murder toaster disease the vikings,8.34627708396723
384sentences.282,random_withreplacement,with a used a drought adapted extract will the,10.014600542500961
384sentences.283,random_withreplacement,a the up are of of have fire,1.1652807566556775
384sentences.284,random_withreplacement,for their laborer think depends food passengers as,5.461021436667057
384sentences.285,random_withreplacement,previous the the licking legs of in adapt began schools,9.298127394765968
384sentences.286,random_withreplacement,pain hammer day head place the public a i during fingers are and,8.206041709399768
384sentences.287,random_withreplacement,can banana damage adapted of jet to as builders as station small,7.608274350162212
384sentences.288,random_withreplacement,some gas keen not of suck be a earthquakes has a property,6.560314026204206
384sentences.289,random_withreplacement,and in a and or objects tropical fractures bear can log research,11.523387383909082
384sentences.290,random_withreplacement,it in is research place dreams stones a at costumes,4.553472879214028
384sentences.291,random_withreplacement,a are found less mosquitoes with view others are a,9.29071013644179
384sentences.292,random_withreplacement,to half-closing in another silky remember other and water can,7.493203327639444
384sentences.293,random_withreplacement,tough revolving a faced on is their and with,6.070502224519567
384sentences.294,random_withreplacement,with eagles run others rifle from polar into barn a,9.502021408573876
384sentences.295,random_withreplacement,journals fields at signed comfortable to crime feeding an be,6.0601248530213905
384sentences.296,random_withreplacement,vultures or infectious expanse grab the property professional bolts even train teflon-clad,8.812377252706861
384sentences.297,random_withreplacement,caused he insurance of space wound a pulp with of she backgrounds costumes the,12.021505004058213
384sentences.298,random_withreplacement,surrounded insulation ice close wood the a libraries work a that musical director,11.573052273635147
384sentences.299,random_withreplacement,taste chairs or such above make is that between knee,5.839240918554492
384sentences.300,random_withreplacement,savings and in on sweaters makes color the reveal detect lawyers usually their people often,16.27719299586185
384sentences.301,random_withreplacement,their good healing let small they at though for owl,2.066100904864404
384sentences.302,random_withreplacement,stalk careful and on i a cheese like the to piano chairs on,14.030300143903418
384sentences.303,random_withreplacement,made and has fruit people more for were solo cut,6.020154160374576
384sentences.304,random_withreplacement,it in on a glass elements often given social diet is ocean to risk,14.983247700400783
384sentences.305,random_withreplacement,of a be human between extra their cities barrel high and,8.661955075829832
384sentences.306,random_withreplacement,black and was think clouds by strings tool about raspberry cause grenades plant,5.237774027102585
384sentences.307,random_withreplacement,handle export as rooms from water powered tickets high cod,7.571030698674823
384sentences.308,random_withreplacement,furniture have eaten like horse other rests smooth with the research by grass vibration,14.076988862727358
384sentences.309,random_withreplacement,of cliche and they is teas gentle was caused doors a performance,8.247514949577353
384sentences.310,random_withreplacement,slide are my does major they repair dampen different and a,0.21593254665370376
384sentences.311,random_withreplacement,i falls malaria can participants do cider bud the of previous,9.942836571223546
384sentences.312,random_withreplacement,of a are an in of weapon a patients,8.1224145497224
384sentences.313,random_withreplacement,the have exterior pressing them inside of made have attached to,17.589506364149532
384sentences.314,random_withreplacement,for process a plants oil have screenings air in,9.075301266382818
384sentences.315,random_withreplacement,vultures a in be american the recalled world a makes and or appropriate social,14.54268858171756
384sentences.316,random_withreplacement,by of of plants head only is a or,7.495616890454188
384sentences.317,random_withreplacement,vary propelled they type can air to flat for and,3.124197401251503
384sentences.318,random_withreplacement,the a has found opera gambling wings owl's a gone,5.017122468800757
384sentences.319,random_withreplacement,apples an a what bright break beekeepers mountains the,3.650654440235036
384sentences.320,random_withreplacement,provider are violinist gloves locomotive i a to rooms fruit large as,5.702687827674991
384sentences.321,random_withreplacement,profession has front tires isn't is used peach pharmacists to solid,14.662497056449391
384sentences.322,random_withreplacement,place can a a even igloos silo for it's ride view,5.702604671924492
384sentences.323,random_withreplacement,anvil mind shrubs rainfall that professional deprives long smooth steal twisting and,4.742225131594942
384sentences.324,random_withreplacement,own be log very beekeeper's the by with cooking and a still objects,8.385544280458408
384sentences.325,random_withreplacement,they linoleum tube caught passage the animals reduce are talking hands,7.223696567812969
384sentences.326,random_withreplacement,their within a things drug woman must careful cooked tines to to source pedalling,7.593794845687992
384sentences.327,random_withreplacement,and an colorful drift slammed with finding to more to coastal,0.4524486477048436
384sentences.328,random_withreplacement,with fingers that on most led causes are many for put well,11.494614236307228
384sentences.329,random_withreplacement,adapted event grooms savory walk usually are passing a,10.324340445513021
384sentences.330,random_withreplacement,sting tower of houses her eventually or energy a and loss a,9.43262492642666
384sentences.331,random_withreplacement,food coffee the taste ski day is the in is high,8.722156213979853
384sentences.332,random_withreplacement,have entrance as penalty murder igloo and wings killing an,6.9882521632432955
384sentences.333,random_withreplacement,for cut papers libraries are vision use of apply a historically,9.220649922193768
384sentences.334,random_withreplacement,painting different hammock rests the sauce can for plants property distances food,3.939865998984872
384sentences.335,random_withreplacement,high-priced twisting colorful program were particular many tend new,3.3942130865386324
384sentences.336,random_withreplacement,for their as building covers a along grenades seed scissors laundry an,11.105320039697201
384sentences.337,random_withreplacement,milk hands bellows attire buildings have of that england to of floating home milk,6.258135625009155
384sentences.338,random_withreplacement,remember air throwing they are are hunger widespread participants and and activity hands appliance,14.105393016712801
384sentences.339,random_withreplacement,freeze insects adults many ties with colder there are on curved rotating,20.430343937659664
384sentences.340,random_withreplacement,hot with that looming be cod ceramic and diesel advent is private bird,6.512275638357917
384sentences.341,random_withreplacement,the process our vultures or but ravens and head own large be carrion fish seeds,14.280855423797737
384sentences.342,random_withreplacement,also recurring have sand lawn dried some open window between lettuce rock coastal substantial,17.236867617376888
384sentences.343,random_withreplacement,used their bud can tub they a a fully of are,1.9250235316928759
384sentences.344,random_withreplacement,motor world strong overflow people it its is during small and with insects various for,9.592089868906376
384sentences.345,random_withreplacement,and else are of very shape and heavy slide a sails a,8.521277549303955
384sentences.346,random_withreplacement,soap better chose reduce plant a could yet bike we to new,4.684636825475329
384sentences.347,random_withreplacement,easy a doors it are milk made fighting the face and,5.759549697219071
384sentences.348,random_withreplacement,and spiders or several up nurses people the with latest window a other some,17.193749080748677
384sentences.349,random_withreplacement,to screwdriver in temperature of made breathing with good,10.22832361460044
384sentences.350,random_withreplacement,told is and air the with purposes with minimizes a performances,7.3562711770606874
384sentences.351,random_withreplacement,many abrasive all clothing a devastated or to in couldn't let start,5.261372009022315
384sentences.352,random_withreplacement,inhabited wings of or flavored they have students contains of we,10.97109791554101
384sentences.353,random_withreplacement,same doors their tomatoes ears to are in made,6.248539022113157
384sentences.354,random_withreplacement,to without be a up to of cyclone the grow,9.028372945265197
384sentences.355,random_withreplacement,or boy less tool sleep bird passengers has be feathers,1.6521131848493558
384sentences.356,random_withreplacement,mountains rain orange animation needed ensured easily small used use then on astronaut twisting,7.040118564411685
384sentences.357,random_withreplacement,tie of by and all heel proper box stalk source but,2.9741847178092033
384sentences.358,random_withreplacement,that in different become insect the height help while by people,8.060780899834603
384sentences.359,random_withreplacement,nose jet of to flakes waterbeds the on jackets gambling is or images,12.61753871812732
384sentences.360,random_withreplacement,broadens in playing a exams came land or stations above can a,9.623700524046532
384sentences.361,random_withreplacement,others crust brown of swiftly swamps confusion afraid and the a,7.711889447362851
384sentences.362,random_withreplacement,wear a is four blindness not cut me down catch in,11.364397076899378
384sentences.363,random_withreplacement,in when chips the on would be in contain a toppings surface,12.844655350323537
384sentences.364,random_withreplacement,effort orange style door caterpillar with is bird staffed the of could past,5.720941900046703
384sentences.365,random_withreplacement,and ingredients and chew plastic taste compartment and satin house of shoe i,12.245676782201459
384sentences.366,random_withreplacement,use can riding used by use people hurricanes the floating for as food,14.034533767165325
384sentences.367,random_withreplacement,beekeeper placed sometimes were meat has research body world of human have,15.176142055158078
384sentences.368,random_withreplacement,milk sleep fields act public give because dams in hurricanes hour licensed puree,6.871636647044918
384sentences.369,random_withreplacement,coin location used small minimal each can solid are a or,1.9857953640252044
384sentences.370,random_withreplacement,round finest green rock of tuxedo nose different prey while,8.273318201884155
384sentences.371,random_withreplacement,a to healed a in a pulp will later soul law to the the,10.670693008318569
384sentences.372,random_withreplacement,pain germs eye popular honey art color chairs of or to from,2.2290686157752635
384sentences.373,random_withreplacement,a a used surface notch can unemployment of shears,7.35624117146297
384sentences.374,random_withreplacement,becomes made swamps when have and onto their trunk infections run are to,4.756761680245965
384sentences.375,random_withreplacement,a accompanied the and air gasoline live tool a both,6.02818283283352
384sentences.376,random_withreplacement,when washing things the at property tomatoes i of can who been mouth,10.417532646424174
384sentences.377,random_withreplacement,owl a peach standard is most to the part for of wild fish puberty,14.800929992848102
384sentences.378,random_withreplacement,swamps heard pies the with have while remove for treatments or,7.892558282804548
384sentences.379,random_withreplacement,and the depending allow watching throwing often broadens time,3.3002677466252113
384sentences.380,random_withreplacement,used things that connected and a to,4.613800536185434
384sentences.381,random_withreplacement,joined the the drunk the or have due,2.5046304499235097
384sentences.382,random_withreplacement,controlled barrier butterfat on articles their land is,11.299015980254612
384sentences.383,random_withreplacement,when mix hurricanes such grenades realize in smooth jaws,4.903386706474783