243sentences.0,random_poscontrolled,part go to silk and are impressive.
243sentences.1,random_poscontrolled,or inside air have bear spent is a internet 1970s gambling walls subject of.
243sentences.2,random_poscontrolled,cutting to predate which but india to even south presence use with hit a water cod lakes woodwind cooked made.
243sentences.3,random_poscontrolled,flood shots types be a the ice rain and have an or of quietly activity.
243sentences.4,random_poscontrolled,an small or in it compound 's live salmon trousers water the lot beak were.
243sentences.5,random_poscontrolled,with reservoir patients bursts hammers igloos and scrambling a private.
243sentences.6,random_poscontrolled,they jail or are as their vehicle have blacksmiths can local.
243sentences.7,random_poscontrolled,decided refrigerators the an blade add tuxedo the such a size are worked into head be.
243sentences.8,random_poscontrolled,on of sever and that animal off and loaded crushed have a damage earth spacewalks.
243sentences.9,random_poscontrolled,used and container is education if girls as chips pharmacists weeks.
243sentences.10,random_poscontrolled,education have use scientist a fracture standing also down wiring an school hot cream of backgrounds be.
243sentences.11,random_poscontrolled,'s and they may to only milk boy early sturdy mower salmon new for have.
243sentences.12,random_poscontrolled,of floor lettuce locks care bitter look his and enormous sometimes are is repair also are can gentle through with accordionist.
243sentences.13,random_poscontrolled,nowhere bellows drink well above diesel a depending a sound.
243sentences.14,random_poscontrolled,harmful tropical disregarding army knee that and disposable used crops.
243sentences.15,random_poscontrolled,alcohol can the made his people stylist for so with single land some supported some their they.
243sentences.16,random_poscontrolled,were dress to to has through would protection banana woodcutters expensive record allow sports and.
243sentences.17,random_poscontrolled,to to freight growth divorce in to and passive flesh families learning generally earthquakes grooves the of collect the.
243sentences.18,random_poscontrolled,century like ocean is self-contained a place by theft often swamps than using young beekeeping.
243sentences.19,random_poscontrolled,in dreams and insect may capturing into of her of doctors research.
243sentences.20,random_poscontrolled,axis attack in different or conferences opera have of must legs stripes weapon blind.
243sentences.21,random_poscontrolled,stiffer honey overlooking a by is cutting other replacement a a igloos salmon.
243sentences.22,random_poscontrolled,can back impact made that been is flying the suddenly ship inhabited cause has machine there a sharks.
243sentences.23,random_poscontrolled,forest the station design food are perfect legalized own day while.
243sentences.24,random_poscontrolled,is since takes minds a can her range cream covering wait assigned scientists experimental and very a.
243sentences.25,random_poscontrolled,large a different unripe time or keen know the within preferred buddies actual but that me.
243sentences.26,random_poscontrolled,an faster to is are oil heat has large small is expense as.
243sentences.27,random_poscontrolled,elaborate bird attack contains box the fabric an half-closing of vikings.
243sentences.28,random_poscontrolled,a up a wood they that indian the good looks be metal steep.
243sentences.29,random_poscontrolled,just many are and employed were critical today man past seriously.
243sentences.30,random_poscontrolled,imitate high-priced spiders metamorphosis much 've to laundry.
243sentences.31,random_poscontrolled,a mowing in the tailored a orange drink subject a for a changes human.
243sentences.32,random_poscontrolled,this bear decades paralyse of the structures a are blades down have receivers a great sea.
243sentences.33,random_poscontrolled,times for people be objects is watching knots scholarly men the.
243sentences.34,random_poscontrolled,of used sheets a kitchen storms use are with inside also or food mug safely when.
243sentences.35,random_poscontrolled,killing and shirt instrument is eyries caffeine the carrion a powered before or.
243sentences.36,random_poscontrolled,furry drift produce work war from to a satin keys.
243sentences.37,random_poscontrolled,birds ties open in of sound woman with chairs grenades or of can 've is mostly.
243sentences.38,random_poscontrolled,military sleep i motor classic body they of and has a.
243sentences.39,random_poscontrolled,species weapon to part kept or forest owl spiders at to large with venomous built.
243sentences.40,random_poscontrolled,c cabins people taste downsizing of the computer ecuador come horse for beyond and was.
243sentences.41,random_poscontrolled,up cold scary milk drinks riding me generation love rock one white a is.
243sentences.42,random_poscontrolled,thin vultures arson regeneration steal balance broken wounded water of.
243sentences.43,random_poscontrolled,undergone passengers as knife is 's rapid child chair each and crisp in tongue.
243sentences.44,random_poscontrolled,opened pies use eye at while animals were a sick.
243sentences.45,random_poscontrolled,diseases most their knew are a some appearance the studies a falls handle and new weapon jam molecule and and.
243sentences.46,random_poscontrolled,now together storm and in the behaving cushion much the seldom felt each others.
243sentences.47,random_poscontrolled,inside its grooves all of are are yellow often mosquito their a a dome.
243sentences.48,random_poscontrolled,the a for quaint often whale a our some characters i salted difficult beekeepers keeps countries garlic.
243sentences.49,random_poscontrolled,visualize the task and large edge in the solid of flood leaf insulate.
243sentences.50,random_poscontrolled,mediterranean the dizzy ways infection increased land have will furniture black.
243sentences.51,random_poscontrolled,shirts or most kind the a cold been it polished be vaccines attack man.
243sentences.52,random_poscontrolled,or to can taking by cargo activities another or goods body sheets believed.
243sentences.53,random_poscontrolled,stressful can problems well sex incredible lapels four barn and a platform the.
243sentences.54,random_poscontrolled,produce had body or is drug blocks cleaned into orange that many patients.
243sentences.55,random_poscontrolled,styles their protein raise life the we and in worn together points the hike a the.
243sentences.56,random_poscontrolled,faced in a by provides practicing winds and crank on pieces the from people.
243sentences.57,random_poscontrolled,diseases eat surgical my of or their easily such cubicle peaches can physicians.
243sentences.58,random_poscontrolled,an be vision often open often rooms we through shears made pierce that.
243sentences.59,random_poscontrolled,hooked solely to sex of tool different built ancient are asleep.
243sentences.60,random_poscontrolled,vision floats white surface thick i with a to scrubbing northern.
243sentences.61,random_poscontrolled,part furniture release and sharp and muscle has.
243sentences.62,random_poscontrolled,typical the cutting sea skin certainly i.
243sentences.63,random_poscontrolled,scientists cod where its or the 're six images of manage eyes examples or by with from perform when.
243sentences.64,random_poscontrolled,place luthier or that or shirt are families mixture due a arson closing by on frying fruits and.
243sentences.65,random_poscontrolled,are abilities evident metal of a suitable the inuit that lawnmowers began schools still black building.
243sentences.66,random_poscontrolled,piercing without on for rock transports tuition places adulthood large bone and remove 10000 something.
243sentences.67,random_poscontrolled,for well tighter many cod different as tool even sauce start an require.
243sentences.68,random_poscontrolled,hive went type and usually diagnosis when someone the the to cream and four.
243sentences.69,random_poscontrolled,sharp works natural at pyramid shape a vehicle makes the taught by delicacies.
243sentences.70,random_poscontrolled,instrument the while grown and in law and member adapt vibration and an handle lentils black a.
243sentences.71,random_poscontrolled,and the tenderness for juice and soul large law puree are are type.
243sentences.72,random_poscontrolled,birds seed or even end likely few has was sear attached usually to lentils medieval as.
243sentences.73,random_poscontrolled,note consists can and brush mild art and talons they are has her.
243sentences.74,random_poscontrolled,is of people given come and chew drafting and on nails solid a men.
243sentences.75,random_poscontrolled,heavy them stage as many up from inundation or flying sprung property drink sense.
243sentences.76,random_poscontrolled,in most vitamins gripped dealt painter the suck my cream human space or to.
243sentences.77,random_poscontrolled,an the related crunch healthy are well a tusks in covered for magnificent studies a and floor.
243sentences.78,random_poscontrolled,economic bottles piece two-bladed scientist with uniform have a.
243sentences.79,random_poscontrolled,in the length drug signs later environment that a stores been pianist or or is.
243sentences.80,random_poscontrolled,race on with had incorporates it or contain thrown patients game many for like i.
243sentences.81,random_poscontrolled,are visual taking screen dorsal the world a as a blindness been legs.
243sentences.82,random_poscontrolled,snow of with can made foot ocean 's.
243sentences.83,random_poscontrolled,my infection top graphics to a is legs or or are conserve the washing animals station and.
243sentences.84,random_poscontrolled,large are freshly desk these colorful barrier for try shoes ice a.
243sentences.85,random_poscontrolled,and black back loosened because electric pedals be up of infection with or a.
243sentences.86,random_poscontrolled,cooperative from they an a to for an raised door banana in nice.
243sentences.87,random_poscontrolled,developed sweaters made flathead whales a the also consent to the to a wooden.
243sentences.88,random_poscontrolled,diesel blender often are stressful dams than now train keep smell.
243sentences.89,random_poscontrolled,seabed finished houses handle small a and theft have taste.
243sentences.90,random_poscontrolled,brain unlawful of they birds the ice of usually assault appliance becomes sick four or carpentry.
243sentences.91,random_poscontrolled,hospital damaged sometimes sweater fresh have in.
243sentences.92,random_poscontrolled,finding is while in building procedures thick honeybees usually patience become ivory.
243sentences.93,random_poscontrolled,hospital used dead weight highest lots to tool of easily a.
243sentences.94,random_poscontrolled,recreation in are a sand tomb glove blenders they the the animals a they drive.
243sentences.95,random_poscontrolled,lot acting of land role and sand is or at salads portable the tsunami space.
243sentences.96,random_poscontrolled,energy were spears incredibly caregiver lettuce when them the surrounded.
243sentences.97,random_poscontrolled,my journals atlantic have and coding is to to pyramid by evicted the carpenter.
243sentences.98,random_poscontrolled,soldier land noise driving my legal can can poles sling into fighting the used also structure.
243sentences.99,random_poscontrolled,cycles a meant steel is the clearly used round or who plants a.
243sentences.100,random_poscontrolled,but mangos determines is working completing of all-nighter toaster and hands surfaces sweet vehicle the doctors computer a.
243sentences.101,random_poscontrolled,can attack patrons taste gray through boats for cold someone less coffee.
243sentences.102,random_poscontrolled,train use 'm four sweetness that the wool and climbing the and run professional.
243sentences.103,random_poscontrolled,basking of strong on opening or handle attached animals.
243sentences.104,random_poscontrolled,first the yellow wall skeleton hammer walls gets and halfway a after of.
243sentences.105,random_poscontrolled,your newborn at both buildings have an the world.
243sentences.106,random_poscontrolled,as is mouthparts will that specialist tear and tear more event their sometimes of.
243sentences.107,random_poscontrolled,appliance is the in where used used berries of vivid shallow are work plants to green of.
243sentences.108,random_poscontrolled,are creates people as films or and behavior protects be slide.
243sentences.109,random_poscontrolled,men is landslides of can end in tearing cyclone owl can carefully down apple.
243sentences.110,random_poscontrolled,is very pulp type to condition followed 's spend player bed done.
243sentences.111,random_poscontrolled,levels blindness painting extra or floor cause horses and a.
243sentences.112,random_poscontrolled,torrential nearby ecosystem cliff the live a tip work run in.
243sentences.113,random_poscontrolled,a has very shoes to quantity split is also breathing hurricanes.
243sentences.114,random_poscontrolled,are station a of down complex spikes rain dried on i on sit an mouth.
243sentences.115,random_poscontrolled,inserting final look soldier suggest or nature in castle to track skiers against has routes cavity.
243sentences.116,random_poscontrolled,blubber and transport were nose a pain that origins an other is.
243sentences.117,random_poscontrolled,apples and have finally is insurance and and fish fight its rocks apples.
243sentences.118,random_poscontrolled,a level of art children the doors desert conditions taste red-brown painting.
243sentences.119,random_poscontrolled,prestigious piranhas gets any flooding as like small fashion but land grooms.
243sentences.120,random_poscontrolled,commonly a instrument an will underwater the diagnosed giant used worth the gallops people that same front tightening.
243sentences.121,random_poscontrolled,tastes carries something in across hair of.
243sentences.122,random_poscontrolled,have drop law college bees a and just big shield the bud how.
243sentences.123,random_poscontrolled,control peasants that lentils at has my band-aids a shoulder attack could.
243sentences.124,random_poscontrolled,and floorboards and stone grab i or cinemas vitamin sometimes then of several bowing.
243sentences.125,random_poscontrolled,worked of the pyramid or very cards wheeled school lizards lawn of and.
243sentences.126,random_poscontrolled,focus the they school improved of tropical the jazzing both a or usually is forks.
243sentences.127,random_poscontrolled,a bottoms a chairs or picked however is in stabbing when people for healing of.
243sentences.128,random_poscontrolled,their chairs organizing fully so lodged musical many with the described where milk plastic world.
243sentences.129,random_poscontrolled,england covering a the every and televisions even fire plate used.
243sentences.130,random_poscontrolled,cleared be that concrete salmon fairly hive by as yellow bud are kitchen.
243sentences.131,random_poscontrolled,overlook the well looked star the placement well fruit militia driving one in and rain.
243sentences.132,random_poscontrolled,for moisture at the content their the piece bear foods are adult and ships 're.
243sentences.133,random_poscontrolled,its be with handle the for or found wildland the stories cortex.
243sentences.134,random_poscontrolled,often wedding control by lettuce sushi and the wire school electric and the a cut out.
243sentences.135,random_poscontrolled,vision bed process turn also and into with to desk garment adults of is upon of that change girl have.
243sentences.136,random_poscontrolled,jacket of saw local walls revolving category and in a as are the is and the internal.
243sentences.137,random_poscontrolled,in farm even to heat from regain passing barred cities covers rain strength long a female repeatedly ago.
243sentences.138,random_poscontrolled,preferences prescription saw participants products lined logging increases outsole to normally other on comfortable containers a or in architects.
243sentences.139,random_poscontrolled,endangered reached not turning also reeds a simple musical is precisely can she instantly mostly collarbone.
243sentences.140,random_poscontrolled,problem was movable night house as people make in.
243sentences.141,random_poscontrolled,foot by for to around associated and surfacing green cod was a face can i.
243sentences.142,random_poscontrolled,igloos and dresses are there the the heard center can container.
243sentences.143,random_poscontrolled,hunger chose or will layers up forces linoleum showed a ferocious for wanted.
243sentences.144,random_poscontrolled,is drawers light have eventually imagery a plant commanders killing and and of.
243sentences.145,random_poscontrolled,are used to find mowers can stereotypically is their in painting exterior were.
243sentences.146,random_poscontrolled,developing an the seals to people revolving.
243sentences.147,random_poscontrolled,also the caused broccoli like after able operas tool it a to.
243sentences.148,random_poscontrolled,strings beekeeper with arable ride other in on blade.
243sentences.149,random_poscontrolled,attack source a used be and substantial long and used food blade with without.
243sentences.150,random_poscontrolled,a colorful or insects between fry sciences bathroom bright side water slammed by do the the are.
243sentences.151,random_poscontrolled,hard started many poured the desert vibrating well digital usually of physics.
243sentences.152,random_poscontrolled,performances invasion some a long used from heels to 's is.
243sentences.153,random_poscontrolled,trains consist by a ninety broken is a collar the a crash.
243sentences.154,random_poscontrolled,of and knives and used base doctors murder to depends have gone her not.
243sentences.155,random_poscontrolled,most kissing off connected the books mosquitoes ice put diet.
243sentences.156,random_poscontrolled,kitchen are pop-up arranged zigzagged eaten on librarians research jaws and bad energy transport and is.
243sentences.157,random_poscontrolled,can pipe brought a filled in curved make are match sahara ships.
243sentences.158,random_poscontrolled,there with is the law trees and a a freeze detect animals food focused africa.
243sentences.159,random_poscontrolled,as ca is edge and bread harnesses crops a spread and emissions and.
243sentences.160,random_poscontrolled,needed is is the light longer other leaving crime often chamber by.
243sentences.161,random_poscontrolled,criminal the the been legs stalk the insects solid can.
243sentences.162,random_poscontrolled,water are a pharmacists put because small the consists spoken types or.
243sentences.163,random_poscontrolled,awake a rains floods of people herbal furniture classroom a activities mudslides.
243sentences.164,random_poscontrolled,a and an some human long red eyes very graphics recorded surgeons.
243sentences.165,random_poscontrolled,can largest to three mugs i and talons or rock designed jackets a grasping devoted to screwdriver glass.
243sentences.166,random_poscontrolled,cargo to that basic of to we frigid grabbed coffee facility used are there graphics.
243sentences.167,random_poscontrolled,'s contains a has handle a a be not videogames lawyers in taste.
243sentences.168,random_poscontrolled,things fights once forging shiny and as a to horse it talking lack or.
243sentences.169,random_poscontrolled,mountaineers used most increase inland and sometimes.
243sentences.170,random_poscontrolled,time european connected found espionage the fascinated may table.
243sentences.171,random_poscontrolled,eyes pillows the environment store local usually voice for via a trail.
243sentences.172,random_poscontrolled,a on soybeans about sides who stalk had where thick telescope encourages.
243sentences.173,random_poscontrolled,other roads from flat pans a by sweaters eat sugar exit plant a.
243sentences.174,random_poscontrolled,from climbing blade sofa raven stalk of a steers.
243sentences.175,random_poscontrolled,scissors ice to to or almost eye in life a mountains a leaving accidentally a for.
243sentences.176,random_poscontrolled,always yet is skin for ingredients food-scarce the or land black let not.
243sentences.177,random_poscontrolled,bite also like founders sit insects an so and notch american their could it they.
243sentences.178,random_poscontrolled,and night the building nightmare found be distances bicycle inside flavorings the freezer human the has their months.
243sentences.179,random_poscontrolled,but hot or a with can their bird into a a hard skin swiftly devastated structure are feathers.
243sentences.180,random_poscontrolled,the a if have drought evacuate to she weapons stones storm roasted never trains licensed a may to libraries.
243sentences.181,random_poscontrolled,self-defense of fresh of the not can we consist has other skiers cause be computer.
243sentences.182,random_poscontrolled,rifles or it flavored personal can they.
243sentences.183,random_poscontrolled,the carpets bad to hunt as accompanied care pan.
243sentences.184,random_poscontrolled,tickets could shortage like human they and better pan out astronauts caused drain called different past.
243sentences.185,random_poscontrolled,by can the two saw or neatly effort heat well is puberty.
243sentences.186,random_poscontrolled,begins taste the kinds tastes a facing become submerged was.
243sentences.187,random_poscontrolled,and craft in bring used understand chemicals their usually is.
243sentences.188,random_poscontrolled,walls snow a started is personal will signed manhood the used with rooms.
243sentences.189,random_poscontrolled,plants by under place can go program they do that gas previous in.
243sentences.190,random_poscontrolled,piece make she test her together side the types responded can a mug.
243sentences.191,random_poscontrolled,in screws rubber the differ the parasite using the outside that a wall.
243sentences.192,random_poscontrolled,feet craft the made is slashing animation more to bicycle reaction at coastal.
243sentences.193,random_poscontrolled,a dramatic a of usually she usually roof can bends have satin or small frozen is is.
243sentences.194,random_poscontrolled,hard male its long support four bitterness alcoholic in has engineers cut the and the.
243sentences.195,random_poscontrolled,up to of of sensitive paid fork could piercings causes repertoire it thick vitamin small tool two.
243sentences.196,random_poscontrolled,contact things formal the a or in on bear house the on forks warms morning seventh-largest whipped-in redness the.
243sentences.197,random_poscontrolled,man explosive my bald broccoli the within but of are and and i.
243sentences.198,random_poscontrolled,personal teeth an made drunk to to piece the he middle n't.
243sentences.199,random_poscontrolled,darkness a appropriate as and afraid biggest i milk puberty and soldier.
243sentences.200,random_poscontrolled,information female on of of is consist a a grenades have ice music and is the produce with of kitchen.
243sentences.201,random_poscontrolled,of screwdriver also some could have research detect while downright usually in of $ cats place.
243sentences.202,random_poscontrolled,not with clearings liquid fighting the speech immaturely are and do.
243sentences.203,random_poscontrolled,cell business carved conservation of is barrel.
243sentences.204,random_poscontrolled,a the as realize boy on before they spiders with students.
243sentences.205,random_poscontrolled,dunes the product grows 's walls the a the carcasses food office locations instruments are how as beneath.
243sentences.206,random_poscontrolled,small spectacular apartments because at mitten locomotive a up her have place high and cartilage.
243sentences.207,random_poscontrolled,a chairs few long vegetation provider pressed has birds our mind strong.
243sentences.208,random_poscontrolled,each sell the house bird plants by tray wings preserve 's.
243sentences.209,random_poscontrolled,with saddle farm modern and girl blind pipes a people go be ripped drunk share a the a.
243sentences.210,random_poscontrolled,early with used foot trip objects against full patients the that of such it.
243sentences.211,random_poscontrolled,earth problems silently as skirts produced 10 bald fish food.
243sentences.212,random_poscontrolled,other a are 's a a meat abrasive home thin cookies rivers the by take it a eye can.
243sentences.213,random_poscontrolled,be standard a on flood rests a and by in.
243sentences.214,random_poscontrolled,large sugar located builders powerful glow the can strength.
243sentences.215,random_poscontrolled,polar recalled between contains an bears and a tomato feelings fifty to.
243sentences.216,random_poscontrolled,a it that the the content could it creates like center really importantly up castle.
243sentences.217,random_poscontrolled,deprives academic sentence and house a move for objects during tricksters it.
243sentences.218,random_poscontrolled,have 8 stay most my have are from over in material fortunately at habitats pressing.
243sentences.219,random_poscontrolled,right a holes imitate sides came is grow brand by any and poaching.
243sentences.220,random_poscontrolled,a raspberries butterfat and sweet controlled will playing opera is made channel to from.
243sentences.221,random_poscontrolled,the in run a large blacksmiths launchers insects and be to exam.
243sentences.222,random_poscontrolled,seeds pollen i not reproductive and legs done.
243sentences.223,random_poscontrolled,for process camera are a made stuck into and is toppings staple.
243sentences.224,random_poscontrolled,murder of eat making hesitantly sleep class beautiful are on climbing black lives back in of hum.
243sentences.225,random_poscontrolled,of 's ceramic are the used when seal and profession repairs and.
243sentences.226,random_poscontrolled,symbol athletic thermal is of.
243sentences.227,random_poscontrolled,insect with there or crews are are myself branched are metal milk.
243sentences.228,random_poscontrolled,should compartment use and at differ kitchen try device.
243sentences.229,random_poscontrolled,person of social plant the used bees are.
243sentences.230,random_poscontrolled,as was in butterfat several the skirt to ramps than elements used dishes more experiments.
243sentences.231,random_poscontrolled,is and bad topped areas lawn people as.
243sentences.232,random_poscontrolled,senses floating sometimes is above pharmacists dominate the them a ascend.
243sentences.233,random_poscontrolled,as table who become singers an the borrow is eagles ocean human of people.
243sentences.234,random_poscontrolled,for and most passing a arm was freezes used mouth chin.
243sentences.235,random_poscontrolled,no a that the acid metal a penalty whales the car quickly begin.
243sentences.236,random_poscontrolled,often is is can and the containers for carnivores hunting work rock cardigan passengers to eat an classes tube.
243sentences.237,random_poscontrolled,brown young native dairy reasons the blacksmith edible the eat than home.
243sentences.238,random_poscontrolled,hills such man evening building create chose eyesight popular an eagles people in a.
243sentences.239,random_poscontrolled,skin has fingers had is for review the in our used and armed melt.
243sentences.240,random_poscontrolled,admission up early heads be respond atop acting people often a.
243sentences.241,random_poscontrolled,which tropical forward cabins mouth having people and one on which surrounding.
243sentences.242,random_poscontrolled,tests constructed of over weapons by with more white within fiber they poles the.
384sentences.0,random_poscontrolled,clothing the friends coconuts several and stressed previous the a.
384sentences.1,random_poscontrolled,narrow in and put trigger style level a mainstream can seeds.
384sentences.2,random_poscontrolled,knitted professors a fingers something plates will is united with.
384sentences.3,random_poscontrolled,elements to of to spears saliva a in is reduce washing.
384sentences.4,random_poscontrolled,gambling serves farmers a in and cooked bicycles with made smallest and.
384sentences.5,random_poscontrolled,around most saws a as with battles is almost of spears it theoretical another some and.
384sentences.6,random_poscontrolled,rotating away bear tines blowholes a team branch the.
384sentences.7,random_poscontrolled,a crust an worn and weapons when orange-yellow whale water piranhas of mosquitoes.
384sentences.8,random_poscontrolled,day thick have many on who a made of i to associated.
384sentences.9,random_poscontrolled,that mammal the are cell these interpretation glove that nail large.
384sentences.10,random_poscontrolled,have effectively raise the its is hands tropical down.
384sentences.11,random_poscontrolled,thriving use a or schools with provide bees trained new.
384sentences.12,random_poscontrolled,a pulled of it ship is to beekeepers by crop emotional.
384sentences.13,random_poscontrolled,sneaker hammer entered let reveal artists loss around into the the colder the.
384sentences.14,random_poscontrolled,by piranhas forestry in cut be hunting magnets and of bread breeding.
384sentences.15,random_poscontrolled,tumbling to though levees and repair cyclone families if used to.
384sentences.16,random_poscontrolled,than skis a or drinking torque metallic grilling fields the deserts.
384sentences.17,random_poscontrolled,film as are as agriculture a buildings instituted several or of.
384sentences.18,random_poscontrolled,caterpillar cats wedding from every more pollen emit of has more.
384sentences.19,random_poscontrolled,juice they a the that tongue holding cut a a feet war.
384sentences.20,random_poscontrolled,a everything for can flaps a are is insects we are.
384sentences.21,random_poscontrolled,very an plus and into we cyclist and sheltered famine pass.
384sentences.22,random_poscontrolled,food pregnant for the divide time once as is them.
384sentences.23,random_poscontrolled,mower for was and is are drawings flavorings seats.
384sentences.24,random_poscontrolled,strange fed the on have risk large professional a two place shelves a gasoline the.
384sentences.25,random_poscontrolled,by string and as rifles affordable other floated hurricane 's green 's to doctors bitter.
384sentences.26,random_poscontrolled,to male and high sick the window biennial body seeds prevented.
384sentences.27,random_poscontrolled,and felt libraries who other good leaves foundations also one they had.
384sentences.28,random_poscontrolled,decorated free-climbing a antiquity surroundings sharks to remove piano are can of by is with for to.
384sentences.29,random_poscontrolled,status with in pass are a the a door the and clarinet eyes have train tuxedo.
384sentences.30,random_poscontrolled,as chamber to biology supplies computers an are tools growing are given in of the coin.
384sentences.31,random_poscontrolled,called trees a themselves a a between members decided are to landscapes a grooming.
384sentences.32,random_poscontrolled,horse professional or and the for had tables singing of ripe liquid or solid in.
384sentences.33,random_poscontrolled,a metal a be phillips places and food pair remember in lives.
384sentences.34,random_poscontrolled,who is is everyday as engines use on a from camouflage piano law through.
384sentences.35,random_poscontrolled,cold pitched wheels are in cider the manual led does a.
384sentences.36,random_poscontrolled,airbeds the that of the bud the for television should interviewers makes potatoes.
384sentences.37,random_poscontrolled,stories rings flood of or purposes a or and being have as which.
384sentences.38,random_poscontrolled,hand butter that high-pitched knock on used large refrigerator the the feet.
384sentences.39,random_poscontrolled,floating therapy neck a the determines spots dress.
384sentences.40,random_poscontrolled,webs use and fruit using of owl knowledge a.
384sentences.41,random_poscontrolled,a can a care keyboards once polar cream pyramid brick inserted eagles the response.
384sentences.42,random_poscontrolled,and and house of tropical storage produced wood have in articles.
384sentences.43,random_poscontrolled,juice owl record car pan some he owl awake to.
384sentences.44,random_poscontrolled,all have cream called form performance that sweet chose grenades feed when to.
384sentences.45,random_poscontrolled,the down furniture be one conferences at for consistency retaining and hypotheses hammers deforestation.
384sentences.46,random_poscontrolled,eat silo came steel pianist forests regions by that is.
384sentences.47,random_poscontrolled,boy but relentlessly fly from back small sleep small beaks produce their.
384sentences.48,random_poscontrolled,skin the their their but is fruit also the think diverse bellows.
384sentences.49,random_poscontrolled,was by clean rock to by writing field is train are.
384sentences.50,random_poscontrolled,flavors of better bare cooked in conducted usually to to and measures.
384sentences.51,random_poscontrolled,with very for on think screenings hip is in n't honey extract.
384sentences.52,random_poscontrolled,head nectar a in can teas think music.
384sentences.53,random_poscontrolled,other a dramatic their fish pyramid is the basic the costumes.
384sentences.54,random_poscontrolled,the shuttle earthquakes opens the advantage be public houses.
384sentences.55,random_poscontrolled,red sloping sharp a cheese more floating a.
384sentences.56,random_poscontrolled,is in ideas can pan male opera wears the that.
384sentences.57,random_poscontrolled,record and the weighing that then air electrical it for.
384sentences.58,random_poscontrolled,people fitted train a over time and instrument a the.
384sentences.59,random_poscontrolled,where is bunchs the ends social screen salads to.
384sentences.60,random_poscontrolled,cultures or large all make considered the intensity by grooms the others.
384sentences.61,random_poscontrolled,condensed as characteristic heads night for lands iron is liquids.
384sentences.62,random_poscontrolled,on me drink wings small use part ropes a games.
384sentences.63,random_poscontrolled,of car school relies most there made as to bottom set.
384sentences.64,random_poscontrolled,the who of teeth american materials musical bolts break losing or.
384sentences.65,random_poscontrolled,initiated owl coffee stress to their improves in to.
384sentences.66,random_poscontrolled,legs live the vehicle is from body clearly fire dispense out mouth must.
384sentences.67,random_poscontrolled,prominent prey on coffee a hospital specialist and after turn individual.
384sentences.68,random_poscontrolled,the a sauce creepy blades as barred traded child that and yellow for.
384sentences.69,random_poscontrolled,foundation doctor pressing have a honeybees that and hand information composition in.
384sentences.70,random_poscontrolled,the most night into games more dust easily provide usually types of one.
384sentences.71,random_poscontrolled,on courage is has the lentils heart structures the above water is.
384sentences.72,random_poscontrolled,they be in several the drunk yoga.
384sentences.73,random_poscontrolled,hard law for other in because hill for structure he to a playing.
384sentences.74,random_poscontrolled,each prey shooting and cheese evidence makes you a.
384sentences.75,random_poscontrolled,hotel the wound cooling used open for a when advisers.
384sentences.76,random_poscontrolled,if farmers bird activity to the produce the confusion of sleeve under carpenters into.
384sentences.77,random_poscontrolled,and sails running flesh and ice government stop volcanic the well.
384sentences.78,random_poscontrolled,with calm orange apply frontier electricity a entering they engine a plants powerful.
384sentences.79,random_poscontrolled,of looming with to increase when draft area court is applies is the.
384sentences.80,random_poscontrolled,mix of the fishing and sunrise wings for astronauts orange i carried.
384sentences.81,random_poscontrolled,teflon-clad hot seal will to brown rooms tub ketchup snapping most can.
384sentences.82,random_poscontrolled,to is powered scientists to groom people many patient boys be.
384sentences.83,random_poscontrolled,punishable for training from unlocked protein glimpse long combines.
384sentences.84,random_poscontrolled,being some pyramids climber 's popular for that hammock steeply dream.
384sentences.85,random_poscontrolled,height as wore seen in hand windows so oil designs.
384sentences.86,random_poscontrolled,at a a or is hip landform faces uses hospitals.
384sentences.87,random_poscontrolled,of paws if snow pyramid i small traffic a legal.
384sentences.88,random_poscontrolled,all in grass not the are hammers hammer settled can data from in build an.
384sentences.89,random_poscontrolled,down series and consult hospitals a of received of has consist or wings standard woman.
384sentences.90,random_poscontrolled,a cats cost specialized a in a nerves house is.
384sentences.91,random_poscontrolled,people over tool this but a are them is fruit must and.
384sentences.92,random_poscontrolled,some the is have ski by part fangs of the are states and careful.
384sentences.93,random_poscontrolled,tomato coastal take has to powered themselves the quality built from a.
384sentences.94,random_poscontrolled,the major build property legalized climates a to or pharmacies red relative is entrance.
384sentences.95,random_poscontrolled,a such nutrients can they good have but of for floor climbing.
384sentences.96,random_poscontrolled,market be like that 's the thrown advent computer heights fulltime.
384sentences.97,random_poscontrolled,an be a or supplements after the get tools taste habits electrical.
384sentences.98,random_poscontrolled,her can large delays the the mild-tasting and fruit for be make precisely about experience.
384sentences.99,random_poscontrolled,opera collision and mice for have is as theft may desk white can a.
384sentences.100,random_poscontrolled,leaves fields consists can women a led swamps of of can me.
384sentences.101,random_poscontrolled,to micromanagers of a musical with pulp plastic an while measures are means.
384sentences.102,random_poscontrolled,common blenders and could insufficient butterfly land or poles beneath are.
384sentences.103,random_poscontrolled,alcohol fin of closed dreams hand it imprinted purpose a.
384sentences.104,random_poscontrolled,this check tart a make it overflow a artist a seat part and for pianists.
384sentences.105,random_poscontrolled,gone the as effects is to protects is mouth with i.
384sentences.106,random_poscontrolled,tomato as indicate over public them snow and supply you the.
384sentences.107,random_poscontrolled,eye as held native engine gloves sleeping handles the or a.
384sentences.108,random_poscontrolled,law property to with to cut a mowers they drought not vertical the have bird female.
384sentences.109,random_poscontrolled,rooms cars legal the scout transportation mixture is beneficial losing brown a.
384sentences.110,random_poscontrolled,earthquakes clearer to about cut a elephant racing art long have spear from.
384sentences.111,random_poscontrolled,may wear many it they are by they and or hunting of of animals painter tectonic spent.
384sentences.112,random_poscontrolled,i collection animals in in plain a of canopy showcase blow the.
384sentences.113,random_poscontrolled,into actually spawn to is to tales small graphics.
384sentences.114,random_poscontrolled,animation prey 's iron tailless others violin gambling of by the and a through.
384sentences.115,random_poscontrolled,bare the stations window or may it every crawl to be some.
384sentences.116,random_poscontrolled,bananas hold and common purple fruit upper about our premium 's.
384sentences.117,random_poscontrolled,commuter is scientists the act caught because with major sugar wound that sting a and.
384sentences.118,random_poscontrolled,metal metal out called covering women my the used 's a slot can of unemployment.
384sentences.119,random_poscontrolled,freezing violinist waters tires cabbage is rates to but a it rocky see or and.
384sentences.120,random_poscontrolled,deserts flapping was coffee the easy a drywall or harden log who food to and.
384sentences.121,random_poscontrolled,balance kind local people ear that and they the broadcast science harvested.
384sentences.122,random_poscontrolled,use and out doors or day with would a tip infectious a boulders a persistent body.
384sentences.123,random_poscontrolled,like insects sport spin gets rubber tunnel chemistry a defines i raw and.
384sentences.124,random_poscontrolled,with turn bridging off down have they body transformation very is ice what.
384sentences.125,random_poscontrolled,the inside to used come a that elements eaten glass hunt solve of.
384sentences.126,random_poscontrolled,your problem as must from the cold frame as the words is.
384sentences.127,random_poscontrolled,small like up world or boots of concerts water panes for surface eat.
384sentences.128,random_poscontrolled,an and cutting shuttle exactly mammals of in animals to habitat.
384sentences.129,random_poscontrolled,statements be flying a hot are adapted of character law.
384sentences.130,random_poscontrolled,toaster door cliffs large in to in is were.
384sentences.131,random_poscontrolled,the and is and a the it drenched fabric and director boiled began to.
384sentences.132,random_poscontrolled,gambling elements to be make it one and and of wind a keep walls.
384sentences.133,random_poscontrolled,construction from than bone the being afterward intact less that sensitive one cream feeding beginners to physical.
384sentences.134,random_poscontrolled,intrigue ice with taste crew leg that of working at actually by for building some igloo.
384sentences.135,random_poscontrolled,by cutting or some drivers facilitated good blocks murderer need as.
384sentences.136,random_poscontrolled,ocean must 40000 located violin way become of a flying widespread the a.
384sentences.137,random_poscontrolled,no rifles that mammal skill adjust reptiles fresh concert of used useful.
384sentences.138,random_poscontrolled,eventually the as what the artists vultures books axe attack extremes intent no.
384sentences.139,random_poscontrolled,key n't the their to shape their feed a marriage in table.
384sentences.140,random_poscontrolled,in used accordion they to a horns law of vegetation with like.
384sentences.141,random_poscontrolled,have is place formed cotton to in used cliche yellow.
384sentences.142,random_poscontrolled,bow historically hairs the sensing steel appliance away a let cyclones to.
384sentences.143,random_poscontrolled,people her a bottom family single involved a know.
384sentences.144,random_poscontrolled,by a and start waterbeds exhibitions to low must i an tower space you.
384sentences.145,random_poscontrolled,bee and height the colony solid and history that subject that finger.
384sentences.146,random_poscontrolled,intellectual also investigation pilots city have tube tie between a bites on gambling there then.
384sentences.147,random_poscontrolled,used or its doing ground and at was castles.
384sentences.148,random_poscontrolled,be a torso in people mammals sound should for and felt species each object many.
384sentences.149,random_poscontrolled,softens finest a air fever the propelled firemen more in.
384sentences.150,random_poscontrolled,fractures have a cover the mountain wheels with or be she down eating has blenders that that.
384sentences.151,random_poscontrolled,for and best such a we honey a black is is temperature our coffee.
384sentences.152,random_poscontrolled,trigger me broccoli a within different from scholars to pyramids four shake chords.
384sentences.153,random_poscontrolled,for be plantains are the type thin of she is human.
384sentences.154,random_poscontrolled,partitions a and between i rituals use work whether to built farmers.
384sentences.155,random_poscontrolled,cable i long forks where and caught driving animals.
384sentences.156,random_poscontrolled,a as straight hair frying healed use increasingly at defense are a.
384sentences.157,random_poscontrolled,that during the by of the swamp while families are floors to in.
384sentences.158,random_poscontrolled,health food go casino axe around like slightly and.
384sentences.159,random_poscontrolled,in potentially beans climber farmers to new fired new i.
384sentences.160,random_poscontrolled,above the images shattering and earthquake feathers or the air to vultures uses.
384sentences.161,random_poscontrolled,while is and trees of national have water a stick has fur fish.
384sentences.162,random_poscontrolled,with served formal expose if must things equipment a people ravens squinting pets butterfly.
384sentences.163,random_poscontrolled,the the while also a are hurricane publish order toll trees can has or.
384sentences.164,random_poscontrolled,in be butterflies to primates of attire fills the a temperate or walks.
384sentences.165,random_poscontrolled,she is the clothing only often to sound used give to.
384sentences.166,random_poscontrolled,or making cooked for fingers patients and about wear death one.
384sentences.167,random_poscontrolled,inside scissors large and levers a for control redness and cliche.
384sentences.168,random_poscontrolled,is it experience the they leather to fingers which in in caused.
384sentences.169,random_poscontrolled,deposited can night checks claws i a the color and an provide.
384sentences.170,random_poscontrolled,was the be primarily if sky they temperature pure another.
384sentences.171,random_poscontrolled,river a and or view a is lurches as lighting using on body grass.
384sentences.172,random_poscontrolled,hunted every a stir-fried who dream ice extreme expansion seal the stop.
384sentences.173,random_poscontrolled,clarinet preventive and unnerving courtyard jacket she that were hard a after a the eject crime and.
384sentences.174,random_poscontrolled,becoming their broccoli minimizes jet they mower along use for.
384sentences.175,random_poscontrolled,about and flakes real a motor and sit know or beginners wedding.
384sentences.176,random_poscontrolled,retractable vary space a the a spread had they particular caught and claw.
384sentences.177,random_poscontrolled,ocean and a plastic is it cutting coffee half-frozen.
384sentences.178,random_poscontrolled,not papers and raw varieties experiments defines modern flights and a and made.
384sentences.179,random_poscontrolled,the fit entranceway most the source of were into and flesh window.
384sentences.180,random_poscontrolled,a and ears hand digital are at castle experts when by pressure falls in and.
384sentences.181,random_poscontrolled,its have a in underneath are latest pockets for race to bear and libraries fingertips of and sneak that.
384sentences.182,random_poscontrolled,to is train order people structures climbing axes a in a a.
384sentences.183,random_poscontrolled,are repair tip and they if a be stabbing part high rotating and to slowly with.
384sentences.184,random_poscontrolled,and stone space the cut a has fingering on for production their a music.
384sentences.185,random_poscontrolled,in stone horizontal nursery pesticides was make a entertainment while the in played huge.
384sentences.186,random_poscontrolled,the and toast a a hole blindness rifles them if bee painters to were.
384sentences.187,random_poscontrolled,paper though sound and the machine taste engaging insulation toasters something deep.
384sentences.188,random_poscontrolled,'s of strong the been shoe or river blood and lift log a disperse kill.
384sentences.189,random_poscontrolled,any spend swamps most front the fines trots and train most above across.
384sentences.190,random_poscontrolled,stresses for a lost parrot clarinet is still nectar fractures damage.
384sentences.191,random_poscontrolled,by is at can leaving took as side skin enter tend swelling.
384sentences.192,random_poscontrolled,of is of a world and injuries and fresh petition foods.
384sentences.193,random_poscontrolled,used inner industrial the latest to skiing adult strong.
384sentences.194,random_poscontrolled,often large other to a drought people played is.
384sentences.195,random_poscontrolled,with barrier stand or more the indicate has displays with infection supplies.
384sentences.196,random_poscontrolled,accordions orange running with else broken the window adult glass a the its has.
384sentences.197,random_poscontrolled,huge and made like hoofed flow a genetic the is that extra ground drugs.
384sentences.198,random_poscontrolled,dishes inside include never of heavy western field called through the purchasing ramps.
384sentences.199,random_poscontrolled,the they afraid is control can my the placed enjoy with work stone.
384sentences.200,random_poscontrolled,but 's and on causes it heel flat accident and learned work breakfast situations the.
384sentences.201,random_poscontrolled,i the a soup windows ways savings have or is seen or.
384sentences.202,random_poscontrolled,the stress clothing in new arms 're the is can blades likely strength cream a.
384sentences.203,random_poscontrolled,throwing grows grenades scientists is big protein x-ray in.
384sentences.204,random_poscontrolled,bone but are forest with watch apartment of sobriety apples desk.
384sentences.205,random_poscontrolled,tool butterflies powerful past such animals neck live cod as and the.
384sentences.206,random_poscontrolled,can thieves walking the snow cell concentrate effects shakes piranhas.
384sentences.207,random_poscontrolled,because licking is patients with countries opportunistic parameters isolated an compound organ.
384sentences.208,random_poscontrolled,most information in breathe frying white and.
384sentences.209,random_poscontrolled,to lives wood and singer nurses of live on.
384sentences.210,random_poscontrolled,screwdrivers texture staffed and deliver taste that.
384sentences.211,random_poscontrolled,desert the people do the ear tongs wings the stress.
384sentences.212,random_poscontrolled,live a small should waiting blind ointment shrubs multiple low live we turn.
384sentences.213,random_poscontrolled,is face handle things a girls or help traditions of has ordinary.
384sentences.214,random_poscontrolled,is on meal farms of hurt sharp graphics cooked walls and.
384sentences.215,random_poscontrolled,have that engine fields always masculinity your convicted change each.
384sentences.216,random_poscontrolled,ripening rests the the settlers injured woman my thick hot protect.
384sentences.217,random_poscontrolled,independence elephants the hurricanes arson the up ring suspended had 's.
384sentences.218,random_poscontrolled,mammals set shelters the infected tail society planes of casino might shark.
384sentences.219,random_poscontrolled,genetic inside drunk environment many they movements into helped doors computer.
384sentences.220,random_poscontrolled,but very of home maintenance play combinations and risk a migrates.
384sentences.221,random_poscontrolled,of does is by made iron serious a often trunk advice can.
384sentences.222,random_poscontrolled,bees blades an directions half a with ligaments green brightly-colored.
384sentences.223,random_poscontrolled,use weeks units a change can it joined a.
384sentences.224,random_poscontrolled,or shoulder the have of plots art air it fish entrance the healing.
384sentences.225,random_poscontrolled,a astronauts sharpened are to the be they up equipment shaking health.
384sentences.226,random_poscontrolled,directly displace wall taste burning broadens referred and or.
384sentences.227,random_poscontrolled,pursued carpenter the astronauts cultures to it of play foods.
384sentences.228,random_poscontrolled,scene from can a vehicle-related delineate home special in distractions cooking holds onto.
384sentences.229,random_poscontrolled,musical is the or on caused usually children more caused can the doors pride.
384sentences.230,random_poscontrolled,in peach collect fear two squeezed of minimal force natural of spiders.
384sentences.231,random_poscontrolled,think pilots close two is worse of on livestock patient fractures in.
384sentences.232,random_poscontrolled,i the its a as polar a silk make covers its.
384sentences.233,random_poscontrolled,wind is teeth the their times a smell more the enough occasions.
384sentences.234,random_poscontrolled,then is a gestured in together be in own medicine number.
384sentences.235,random_poscontrolled,for with nation musicians emphasizes child eat was produced tuxedo down can a.
384sentences.236,random_poscontrolled,their conferences becomes of in bred villages people and for heating side.
384sentences.237,random_poscontrolled,murder to i several head existence when degrees and clouds were flows while gamble.
384sentences.238,random_poscontrolled,legally landed peaches often jacket as froze often handle.
384sentences.239,random_poscontrolled,other finally building their scissors on feel participants the the.
384sentences.240,random_poscontrolled,social and mammals may 's a as be many passengers bullets makes.
384sentences.241,random_poscontrolled,to saws of remove man most act beginner format.
384sentences.242,random_poscontrolled,is eye n't have one notes of windblown infections form on.
384sentences.243,random_poscontrolled,library logs know technology x-rays nutritional a bud.
384sentences.244,random_poscontrolled,polar on animals castle lens to forest the for methods.
384sentences.245,random_poscontrolled,by worse with is victim through broken electric of heavy a salted she.
384sentences.246,random_poscontrolled,opens when black soap loss with when bed surrendered for whale.
384sentences.247,random_poscontrolled,is it be of are falls the small the during physical.
384sentences.248,random_poscontrolled,the have to space effective there the sensitive bodies fixed assignments when walls.
384sentences.249,random_poscontrolled,new warm eagle built in the in produces line screwdrivers on cool he vary.
384sentences.250,random_poscontrolled,in land but exams is have to of like individuals my others colorful ill-omen.
384sentences.251,random_poscontrolled,travels honey food its felt-tipped different in house grow set about one.
384sentences.252,random_poscontrolled,water artisanal sizes polar climb to professional minutes collect and common.
384sentences.253,random_poscontrolled,built on plastic or grow on higher often horror water a huddled a.
384sentences.254,random_poscontrolled,ski stormy also crime a wear station used bees.
384sentences.255,random_poscontrolled,air other feudal ripe strokes house vapor like.
384sentences.256,random_poscontrolled,climbers streamlined can rules high a a on fill night sweater a.
384sentences.257,random_poscontrolled,gloves hot orange tough is the use the various just.
384sentences.258,random_poscontrolled,who with carpenters are the the dinner pollen mix is infantry.
384sentences.259,random_poscontrolled,pushing dream pharmacists to american perform this classical seeing by the nightmare.
384sentences.260,random_poscontrolled,catch the machine capable voice breathing an established firearms in shorter a.
384sentences.261,random_poscontrolled,some mane tropical it findings my reason develops in.
384sentences.262,random_poscontrolled,is many to birds is orchestra the are good her.
384sentences.263,random_poscontrolled,a to relationship family the cuisines casinos were sports much.
384sentences.264,random_poscontrolled,focus the pharmacy passage filled and the fed and new fire place.
384sentences.265,random_poscontrolled,of red journals life mug a front-line cooked a a.
384sentences.266,random_poscontrolled,who enclosed people brown shaking try by piano and as with statue owners.
384sentences.267,random_poscontrolled,plain tropical areas also a objects ensured mysteries elephant the show that fish.
384sentences.268,random_poscontrolled,that i stingers has a felt company that for through be a and win a parrots ravens.
384sentences.269,random_poscontrolled,to a message break is and dream may raspberry tastes have two a blacksmith the write.
384sentences.270,random_poscontrolled,a are is also on location walking an stress pole power.
384sentences.271,random_poscontrolled,and is tuxedo were legs today that four medical step the furniture.
384sentences.272,random_poscontrolled,covers if slowly a is folklore bike air mud go only after with of to the.
384sentences.273,random_poscontrolled,plays at that animals man flat single property my were an person of high many.
384sentences.274,random_poscontrolled,timed a other logs the on is a use and cup a sources go personal was.
384sentences.275,random_poscontrolled,ice i can at working very the ran are such knows though lapels even a painters.
384sentences.276,random_poscontrolled,was will flower help and the legume iron style with bread at trunk aging you permanent fertile.
384sentences.277,random_poscontrolled,be tuxedos make filled with safe pliers of and the as or soft apartment mob.
384sentences.278,random_poscontrolled,a infected harmed the can study flying knives female an and and skied they animation.
384sentences.279,random_poscontrolled,dress a axe perfectly television the countries train it live.
384sentences.280,random_poscontrolled,mosquitos agricultural a on submerges machines cutlery artist would the long.
384sentences.281,random_poscontrolled,with suburbs crawl a people on is sides exported anvil.
384sentences.282,random_poscontrolled,insects foods area and of they have flare creative.
384sentences.283,random_poscontrolled,have on for trees mountains steam cyclone i.
384sentences.284,random_poscontrolled,numbers are color it can fish be the.
384sentences.285,random_poscontrolled,still beekeepers smooth thumb cream die on the of practice.
384sentences.286,random_poscontrolled,since and the a piano at like establishing tons plants producers job polar.
384sentences.287,random_poscontrolled,canvas and and on instrument ride scenery red play comfort covered pulled.
384sentences.288,random_poscontrolled,a that puberty were plants depends solo used like be as a.
384sentences.289,random_poscontrolled,beekeeper is offer often in a represented lives is as health log.
384sentences.290,random_poscontrolled,faculty its roof have of head to are for a.
384sentences.291,random_poscontrolled,bottom people tragic is a reading and in the area.
384sentences.292,random_poscontrolled,of metal for rediscover effort works automobiles with a hardest.
384sentences.293,random_poscontrolled,area turns tufts used active the of fitted keyboard.
384sentences.294,random_poscontrolled,can are it waterproof various mountains the of rainfall books.
384sentences.295,random_poscontrolled,it is may infections fish recurring hours is well a.
384sentences.296,random_poscontrolled,more plastic four a the plant in decide pharmacists we water for.
384sentences.297,random_poscontrolled,are a mammal climb can electricity itself without and size the counters contaminated on.
384sentences.298,random_poscontrolled,nesting the with or match and vultures that skier wellness shoe made leave.
384sentences.299,random_poscontrolled,for taste adds volunteer caused the we have stations pedalling.
384sentences.300,random_poscontrolled,during the vegetable virility some property lawn soar to those of of places a dump.
384sentences.301,random_poscontrolled,of pulp raw waves meet energy structure and then is.
384sentences.302,random_poscontrolled,wood traumatic for very of active it surge malaria considered as with chooses eagle.
384sentences.303,random_poscontrolled,are pharmacist media storm distinctions greatest in that any can.
384sentences.304,random_poscontrolled,your the kill less rain is field can some its snow the a 's.
384sentences.305,random_poscontrolled,are a raspberry a a because are i the later land.
384sentences.306,random_poscontrolled,bowls emphasize pharmacies stresses a him of when instrument the a dream shook.
384sentences.307,random_poscontrolled,do to pedals blindness overhead for to her elephant cultures.
384sentences.308,random_poscontrolled,horse around be king has in documents a i of medications handle a the.
384sentences.309,random_poscontrolled,the are if many that scopes sharp wild the it astronaut now.
384sentences.310,random_poscontrolled,weapons are and like powered from an need is been vanilla.
384sentences.311,random_poscontrolled,a often transparent impact gas the and bankruptcies the makes has.
384sentences.312,random_poscontrolled,threatened notes or 70 forms hurricanes and money is.
384sentences.313,random_poscontrolled,or operations at have her regions involve farmed that earlobe matching.
384sentences.314,random_poscontrolled,is person dolls deficiencies house many remember dress a.
384sentences.315,random_poscontrolled,on traditionally the symptoms as together i and 's hand hunts disposable will steep.
384sentences.316,random_poscontrolled,to long chalky laborer lawn ordinary went rope food.
384sentences.317,random_poscontrolled,thrives through but famous opera their conserve skiing stone of.
384sentences.318,random_poscontrolled,shelter to used family when of put colors slope used.
384sentences.319,random_poscontrolled,also outside stop of instruments orange its day writing.
384sentences.320,random_poscontrolled,piece at painter as artisanal part or tie a pulling to spread.
384sentences.321,random_poscontrolled,are earth and to are most touches electric cream be sometimes.
384sentences.322,random_poscontrolled,area 's having chair they some caused let a the when.
384sentences.323,random_poscontrolled,when countries for air refrigerator transporting usually as air to blood i.
384sentences.324,random_poscontrolled,and inner role peach to documentary to jazz be a the of people.
384sentences.325,random_poscontrolled,a as toaster boys eventually the the of food worried gambling.
384sentences.326,random_poscontrolled,kick fractures or also problems content an cabin a organs climates is and than.
384sentences.327,random_poscontrolled,are conduct the be extensively for on done can raspberry savory.
384sentences.328,random_poscontrolled,moving and of the a of soldier imagery built juice driver select.
384sentences.329,random_poscontrolled,countries topics of moving in not crank have knife.
384sentences.330,random_poscontrolled,with land others temperature the covered brains of made motion and is.
384sentences.331,random_poscontrolled,has theatre refrigerator buildings the of range gleamed are of a.
384sentences.332,random_poscontrolled,source a has and export cabin to taste their and rubber.
384sentences.333,random_poscontrolled,severity cooked germs and be speculate to mattress programs the to.
384sentences.334,random_poscontrolled,modern fights tail keyboards cooked the a for each may places keep.
384sentences.335,random_poscontrolled,have suggest uncomfortable of sounds insulation strongest pyramid to.
384sentences.336,random_poscontrolled,swelling notes opening of insulation fovea exams are be a after rain.
384sentences.337,random_poscontrolled,has same in space on used causes are spring also as food of dream.
384sentences.338,random_poscontrolled,until and to sole it for shoes are are the fracture with quality ravens.
384sentences.339,random_poscontrolled,their plays both a in rifle effects the resources the produce moves.
384sentences.340,random_poscontrolled,legs most are of a many or and humble and child stuck cause.
384sentences.341,random_poscontrolled,royal in construction is skill be are toasting when on sharp of flowers lawn to.
384sentences.342,random_poscontrolled,of suck flair in also write and is feet made ovens is particularly of.
384sentences.343,random_poscontrolled,if to the common convinced on new reason grounds ice i.
384sentences.344,random_poscontrolled,in my can a their an in latex to on treatments lettuce treated musical watching.
384sentences.345,random_poscontrolled,next throughout keyboard crime skilled the solving eating that discourage and mattress.
384sentences.346,random_poscontrolled,that for water the cement warm hand blindness fish cruise powered the.
384sentences.347,random_poscontrolled,there passengers tile beach i woman are a medicine the which.
384sentences.348,random_poscontrolled,honey-making light states no are painting rooms is may to the no to on.
384sentences.349,random_poscontrolled,term dampen no ask matter silk structure i the.
384sentences.350,random_poscontrolled,miles has a are how the that screws limbs the fingers.
384sentences.351,random_poscontrolled,to if hotels the fabric bananas woman for the a preserve bit.
384sentences.352,random_poscontrolled,of by saws it sixteenth silky sweet food patterned who ambergris.
384sentences.353,random_poscontrolled,lawn of their for typically fine hundreds have delicate.
384sentences.354,random_poscontrolled,i different of not support with shape digital liquid most.
384sentences.355,random_poscontrolled,common more so at have time fish may baked surface.
384sentences.356,random_poscontrolled,lotteries i in are are the console or and of in digging end to.
384sentences.357,random_poscontrolled,sports carrion eaten greek sharp take an and farm day or.
384sentences.358,random_poscontrolled,all with and an density were house inside in liquid a.
384sentences.359,random_poscontrolled,to and to i problems the eaten is migrate a women i throwing.
384sentences.360,random_poscontrolled,but punctured by for stairs boiling ground garage even firearm different were.
384sentences.361,random_poscontrolled,are increase smoothies red temperature at and health young crops to.
384sentences.362,random_poscontrolled,i dance head frequent mouth and a fell cause did in.
384sentences.363,random_poscontrolled,once the a eaten much popular used for compartments deaths are and.
384sentences.364,random_poscontrolled,by artisans is half well but a he recalled shape social the a.
384sentences.365,random_poscontrolled,they to are apron a expanse with types movement decoration to each climb.
384sentences.366,random_poscontrolled,eyes often dream is often often dream in is hour an parrots from.
384sentences.367,random_poscontrolled,health frames the % some girls that explode the joints feet their.
384sentences.368,random_poscontrolled,vehicles grenade on are surface a first already instrument of scavenging automobile beekeeper to.
384sentences.369,random_poscontrolled,bolts to a rises the are they part patients its to.
384sentences.370,random_poscontrolled,black twisting hand of a me ski that hurricanes disease.
384sentences.371,random_poscontrolled,are used head his interest in a have in and are temperature for sharks.
384sentences.372,random_poscontrolled,real of places the head tomatoes n't used have a on the.
384sentences.373,random_poscontrolled,walk muscular and and milk a grown they is.
384sentences.374,random_poscontrolled,sea rough of animals and maturity of to out or an gas stations.
384sentences.375,random_poscontrolled,and their told travel its fuel is each raw is.
384sentences.376,random_poscontrolled,made to exterior four of much milk each sea something can twisting would.
384sentences.377,random_poscontrolled,the cats the astronauts a hear factor proper furniture interactions become the execute into.
384sentences.378,random_poscontrolled,as a dark since test is warmth away a needed and.
384sentences.379,random_poscontrolled,because national and or glass rifle are is log.
384sentences.380,random_poscontrolled,with rich wool spongy cream by does.
384sentences.381,random_poscontrolled,its a together for or have i contains.
384sentences.382,random_poscontrolled,a rise smooth these nails jacket a visual.
384sentences.383,random_poscontrolled,eight piece and pool computers is important controversial a.
