243sentences.0,backward,habitats local of conservation the encourages beekeeping
243sentences.1,backward,pollen produce that plants local conserve to interest beekeeper's every in is it
243sentences.2,backward,crops for way make to cleared be vegetation native that require not does it agriculture of form passive a as
243sentences.3,backward,honeybees the kill could they because crops on pesticides of use the discourage also beekeepers
243sentences.4,backward,effort the worth is product their but craft their for extremes to go beekeepers artisanal
243sentences.5,backward,consistency and quantity over character and quality emphasizes honey-making artisanal
243sentences.6,backward,honeybees their of micromanagers become beekeepers honey finest the produce to
243sentences.7,backward,honey extract to ways best the select and flows nectar when know fields the scout they
243sentences.8,backward,air the fills bees 40000 of hum deep the hive the opens beekeeper the as
243sentences.9,backward,nursery bee the and supplies pollen stores honey checks beekeeper the
243sentences.10,backward,gentle they're because sting don't they but hands and arms bare his across crawl bees
243sentences.11,backward,college in longer no i'm though even exams about dream recurring a have i
243sentences.12,backward,class to gone never i've realize suddenly i and exam final my of day the it's dream my in
243sentences.13,backward,assignments reading the of any done even never i've
243sentences.14,backward,nightmare same the have who people other many know i
243sentences.15,backward,night previous the from experience dream their down write to had study the in participants morning each
243sentences.16,backward,intensity emotional its and dream each described and dreams any recalled they if recorded they
243sentences.17,backward,nightmare a or dream bad a dream flying a as such category a to dream each assigned then participants
243sentences.18,backward,awake are we when as active as are minds our sleep we while night every
243sentences.19,backward,each minutes ninety about of cycles in night the throughout dream we
243sentences.20,backward,dreams our fill can places and characters of combinations strange and stories feelings images
243sentences.21,backward,worse to bad from went things cards playing start to decided i when
243sentences.22,backward,it doing $10000 to close spent already had i and do to had i something was gambling
243sentences.23,backward,away savings my gamble me watching of sick were friends my
243sentences.24,backward,have not did i money losing after casino a leaving of horror the was part hardest the
243sentences.25,backward,by come to hard are gambling legalized of effects economic and social the on data good
243sentences.26,backward,likely more problems gambling makes nearby casino a having that indicate studies some
243sentences.27,backward,problems marriage and bankruptcies personal with associated be also may gambling
243sentences.28,backward,gambling legalized of expansion dramatic a been has there generation past the over
243sentences.29,backward,well as casinos have many and lotteries instituted have states most
243sentences.30,backward,business controversial but big very become has gambling
243sentences.31,backward,kitchen the in window a shattering house the shook hurricane the from wind the
243sentences.32,backward,hurricane the to kitchen the surrendered and door the slammed food some grabbed in ran we
243sentences.33,backward,foundation its from ripped be would house our afraid was i
243sentences.34,backward,sofa the on huddled asleep fell we house the shaking wind the with night that later
243sentences.35,backward,foundations their off houses suck and trees of off limbs tear can hurricanes
243sentences.36,backward,mudslides and floods trigger can that rains heavy dump they
243sentences.37,backward,land onto lurches that water ocean of wall a surge storm a bring also can hurricanes
243sentences.38,backward,hurricanes ancient of evidence for look to methods several use scientists
243sentences.39,backward,lakes coastal of bottoms the at sand beach windblown of layers deposited storms strongest the
243sentences.40,backward,rings growth their in storm each of record a preserve hurricanes passing by drenched trees
243sentences.41,backward,preferences different have countries different but world the around exported is cream ice american
243sentences.42,backward,delicacies local with flavored cream ice their enjoy people many
243sentences.43,backward,mangos fresh and bananas with topped is cream ice vanilla places tropical some in
243sentences.44,backward,child a as home at cream ice making remember i
243sentences.45,backward,cold the to it expose to crank the turning start then tub frozen a into mixture cream the poured we
243sentences.46,backward,more any crank hand the turn couldn't i that enough froze it eventually
243sentences.47,backward,harden to freezer the into cream ice half-frozen of container the put i then
243sentences.48,backward,air whipped-in half to up and flavorings sugar cream or milk of mixture a is cream ice
243sentences.49,backward,silky and smooth it makes what is cream and milk in butterfat the
243sentences.50,backward,flavorings natural and butterfat with loaded is cream ice premium high-priced
243sentences.51,backward,hurt back my makes chair uncomfortable the mower lawn riding the use i when
243sentences.52,backward,machine the control to me of front in levers two the use i
243sentences.53,backward,grass of blade each sever precisely mower lawn the underneath blades sharp the
243sentences.54,backward,patience me taught has it and task long a is lawn the mowing
243sentences.55,backward,height even an to grass cut that blades revolving with machine a is mower lawn a
243sentences.56,backward,motor a have may machine the or muscle by powered be may blades the
243sentences.57,backward,engine gas small a is mowers lawn for source power common most the
243sentences.58,backward,emissions create not do they because environment the for better are lawnmowers electric
243sentences.59,backward,run to expensive less are and maintenance less need also they
243sentences.60,backward,toaster ordinary an as electricity much as use mowers lawn electric
243sentences.61,backward,spacewalks their for time long a train astronauts
243sentences.62,backward,underwater conducted is training their of much
243sentences.63,backward,space in floating spend will they hour every for pool the in hours 10 to 8 spend may they
243sentences.64,backward,station space the of outside the on work repair and construction perform to able be to practice astronauts
243sentences.65,backward,pilots test military as backgrounds have many and pilots always are flights shuttle of commanders the
243sentences.66,backward,space in experiments run can who scientists and engineers doctors as trained are astronauts other
243sentences.67,backward,diverse more much are now astronauts but men young all were crews early
243sentences.68,backward,shuttle space the of exterior the to together out floated astronauts of team the
243sentences.69,backward,telescope huge the on part broken the repair to needed tools carried they
243sentences.70,backward,place into part replacement the fitted other the while pipe the on bolts the loosened astronaut one
243sentences.71,backward,artists experimental by time long a for art in used been have computers
243sentences.72,backward,world art mainstream the entered have graphics computer widespread and affordable more are computers that now
243sentences.73,backward,technology graphics latest the showcase that exhibitions art have conferences science computer some
243sentences.74,backward,cultures two the bridging to devoted are that up sprung have conferences new brand
243sentences.75,backward,procedures surgical and conditions medical visualize to doctors with works specialist graphics computer the
243sentences.76,backward,body patient's a within structures understand doctors help to animation digital uses she
243sentences.77,backward,x-rays at squinting than clearer much is screen a on animation an in structures internal the seeing
243sentences.78,backward,education for tool powerful a is animation digital modern
243sentences.79,backward,students help actually graphics if ask must we broadens graphics computer of field the as
243sentences.80,backward,classroom the in effective be can imagery digital engaging and vivid that suggest does research
243sentences.81,backward,cliche was place first the in school law to came he reason the
243sentences.82,backward,better the for things change to wanted he
243sentences.83,backward,all-nighter an pulled had director program the and he when school law at evening one recalled he
243sentences.84,backward,sunrise at families evicted several for petition a drafting finished finally they
243sentences.85,backward,relentlessly up gone has education legal of cost the decades four past the over
243sentences.86,backward,1970s the since four of factor a by increased tuition school law private
243sentences.87,backward,crash eventually could lawyers new for and school law to admission for market the
243sentences.88,backward,law practicing actually in experience minimal have often faculty school law
243sentences.89,backward,journals prestigious for articles review law writing on focus professors
243sentences.90,backward,england feudal in law property like topics on classes with theoretical the emphasize often schools law
243sentences.91,backward,care preventive in involved increasingly are pharmacists
243sentences.92,backward,often pharmacies to go people because advisers health front-line becoming are they
243sentences.93,backward,health public about information of source good a often are pharmacists
243sentences.94,backward,effects side and interactions drug about lot a know they because pharmacists with consult doctors
243sentences.95,backward,medications of use safe the about advice offer and patients to drugs prescription dispense pharmacists
243sentences.96,backward,vaccines provide and screenings wellness and health conduct also they
243sentences.97,backward,licensed be to order in exams two pass and degrees professional have must pharmacists
243sentences.98,backward,pharmacist a be to chose i as much as me chose profession pharmacy the think i
243sentences.99,backward,child a as pharmacies in bottles arranged neatly the by fascinated was i
243sentences.100,backward,patients my of lives on have i that impact the love i but cliche it's know i
243sentences.101,backward,situations stressful potentially to response own her or his has person each
243sentences.102,backward,stressful fulltime working find may another while unemployment by devastated be may person one
243sentences.103,backward,traffic in stuck being like stresses everyday are there
243sentences.104,backward,child a of loss or divorce as such stresses traumatic also are there
243sentences.105,backward,stress of levels different to adapt can people some
243sentences.106,backward,health on toll real a take can stress though effectively with dealt not if
243sentences.107,backward,beneficial or harmful be will it if determines that stress to reaction your it's that remember
243sentences.108,backward,worried and stressed incredibly felt i downsizing was company my when
243sentences.109,backward,times at dizzy felt even i and reason no for race would heart my
243sentences.110,backward,level stress my manage to try to yoga taking started i then
243sentences.111,backward,stripes satin with tuxedo black jet a wore man the
243sentences.112,backward,style latest the in cut fabric rich with made was it
243sentences.113,backward,perfectly man the fit it as tailored it had he clearly
243sentences.114,backward,event formal a for out picked have would stylist professional a something like looked it
243sentences.115,backward,attire wedding in statements personal making are grooms today's preferred still is tuxedo the while
243sentences.116,backward,men for fashion wedding of edge cutting the on are jackets shorter
243sentences.117,backward,ties satin and shirts colorful with tuxedos their up jazzing also are grooms
243sentences.118,backward,lapels silk black with jacket dinner tailless a is jacket tuxedo a
243sentences.119,backward,jacket tuxedo the to match perfect a be should trousers tie black
243sentences.120,backward,lapels jacket the match and black be should tie the and white plain be always should shirt the
243sentences.121,backward,adulthood in blind went pianist concert the
243sentences.122,backward,eyes the damaged slowly that condition genetic a by caused was blindness her
243sentences.123,backward,pianist a to advantage an was blind being that interviewers told she
243sentences.124,backward,music her on fully more concentrate could she so distractions visual no had she
243sentences.125,backward,life of activities ordinary the for insufficient vision as blindness defines government the
243sentences.126,backward,blind legally the on focused be can resources blindness legal of parameters the establishing by
243sentences.127,backward,standard the meet not do who but problems vision have who those overlook may this
243sentences.128,backward,deficiencies nutritional and disease infectious by caused usually is children in blindness countries developing in
243sentences.129,backward,supplements vitamin and medicine by prevented be often can causes these
243sentences.130,backward,problems genetic by caused be to likely more is blindness countries developed in
243sentences.131,backward,brain your to mouth your from gets taste a how exactly knows really one no
243sentences.132,backward,cell bud taste a touches food of molecule a when begins process the think scientists
243sentences.133,backward,cell the beneath nerves taste to message taste a carries cell the
243sentences.134,backward,tastes basic four the of one to responded bud taste each that believed once was it
243sentences.135,backward,sweet something eating were you if only respond would tongue the of tip the on bud taste a is that
243sentences.136,backward,tastes basic the of all to sensitive be can bud taste single a that think now scientists
243sentences.137,backward,flavors strong very with foods eat to tend i so good very isn't taste of sense my
243sentences.138,backward,bitter very it's so cream no with coffee my drink i and sauce hot of lots like i
243sentences.139,backward,sugar extra add i cookies make i when so well sweetness taste even can't i
243sentences.140,backward,individuals aging for problem real a are fractures hip
243sentences.141,backward,healing of process difficult the and break the of pain the with faced are patients
243sentences.142,backward,independence of loss patient's the to adjust to have families
243sentences.143,backward,hospital the in time and expense substantial involve fractures hip society for and
243sentences.144,backward,fingers their snapping someone like sound a heard i race the through halfway
243sentences.145,backward,broken was foot my that instantly knew i and crunch a felt i
243sentences.146,backward,spikes on running like felt step every
243sentences.147,backward,fracture the showed clearly x-ray the afterward office doctor's the at
243sentences.148,backward,fracture bone of types different few a are there
243sentences.149,backward,intact is skin the but broken is bone the fractures simple or closed in
243sentences.150,backward,wound open an produced and skin the punctured has bone broken the fractures compound or open in
243sentences.151,backward,cleaned carefully not they're if infected become can piercings ear new
243sentences.152,backward,earlobe the around redness or swelling tenderness include infection of signs
243sentences.153,backward,ointment some apply and area the clean symptoms these see you if
243sentences.154,backward,provider care health your contact away go don't swelling and redness the if
243sentences.155,backward,infections reduce to measures new initiated has hospital local a
243sentences.156,backward,patients other from isolated are patients infected that ensured and habits washing hand improved have they
243sentences.157,backward,began measures new the since drop rates infection seen has hospital the
243sentences.158,backward,infection of risk the increases which healing delays alcohol or soap with wound a scrubbing
243sentences.159,backward,moisture and heat in holding by infection of risk the increase can band-aids
243sentences.160,backward,diagnosed are they once treated be easily can infections skin most fortunately
243sentences.161,backward,century sixteenth the of end the at started opera modern
243sentences.162,backward,performance tragic greek imitate and rediscover to effort an as began it
243sentences.163,backward,matter subject their for antiquity from tales chose opera of founders early
243sentences.164,backward,traditions musical and stories of sources different into out branched operas later
243sentences.165,backward,music and words combines that play a perform musicians and singers which in form art an is opera
243sentences.166,backward,costumes and scenery acting as such theatre spoken of elements the of many incorporates it
243sentences.167,backward,orchestra an by accompanied and house opera an in given typically are performances
243sentences.168,backward,production new the in role the win to hard worked has singer opera the
243sentences.169,backward,singing about just not is job her
243sentences.170,backward,critical all are interpretation musical and presence stage acting
243sentences.171,backward,show the of star the certainly is voice strong pure her but
243sentences.172,backward,painting a completing while mind in elements many keep must painter a
243sentences.173,backward,lighting and composition strong like design of elements solid use to has she
243sentences.174,backward,skill with strokes brush the execute to has she
243sentences.175,backward,soul painter's the of glimpse a reveal should painting the of content the importantly most
243sentences.176,backward,artists creative as than artisans skilled as more employed were painters ago long
243sentences.177,backward,court royal the of members and scholars of status social the had painters prominent however
243sentences.178,backward,patrons their with relationship personal a established and imagery and subject its on decided work their signed they
243sentences.179,backward,itself painting the on more and scene actual the on less focus to learned i painter a as
243sentences.180,backward,vision of field its within everything record to has that lens camera a not is eye artist's an
243sentences.181,backward,painting good a for needed is than more but information useful provides nature found i
243sentences.182,backward,bird impressive an is owl eagle the
243sentences.183,backward,horns like up stick that tufts ear has it
243sentences.184,backward,you through right pierce could they like look and creepy downright are eyes orange large its
243sentences.185,backward,darkness the through silently and swiftly flying night at hunts owl this
243sentences.186,backward,thriving are others endangered become have species owl some while
243sentences.187,backward,habitat previous its beyond well spread has owl barred the
243sentences.188,backward,invasion owl's barred the facilitated have may logging that suggest findings early
243sentences.189,backward,talons her with it gripped and branch thick a on landed owl the
243sentences.190,backward,eye an half-closing down settled and sides her to wings her pressed she
243sentences.191,backward,eyes her of glow the for but statue a been have might she
243sentences.192,backward,ice sea floating across stalk bear polar a watch to unnerving it's
243sentences.193,backward,animal huge the beneath directly waters frigid the in submerged are you when worse even it's
243sentences.194,backward,prey its pursued bear polar the as ice the on down set paws giant overhead
243sentences.195,backward,shots these capturing months spent i documentary bear polar a for crew film the of part as
243sentences.196,backward,confusion or fear than other reasons for people attack will that animals few the of one are bears polar
243sentences.197,backward,environment food-scarce a in live they because hunger of out attack may they
243sentences.198,backward,energy their conserve to careful slowly people on up sneak will they
243sentences.199,backward,diet bear's polar the of part important an is seal the
243sentences.200,backward,ice the on basking are that seals stalk or hole breathing seal's a by wait will they hunting when
243sentences.201,backward,around looks seal the when place in freeze and forward quietly crawl will bear polar the
243sentences.202,backward,defense for primarily built structure a not was castle medieval the
243sentences.203,backward,surroundings its dominate to was purpose its
243sentences.204,backward,walk day's a within lands control easily could castle a
243sentences.205,backward,protection for walls castle's the inside brought be could property and livestock peasants attack of times during
243sentences.206,backward,regions many of history stormy the of record a provide locations dramatic in castles spectacular
243sentences.207,backward,villages quaint and landscapes beautiful overlooking cliffs rocky atop stand they today
243sentences.208,backward,intrigue and plots battles to home were they past the in
243sentences.209,backward,cliff a on built castle magnificent a above looming hotel our saw we station train the leaving upon
243sentences.210,backward,river the above feet of hundreds courtyard inner an sheltered walls outside thick the
243sentences.211,backward,view scary slightly but incredible an had rooms tower our
243sentences.212,backward,entranceway black small a into me gestured man the pyramid the of side the up feet fifty climbing after
243sentences.213,backward,center pyramid's the at chamber the into led this
243sentences.214,backward,passage narrow dark steep the down him followed i
243sentences.215,backward,thick was air the and chalky was pyramid the inside smell the
243sentences.216,backward,nation the of pride the represented pyramids king the of tomb the just than more
243sentences.217,backward,evident is craft their in took builders pyramid the that care the
243sentences.218,backward,gleamed structure the until polished and together fitted precisely were pyramid the covering stones the
243sentences.219,backward,constructed were pyramids how of mysteries the solve to working still are architects
243sentences.220,backward,blocks stone raise to walls pyramid's the inside built were ramps think some
243sentences.221,backward,pyramid the of walls exterior the up zigzagged ramps that speculate others
243sentences.222,backward,strength and courage takes climbing rock beginner even
243sentences.223,backward,boulders large on scrambling try can sport the learning are who climbers
243sentences.224,backward,faces rock vertical climb safely to ropes using begin can they that with comfortable they're once
243sentences.225,backward,climbing rock to new were trip the on boys the of all
243sentences.226,backward,heights of afraid were many
243sentences.227,backward,down calm them helped harnesses and knots their check else someone having
243sentences.228,backward,beginners for appropriate routes climbing up set adults the
243sentences.229,backward,climbing rock of style particular one is free-climbing
243sentences.230,backward,face rock a ascend to strength physical and skill her on solely relies climber the
243sentences.231,backward,used equipment only the are bolts and rope
243sentences.232,backward,falls she if climber the stop to only meant are they
243sentences.233,backward,try to me convinced buddies my that trail steep the down skied hesitantly i
243sentences.234,backward,down tumbling myself found i and turn bad a made i
243sentences.235,backward,slope the of part flat a at stop a to came finally i
243sentences.236,backward,hill the up drift snow a in lodged were poles my and found be to nowhere were skis my
243sentences.237,backward,poles ski use they how is skiers professional of strength major a
243sentences.238,backward,skiing their to flair adds and balance their improves poles ski of use proper
243sentences.239,backward,skiing while balance lost regain to movements body upper for need the minimizes it
243sentences.240,backward,quickly more turn skiers let boots stiffer and designs ski new
243sentences.241,backward,legs the on force twisting the increase turns tighter and faster but
243sentences.242,backward,knee skier's the in ligaments to particularly injuries more to led has this
384sentences.0,backward,keyboards two with instrument musical portable a is accordion an
384sentences.1,backward,chords for other the notes individual for used is keyboard one
384sentences.2,backward,reeds through air blow that bellows with sound produce accordions
384sentences.3,backward,bellows the closing and opening while keyboards both plays accordionist an
384sentences.4,backward,building a of part is that home self-contained a is apartment an
384sentences.5,backward,bathroom a and kitchen a as well as rooms more or one have may apartment an
384sentences.6,backward,families for others people single for are apartments some
384sentences.7,backward,space storage extra or facility laundry a garage a have can building the
384sentences.8,backward,yellow or red green be can that fruit a is apple an
384sentences.9,backward,inside seeds and pulp sweet crisp a skin thin have apples
384sentences.10,backward,cider make to used are apples tart very some
384sentences.11,backward,pies in baked or roasted raw eaten be can apples
384sentences.12,backward,wildland or building a burning of act criminal the is arson
384sentences.13,backward,arson or accident by caused was fire a if determines investigation fire a
384sentences.14,backward,insurance collect or others to damage cause to done be can arson
384sentences.15,backward,harmed were people whether on depends crime the of severity the
384sentences.16,backward,passengers transporting for vehicle wheeled a is car or automobile an
384sentences.17,backward,engine electric or gasoline a by powered be can car a
384sentences.18,backward,sit just passengers other roads on car the steers driver the
384sentences.19,backward,trunk of type the and doors of number size in vary automobiles
384sentences.20,backward,wood cut and split to used tool a is axe the
384sentences.21,backward,handle a to attached head a of consists usually axe the
384sentences.22,backward,metal then and stone of made were heads axe historically
384sentences.23,backward,buildings entering firemen and woodcutters by used are axes
384sentences.24,backward,inside edible soft a with bunchs in grows that fruit long a is banana a
384sentences.25,backward,spots brown small have and red or purple yellow be can ripe when banana a
384sentences.26,backward,ecuador or india as such countries tropical are producers greatest the
384sentences.27,backward,potatoes like cooked often and foods staple are plantains and bananas unripe
384sentences.28,backward,in sex have or sleep to place a as used furniture of piece a is bed a
384sentences.29,backward,covers and pillows sheets plus spring box a and mattress a of made is bed a
384sentences.30,backward,air with filled is it airbeds in and water with filled is mattress the waterbeds in
384sentences.31,backward,ground the above suspended sling fabric a hammock the is bed of type another
384sentences.32,backward,legs six and body yellow and black a with insect flying a is bee a
384sentences.33,backward,honey make to nectar collect they as flowers between pollen spread bees
384sentences.34,backward,hive a in located colony a in together live and insects social are bees
384sentences.35,backward,threatened feel they if attack can and stingers have bees many
384sentences.36,backward,frame a on pedals and wheels two with vehicle a is bicycle a
384sentences.37,backward,saddle the on cyclist a of pedalling the by propelled is bicycle a
384sentences.38,backward,air of full tube inner an with tires rubber have wheels the
384sentences.39,backward,racing and recreation transportation for bicycles use people
384sentences.40,backward,steel or iron forging by objects creates blacksmith a
384sentences.41,backward,shape its change to anvil an on iron hot bends and hammers blacksmith a
384sentences.42,backward,tongs with metal the handle and apron thick a wears blacksmiths
384sentences.43,backward,furniture iron or shoes horse weapons like objects make blacksmiths
384sentences.44,backward,food puree or ingredients mix to used appliance kitchen a is blender a
384sentences.45,backward,bottom the in blade rotating a with container plastic or glass a have blenders
384sentences.46,backward,smoothies fruit and shakes milk make to used are blenders
384sentences.47,backward,ice crushed with drinks alcoholic cold make to used also are blenders
384sentences.48,backward,puberty undergone not has who child male young a is boy a
384sentences.49,backward,girls to relative distinctions sex indicate to used is term the
384sentences.50,backward,other each with fight and games rough play to like boys traditionally
384sentences.51,backward,boy a as to referred often is immaturely behaving male adult an
384sentences.52,backward,family cabbage the in plant a is broccoli
384sentences.53,backward,stalk tough thick a and head flower green a has broccoli
384sentences.54,backward,nutrients other and fiber vitamins in high is broccoli
384sentences.55,backward,raw eaten or stir-fried boiled be can broccoli
384sentences.56,backward,wings large four with insect flying a is butterfly a
384sentences.57,backward,patterned and colorful very be can butterflies of wings the
384sentences.58,backward,butterfly a into caterpillar a of transformation the is metamorphosis
384sentences.59,backward,wings colorful their of because butterflies collect people some
384sentences.60,backward,wood with works who laborer manual or artist an is carpenter a
384sentences.61,backward,objects other and boats furniture houses repair and build carpenters
384sentences.62,backward,planes and pliers saws hammers as such tools use carpenters
384sentences.63,backward,instruments musical repairs and makes that carpenter a is luthier a
384sentences.64,backward,tail a and legs four with animals furry small are cats
384sentences.65,backward,fur their licking by themselves groom to like cats
384sentences.66,backward,owners their by fed often are but birds or mice hunt can cats
384sentences.67,backward,sharp keep they that so retractable are cats of claws the
384sentences.68,backward,on sit to people for designed furniture of piece a is chair a
384sentences.69,backward,legs by supported level floor above raised seat a of consist chairs
384sentences.70,backward,cushion a as well as rests arm and back have also can chairs
384sentences.71,backward,cinemas like places in or vehicles in located chairs fixed are seats
384sentences.72,backward,instrument musical woodwind a is clarinet a
384sentences.73,backward,bottom the at flare a with tube black long a is clarinet a
384sentences.74,backward,holes and keys pressing by notes chooses player the
384sentences.75,backward,music classical and jazz in both used is clarinet the
384sentences.76,backward,atlantic the of areas colder the in lives that fish a is cod a
384sentences.77,backward,cooked when easily flakes and mild-tasting and white is flesh cod
384sentences.78,backward,dishes elaborate for cod salted chips and fish for used is cod fresh
384sentences.79,backward,vikings the of time the since traded and salted caught been has cod
384sentences.80,backward,plant coffee the of seeds the beans coffee from made is coffee
384sentences.81,backward,hot served usually and countries many in drink popular a is coffee
384sentences.82,backward,awake people keeps that caffeine called drug mild a contains coffee
384sentences.83,backward,export agricultural legal seventh-largest world's the is coffee
384sentences.84,backward,falls rain no almost where environment natural a is desert a
384sentences.85,backward,rocks or dunes sand with filled usually are deserts hot
384sentences.86,backward,deserts in live to adapted have plants and animals some
384sentences.87,backward,africa northern in sahara the is desert hot biggest the
384sentences.88,backward,computer a with sometimes at working for used furniture of piece a is desk a
384sentences.89,backward,metal or plastic wood of made be can and surface flat a has desk a
384sentences.90,backward,papers and supplies store to drawers have may desk a
384sentences.91,backward,sides three on partitions by surrounded desk a of consists cubicle a
384sentences.92,backward,area enclosed an from exit or entrance to barrier movable a is door a
384sentences.93,backward,them through pass to gets who control to locks have doors most
384sentences.94,backward,unlocked are they after handle a pulling or pushing by opened are doors most
384sentences.95,backward,chamber revolving a of consist or slide can doors of types other
384sentences.96,backward,wear sometimes women that clothing of piece a is dress a
384sentences.97,backward,skirt matching long a to attached shirt a like is dress a
384sentences.98,backward,dance a or wedding a as such occasions formal at worn usually is dress a
384sentences.99,backward,dress a in bike a ride or stairs climb to hard be can it
384sentences.100,backward,alcohol of effects the under driving of act the is driving drunk
384sentences.101,backward,world the of most in crime a is vehicle any of driving drunk
384sentences.102,backward,deaths vehicle-related all of half almost in role a plays it
384sentences.103,backward,tests breathing and sobriety field by caught are drivers drunk
384sentences.104,backward,rain of lack by caused supply water the of shortage persistent a is drought a
384sentences.105,backward,die and growing stop to plants and crops cause will drought
384sentences.106,backward,famine cause and desert into areas turn eventually will drought extreme
384sentences.107,backward,bowls dust from away migrate to have people of numbers large
384sentences.108,backward,eyesight good very have and day the during hunt that prey of birds large are eagles
384sentences.109,backward,talons sharp and legs strong flesh tearing for beaks hooked have eagles
384sentences.110,backward,mammals small others and fish eat species some and eyries in live eagles
384sentences.111,backward,states united the of bird national the is and head white bright a has eagle bald the
384sentences.112,backward,structures other and buildings down knock can and ground the shake earthquakes
384sentences.113,backward,activity volcanic and landslides trigger also can shaking the
384sentences.114,backward,crust earth's the in energy of release the by caused are earthquakes most
384sentences.115,backward,tsunami a cause and seabed the displace can sea at earthquake an
384sentences.116,backward,tons several weighing mammal land of kind largest the are elephants
384sentences.117,backward,food or things grab can which trunk a called nose long a has elephant an
384sentences.118,backward,trees into digging or objects moving for tusks ivory of pair a has elephant the
384sentences.119,backward,body its and them in blood the cool to ears large its flaps elephant the
384sentences.120,backward,cortex visual the for it coding and light sensing for organ an is eye the
384sentences.121,backward,texture and motion color detect can which eyes complex have animals most
384sentences.122,backward,it of part sensitive most the and eye human the of center the is fovea the
384sentences.123,backward,directions many in facing units eye of up made eyes compound have insects
384sentences.124,backward,food for animals raise or plants grow to used land is farm a
384sentences.125,backward,produce to what decide and farm the run who people the are farmers
384sentences.126,backward,barn a and silo a farmers for house a have usually farms
384sentences.127,backward,equipment and land the share farmers many where farm a is cooperative a
384sentences.128,backward,hand each on thumb a and fingers four have usually primates
384sentences.129,backward,activities other and grooming writing grasping for used are fingers
384sentences.130,backward,vibration and pressure temperature to sensitive are fingertips the
384sentences.131,backward,decorated or grown be can and finger the of tip the protects nail the
384sentences.132,backward,land inhabited submerges that water of expanse an of overflow an is flood a
384sentences.133,backward,sea at earthquakes as well as melt snow rapid or rain heavy by caused be can flood
384sentences.134,backward,levees and dams break or channel its of out flow will river a flood a in
384sentences.135,backward,diseases causes water contaminated the and evacuate people flood a during
384sentences.136,backward,on walking for used building a inside surface horizontal a is floor a
384sentences.137,backward,floorboards wooden or linoleum tile concrete bare of made be may floors
384sentences.138,backward,noise dampen to and comfort for floor a on carpets put often people
384sentences.139,backward,it under wiring electrical and pipes has often floor the buildings in
384sentences.140,backward,leg a of end the on part body a is foot a
384sentences.141,backward,straight standing or running walking when feet their use people
384sentences.142,backward,sports and fighting both in kick to feet their use also people
384sentences.143,backward,feet to related behavior for rules have cultures many
384sentences.144,backward,cover canopy and trees of density high a with area an is forest a
384sentences.145,backward,location its in rainfall and temperature on depends forest of type the
384sentences.146,backward,plants ground as well as animals and trees of types various has ecosystem forest a
384sentences.147,backward,regeneration disregarding forests of down cutting the is deforestation
384sentences.148,backward,tines several and handle a with foods solid eating for tool a is fork a
384sentences.149,backward,disposable if plastic or metal of made usually are forks
384sentences.150,backward,cutting while place in food hold to or mouth the to food lift to used are forks
384sentences.151,backward,foods various for kinds special are there and cultures western in used are forks
384sentences.152,backward,handle a and sides sloping with pan small a is pan frying a
384sentences.153,backward,food brown and sear fry to used is pan frying a
384sentences.154,backward,pan the of bottom the covering oil on cooked is food the
384sentences.155,backward,steel teflon-clad or iron of made are pans frying
384sentences.156,backward,maturity reached yet not has who human female a is girl a
384sentences.157,backward,woman a of that into develops girl a of body the puberty at
384sentences.158,backward,games social and dolls with playing like often girls
384sentences.159,backward,skirts and dresses wear and hair long grow sometimes girls
384sentences.160,backward,fingers and hand the covers that clothing of piece a is glove a
384sentences.161,backward,material waterproof lined or wool of made are cold against protect to gloves
384sentences.162,backward,chemicals or germs from hands shield to used are gloves latex or rubber disposable
384sentences.163,backward,together covered are fingers four the where glove of kind a is mitten a
384sentences.164,backward,object an to impact an deliver to used tool a is hammer a
384sentences.165,backward,wood into nails drive to used often most is hammer a
384sentences.166,backward,nails remove to used be can head the on claw the
384sentences.167,backward,length handle and head the of shape the in vary hammers
384sentences.168,backward,people against weapon a as used explosive an is grenade hand a
384sentences.169,backward,that after bit a explode to timed and thrown are grenades hand
384sentences.170,backward,launchers shoulder or rifles from fired be also can grenades
384sentences.171,backward,it disperse to mob a of middle the into thrown are grenades gas tear
384sentences.172,backward,legs muscular long four with mammal hoofed large a is horse a
384sentences.173,backward,brown or gray usually is and neck its on mane a and tail a has horse a
384sentences.174,backward,entertainment and travel work draft for used been have horses
384sentences.175,backward,gallops or trots walks it while horse a ride can human a
384sentences.176,backward,injured or sick are they when healed be to hospitals to go people
384sentences.177,backward,nurses and surgeons physicians professional by staffed are hospitals
384sentences.178,backward,day same the leaving therapy or diagnosis specialist for there go patients some
384sentences.179,backward,weeks several for stay to have patients treatments or operations some for
384sentences.180,backward,in live to families or people for structure or building permanent a is house a
384sentences.181,backward,in light let to windows and rain and cold out keep to walls and roof a has house a
384sentences.182,backward,washing or cooking sleeping like purposes for rooms have can house a
384sentences.183,backward,sleep and eat to night at back come and work to house the leave people most
384sentences.184,backward,inuit by snow of blocks from made shelter of type a is igloo an
384sentences.185,backward,time the of most land the covers snow where places in built are igloos
384sentences.186,backward,tunnel entrance an with dome a of shape the in built often are igloos
384sentences.187,backward,igloos warms heat body and space the insulate snow in pockets air
384sentences.188,backward,things cut to used is that edge sharp a with tool a is knife a
384sentences.189,backward,metal of made usually blade a and handle a of consist knives modern
384sentences.190,backward,rituals in instruments and weapons as used been also have knives
384sentences.191,backward,throwing or stabbing slashing by attack to used be can knife a
384sentences.192,backward,family legume the of plant a of seeds the are lentils
384sentences.193,backward,yellow or black brown green red be can lentils
384sentences.194,backward,cuisines mediterranean and indian in used commonly are lentils
384sentences.195,backward,protein of source great a are and boiling by cooked are lentils
384sentences.196,backward,vegetable leaf a as climates temperate in grown often plant biennial a is lettuce
384sentences.197,backward,cooked or dishes other and salads in raw and cold eaten be can lettuce
384sentences.198,backward,beginners for crop suitable a and grow to easy fairly considered is lettuce
384sentences.199,backward,bitterness the remove to bred are some but bitter taste leaves lettuce most
384sentences.200,backward,kept is media and documents books of collection a where place a is library a
384sentences.201,backward,information organizing and finding at experts are and libraries at work librarians
384sentences.202,backward,weeks several for home take to books borrow and libraries public to go can people
384sentences.203,backward,books specialized have and research scholarly support libraries academic
384sentences.204,backward,logs round from built house small a is cabin log a
384sentences.205,backward,origins humble and life frontier american of symbol a is cabin log
384sentences.206,backward,settlers european by shelters first as used were cabins log
384sentences.207,backward,ends the at joints notch with logs using built were cabins log
384sentences.208,backward,adult human male a is man a
384sentences.209,backward,puberty through passing after man a becomes boy a
384sentences.210,backward,virility and masculinity with associated is manhood
384sentences.211,backward,structure body and weight height in women from differ men
384sentences.212,backward,young their feed to mammals female by produced liquid white a is milk
384sentences.213,backward,food solid eat can they before milk fed be must animals newborn
384sentences.214,backward,milk from made are butter and cheese as such products dairy
384sentences.215,backward,milk called sometimes is coconuts and soybeans from produced liquid
384sentences.216,backward,sound high-pitched a emit that insects flying small thin are mosquitos
384sentences.217,backward,animals and plants of skin the piercing for mouthparts have mosquitoes
384sentences.218,backward,protein for blood their suck and animals and people bite mosquitoes female
384sentences.219,backward,diseases parasite other and malaria fever yellow spread can bites mosquito
384sentences.220,backward,land surrounding above steeply rises that landform a is mountain a
384sentences.221,backward,top the at snow have sometimes and hills than higher rise mountains
384sentences.222,backward,collision plate tectonic to due forms mountains of range a
384sentences.223,backward,mountains up hike or climb who people are mountaineers
384sentences.224,backward,eat we when in food put we cavity face the is mouth the
384sentences.225,backward,saliva with it mix and food chew to teeth has mouth the
384sentences.226,backward,talking and kissing for used also is mouth the
384sentences.227,backward,mouth the in placement tongue by controlled are sounds speech
384sentences.228,backward,liquids hot drinking for handle a with cup sturdy a is mug a
384sentences.229,backward,glass or metal of made be also can but ceramic normally is mug a
384sentences.230,backward,insulation thermal for base ring a has and thick is mug a
384sentences.231,backward,them on carved or imprinted drawings have or plain be can mugs
384sentences.232,backward,intent with being human another of killing unlawful the is murder
384sentences.233,backward,existence their of victim the deprives it because crime serious a murder
384sentences.234,backward,murder considered not is war in or accidentally self-defense in killing
384sentences.235,backward,penalty death the or sentence life a given often is murderer convicted a
384sentences.236,backward,pulp orange in liquid the from made drink a is juice orange
384sentences.237,backward,c vitamin of lot a contains and taste acid sweet a has juice orange
384sentences.238,backward,well as pulp contains often juice orange squeezed freshly
384sentences.239,backward,glass a from breakfast at drunk often is juice orange
384sentences.240,backward,regions tropical and warm in lives that bird a is parrot a
384sentences.241,backward,beak curved sharp a and feathers brightly-colored have parrots
384sentences.242,backward,repeatedly it hear they if voice human the imitate can parrots
384sentences.243,backward,pets popular them makes abilities and appearance their
384sentences.244,backward,smell characteristic a with fruit orange-yellow an is peach a
384sentences.245,backward,hairs fine small in covered and thin is peach a of skin the
384sentences.246,backward,seed the contains which inside stone red-brown large a have peaches
384sentences.247,backward,ripening after harvested be must and delicate and sweet are peaches
384sentences.248,backward,keyboard a of means by played instrument musical popular a is piano the
384sentences.249,backward,string steel vibrating a hit to hammer felt-tipped a causes key piano a pressing
384sentences.250,backward,quality sound the change to pedals and range note enormous an has piano the
384sentences.251,backward,concerts solo give can pianists famous and large is repertoire piano the
384sentences.252,backward,rivers american south in live that fish ferocious small are piranhas
384sentences.253,backward,day the during active most are and schools in attack and live piranhas
384sentences.254,backward,carnivores opportunistic are and teeth sharp very have piranhas
384sentences.255,backward,carrion and mammals lizards insects fish eat piranhas
384sentences.256,backward,fields or clearings forest in grows that fruit a is raspberry the
384sentences.257,backward,together joined fruits small many of consists raspberry single a
384sentences.258,backward,jam into sugar with cooked or themselves by eaten are raspberries
384sentences.259,backward,teas herbal in dried or fresh used are raspberry the of leaves
384sentences.260,backward,climates many in thrives that bird black large a is raven a
384sentences.261,backward,animals small or berries insects carrion on feed ravens
384sentences.262,backward,solving problem of capable are and brains large have ravens
384sentences.263,backward,tricksters also and ill-omen of birds are ravens folklore in
384sentences.264,backward,food preserve and contain to used device cooling a is refrigerator a
384sentences.265,backward,temperature freezing at compartment small a have can refrigerators some
384sentences.266,backward,food of types different for compartments small and shelves have can refrigerator a
384sentences.267,backward,surface its on magnets put often people and white generally is refrigerator a
384sentences.268,backward,grooves twisting with barrel a has and shoulder the on rests that firearm a is rifle a
384sentences.269,backward,air the through fly they as axis rifle the around spin bullets the make grooves the
384sentences.270,backward,scopes with sometimes sports shooting and hunting in used are rifles
384sentences.271,backward,weapon infantry standard the are and bursts in fire can rifles assault
384sentences.272,backward,spawn to back and ocean the to water fresh from migrates that fish a is salmon
384sentences.273,backward,taste nice a and content protein high has and red or orange is flesh salmon
384sentences.274,backward,ways other in or poaching grilling by cooked or sushi in raw eaten be can salmon
384sentences.275,backward,wild the in caught be also can it though fish farmed common most the is salmon
384sentences.276,backward,materials hard cut to wire abrasive or blade hard a uses that tool a is saw a
384sentences.277,backward,teeth the called are saw the of side cutting the along points sharp small the
384sentences.278,backward,engine gas or motor electric an by powered or hand by worked be can saws
384sentences.279,backward,medicine and carpentry construction forestry in extensively used are saws
384sentences.280,backward,world physical the about knowledge new produces and studies scientist a
384sentences.281,backward,them test to experiments does and hypotheses creates scientist a
384sentences.282,backward,sciences of examples classic are biology and chemistry physics
384sentences.283,backward,conferences and journals in research their publish scientists
384sentences.284,backward,cutting for used instrument two-bladed a are scissors
384sentences.285,backward,handles metal or plastic with metallic usually are blades the
384sentences.286,backward,fabric or hair paper cut can scissors format and size the on depending
384sentences.287,backward,metal of pieces or shrubs cutting for used scissors large are shears
384sentences.288,backward,something into screws tightening and inserting for tool a is screwdriver a
384sentences.289,backward,inserted are they after screws remove to used be also can screwdrivers
384sentences.290,backward,handle the rotating from torque the applies tip screwdriver the
384sentences.291,backward,flathead and phillips are screwdrivers of types major two the
384sentences.292,backward,skeleton cartilage a with fish large a is shark a
384sentences.293,backward,fin dorsal large a with bodies streamlined have sharks
384sentences.294,backward,jaws powerful with mammals and fish on predate sharks most
384sentences.295,backward,fields electrical detect can and senses keen very have sharks
384sentences.296,backward,water on travels and floats that vehicle large a is ship a
384sentences.297,backward,engines diesel or steam sails by ocean the in powered be can ship a
384sentences.298,backward,containers cargo transport to and ocean the in fish to used are ships
384sentences.299,backward,cities between people take that hotels floating are ships cruise
384sentences.300,backward,heel a and outsole an sole a with foot the for clothing is shoe a
384sentences.301,backward,plastic or rubber canvas leather of made usually are shoes
384sentences.302,backward,colors and styles many in come and heels high have often shoes women's
384sentences.303,backward,activity athletic and sports for shoe a is sneaker a
384sentences.304,backward,land on fights who forces armed national the of member a is soldier a
384sentences.305,backward,camouflage usually uniform a wear must militia the in soldier a
384sentences.306,backward,work her or his for paid is soldier a army volunteer a in
384sentences.307,backward,grenades and rifles as such weapons using fights soldier a
384sentences.308,backward,end one at head sharpened and pole a of consist that weapons are spears
384sentences.309,backward,firearms of advent the before weapon personal common most the were spears
384sentences.310,backward,war in fighting when throwing or stabbing for used were spears
384sentences.311,backward,fishing and hunting for spear the use still people native some
384sentences.312,backward,silk make that legs eight with insects are spiders
384sentences.313,backward,insects catch to them use and silk with webs build spiders
384sentences.314,backward,prey stuck their paralyse to fangs venomous use spiders
384sentences.315,backward,bird a as big as or coin a as small as be can spiders
384sentences.316,backward,inundation frequent to subject land spongy low are swamps
384sentences.317,backward,vegetation and mud water shallow with covered is swamp a
384sentences.318,backward,reptiles and birds for grounds breeding and nesting are swamps
384sentences.319,backward,land arable fertile produce to swamps drain often farmers
384sentences.320,backward,warmth for torso the on worn garment heavy a is sweater a
384sentences.321,backward,common also is cotton but wool from knitted often are sweaters
384sentences.322,backward,cardigan a called is front the down opens that sweater a
384sentences.323,backward,decoration as well as shape sleeve and collar cut in differ sweaters
384sentences.324,backward,legs and surface flat a with furniture of piece a is table a
384sentences.325,backward,sit to people for table a around chairs usually are there
384sentences.326,backward,together meal a eat to table a on food and plates cutlery set people
384sentences.327,backward,on write or work to surfaces as used also are tables
384sentences.328,backward,images moving displays that screen a with appliance an is television a
384sentences.329,backward,films or programs watching for used mostly are televisions
384sentences.330,backward,console game a to connected when videogames play to used are they
384sentences.331,backward,internet or cable via received or broadcast be can content television
384sentences.332,backward,consent their without property person's of taking the is theft
384sentences.333,backward,receivers to it sell to or something own to steal thieves
384sentences.334,backward,fines or jail with punishable be can and crime a is theft
384sentences.335,backward,property intellectual and ideas of theft is espionage industrial
384sentences.336,backward,elements heating using bread toasting for appliance kitchen a is toaster a
384sentences.337,backward,done once it eject and slot a in placed bread the toast toasters pop-up
384sentences.338,backward,control temperature and within tray a side the on door a have ovens toaster
384sentences.339,backward,cheese or garlic like toppings with cooked be to bread allow they
384sentences.340,backward,taste savory a with fruit red smooth and shiny a is tomato the
384sentences.341,backward,ripe more gets it as red to green from color changes and softens tomato a
384sentences.342,backward,sauce as well as ketchup or soup salads make to used be can tomatoes
384sentences.343,backward,tastes and sizes different with tomato of varieties many are there
384sentences.344,backward,track a on stations between moves that cars of series connected a is train a
384sentences.345,backward,electricity or diesel by powered locomotive a by pulled is train the
384sentences.346,backward,distances long over fuel or goods of containers transports train freight a
384sentences.347,backward,city a inside stations and suburbs between people transport trains commuter
384sentences.348,backward,train a off or on get passengers where place a is station train a
384sentences.349,backward,tickets purchasing for machines or counters have stations train
384sentences.350,backward,station a in eat to places and rooms waiting are there
384sentences.351,backward,line the to next platform a from enter trains cargo or passengers
384sentences.352,backward,sea tropical warm over formed storm a is cyclone tropical a
384sentences.353,backward,rain torrential and winds powerful very produce can cyclones
384sentences.354,backward,flooding coastal and waves high cause also can cyclone tropical
384sentences.355,backward,property damage seriously and inland move can cyclone tropical a
384sentences.356,backward,bow a with played is that strings four with instrument an is violin the
384sentences.357,backward,family its in instrument pitched highest and smallest the is violin
384sentences.358,backward,collarbone the and chin the between instrument the holds violinist a
384sentences.359,backward,bowing while hand one with neck the fingering by made are notes different
384sentences.360,backward,animals dead of carcasses the on mostly feeding birds scavenging are vultures
384sentences.361,backward,heat losing for feathers without head bald a have vultures many
384sentences.362,backward,flapping without miles for soar to wings large their use vultures
384sentences.363,backward,sick or wounded the kill may but animals healthy attack seldom vultures
384sentences.364,backward,area an protects sometimes and defines that structure solid a is wall a
384sentences.365,backward,rooms into space the divide and roof the support building a delineate walls
384sentences.366,backward,drywall as well as cement or brick stone of made usually are walls
384sentences.367,backward,water or stone earth of movement to barrier a provide walls retaining
384sentences.368,backward,area its of 70% covering earth on liquid common most the is water
384sentences.369,backward,live to order in water drink must people and animals plants
384sentences.370,backward,ice solid becomes and temperature low a at freezes water
384sentences.371,backward,vapor condensed are which sky the in clouds from falls that water is rain
384sentences.372,backward,ocean the in lives that mammal large very a is whale a
384sentences.373,backward,surfacing when heads their on blowholes through breathe whales
384sentences.374,backward,insulation as and reservoir energy an as serves whale a in blubber the
384sentences.375,backward,ambergris and oil whale meat for hunted been have whales
384sentences.376,backward,through light let to wall a in opening transparent a is window a
384sentences.377,backward,frames by place in held glass of sheets of made is window typical a
384sentences.378,backward,through sound and air let also will window a open when
384sentences.379,backward,inside insulation increase to panes multiple have windows some
384sentences.380,backward,adult human female a is woman a
384sentences.381,backward,caregiver a as seen stereotypically is woman a
384sentences.382,backward,children bear and pregnant become can woman a
384sentences.383,backward,man a than organs reproductive different has woman a
