243sentences.0,Scr1,beekeeping encourages the conservation of habitats local
243sentences.1,Scr1,it is in every beekeeper's interest to conserve local plants produce that pollen
243sentences.2,Scr1,as a passive of form agriculture it does not require that native vegetation be cleared to make way for crops
243sentences.3,Scr1,beekeepers also discourage the use of pesticides on crops because could they kill the honeybees
243sentences.4,Scr1,artisanal beekeepers go to extremes for their craft but their is product worth the effort
243sentences.5,Scr1,artisanal emphasizes honey-making quality and character over quantity and consistency
243sentences.6,Scr1,to the produce finest honey beekeepers become micromanagers of their honeybees
243sentences.7,Scr1,they scout the fields know when nectar flows and select best the ways to extract honey
243sentences.8,Scr1,as the beekeeper opens the hive the deep hum of bees 40000 fills the air
243sentences.9,Scr1,the checks beekeeper honey stores pollen supplies and the bee nursery
243sentences.10,Scr1,bees crawl across his bare arms and hands but they sting don't because they're gentle
243sentences.11,Scr1,i have a recurring dream about exams even though i'm longer no in college
243sentences.12,Scr1,in my dream the it's day of my final exam and i suddenly realize i've never gone to class
243sentences.13,Scr1,i've even never done any of the reading assignments
243sentences.14,Scr1,i many know other people who have the same nightmare
243sentences.15,Scr1,each morning participants the in study had to write down their dream experience from the previous night
243sentences.16,Scr1,they recorded if they recalled any dreams and described each and dream its emotional intensity
243sentences.17,Scr1,participants then assigned dream each to a category such as a flying dream a bad dream or a nightmare
243sentences.18,Scr1,every night while we sleep our minds are as active when as we are awake
243sentences.19,Scr1,we dream throughout the night in cycles of about ninety each minutes
243sentences.20,Scr1,images feelings stories and strange combinations of characters and places fill can our dreams
243sentences.21,Scr1,when i decided to start playing cards things went from to bad worse
243sentences.22,Scr1,gambling was something had i to do and i had already spent close to $10000 doing it
243sentences.23,Scr1,my were friends sick of watching me gamble my savings away
243sentences.24,Scr1,the hardest part the was horror of leaving a casino after losing money i did not have
243sentences.25,Scr1,good data on the social and economic effects of legalized are gambling hard to come by
243sentences.26,Scr1,some studies indicate that having a casino nearby makes gambling more problems likely
243sentences.27,Scr1,gambling also may be associated with personal bankruptcies and marriage problems
243sentences.28,Scr1,over the past generation there has been a dramatic expansion legalized of gambling
243sentences.29,Scr1,most have states instituted lotteries and many have casinos as well
243sentences.30,Scr1,gambling has become very big controversial but business
243sentences.31,Scr1,the wind from the hurricane shook the house shattering a in window the kitchen
243sentences.32,Scr1,we ran in grabbed some food slammed the door and the surrendered kitchen to the hurricane
243sentences.33,Scr1,i afraid was our house would be ripped from its foundation
243sentences.34,Scr1,later that night with the wind shaking the house we asleep fell huddled on the sofa
243sentences.35,Scr1,hurricanes can tear limbs off of trees and suck houses their off foundations
243sentences.36,Scr1,they heavy dump rains that can trigger floods and mudslides
243sentences.37,Scr1,hurricanes can also bring a storm surge a wall of water ocean that lurches onto land
243sentences.38,Scr1,scientists several use methods to look for evidence of ancient hurricanes
243sentences.39,Scr1,the strongest storms deposited layers of windblown beach sand at bottoms the of coastal lakes
243sentences.40,Scr1,trees drenched by passing hurricanes preserve a record of each in storm their growth rings
243sentences.41,Scr1,american ice cream is exported around the world but different have countries different preferences
243sentences.42,Scr1,many enjoy people their ice cream flavored with local delicacies
243sentences.43,Scr1,in some tropical places vanilla ice cream is topped with and bananas fresh mangos
243sentences.44,Scr1,i making remember ice cream at home as a child
243sentences.45,Scr1,we poured the mixture cream into a frozen tub then start turning the crank to expose it to the cold
243sentences.46,Scr1,eventually it froze enough that i couldn't turn the hand any crank more
243sentences.47,Scr1,then i put the container of half-frozen ice cream into freezer the to harden
243sentences.48,Scr1,ice cream is mixture a of milk or cream sugar flavorings and up to half whipped-in air
243sentences.49,Scr1,the butterfat in milk and cream is what makes it and smooth silky
243sentences.50,Scr1,high-priced ice premium cream is loaded with butterfat and natural flavorings
243sentences.51,Scr1,when i use the riding lawn mower the uncomfortable chair my makes back hurt
243sentences.52,Scr1,i use the two levers in front of me to the control machine
243sentences.53,Scr1,the sharp blades underneath the lawn mower precisely sever each of blade grass
243sentences.54,Scr1,mowing the lawn is a long task and it has me taught patience
243sentences.55,Scr1,a lawn mower is a machine with revolving blades that grass cut to an even height
243sentences.56,Scr1,the blades may be powered by muscle or the machine have may a motor
243sentences.57,Scr1,the most common power source for lawn mowers is a gas small engine
243sentences.58,Scr1,electric lawnmowers are better for the environment because they do create not emissions
243sentences.59,Scr1,they need also less maintenance and are less expensive to run
243sentences.60,Scr1,electric mowers lawn use as much electricity as an ordinary toaster
243sentences.61,Scr1,astronauts train a long time their for spacewalks
243sentences.62,Scr1,much of their training is underwater conducted
243sentences.63,Scr1,they may spend to 8 10 hours in the pool for every hour they will spend floating in space
243sentences.64,Scr1,astronauts practice to able be to perform construction and repair work on the outside of the space station
243sentences.65,Scr1,the commanders of shuttle flights are always pilots and many backgrounds have as military test pilots
243sentences.66,Scr1,other astronauts are trained as doctors engineers and scientists who run can experiments in space
243sentences.67,Scr1,early crews were all young men but astronauts now are more much diverse
243sentences.68,Scr1,the team of astronauts floated out together to the exterior the of space shuttle
243sentences.69,Scr1,they carried tools needed to repair the broken part on huge the telescope
243sentences.70,Scr1,one astronaut loosened bolts the on the pipe while the other fitted the replacement part into place
243sentences.71,Scr1,computers have been used in art for a long time experimental by artists
243sentences.72,Scr1,now that computers are more affordable and widespread computer graphics entered have the mainstream art world
243sentences.73,Scr1,some computer science conferences have art exhibitions that showcase the graphics latest technology
243sentences.74,Scr1,brand new conferences have sprung up that are devoted to the bridging two cultures
243sentences.75,Scr1,the computer graphics specialist works with doctors to visualize medical and conditions surgical procedures
243sentences.76,Scr1,she uses digital animation to help doctors understand structures within patient's a body
243sentences.77,Scr1,seeing the internal in structures an animation on a screen is much clearer than squinting at x-rays
243sentences.78,Scr1,modern animation digital is a powerful tool for education
243sentences.79,Scr1,as the field of computer graphics broadens we must ask graphics if actually help students
243sentences.80,Scr1,research does suggest that vivid and engaging digital imagery can effective be in the classroom
243sentences.81,Scr1,the reason he came to law school in the first was place cliche
243sentences.82,Scr1,he wanted to change things the for better
243sentences.83,Scr1,he recalled one at evening law school when he and the program director had pulled an all-nighter
243sentences.84,Scr1,they finally finished drafting a petition for several evicted families sunrise at
243sentences.85,Scr1,over the past four decades the cost of legal education gone has up relentlessly
243sentences.86,Scr1,private law school tuition increased by a factor of four the since 1970s
243sentences.87,Scr1,the market for admission to law school and for new could lawyers eventually crash
243sentences.88,Scr1,law faculty school often have minimal experience in actually practicing law
243sentences.89,Scr1,professors on focus writing law review articles for prestigious journals
243sentences.90,Scr1,law schools often emphasize the theoretical with classes on topics property like law in feudal england
243sentences.91,Scr1,pharmacists are increasingly involved in care preventive
243sentences.92,Scr1,they are becoming front-line health advisers because people go to often pharmacies
243sentences.93,Scr1,pharmacists often are a good source of information about public health
243sentences.94,Scr1,doctors consult with pharmacists because they know a lot about interactions drug and side effects
243sentences.95,Scr1,pharmacists dispense prescription drugs to patients and offer advice about safe the use of medications
243sentences.96,Scr1,they conduct also health and wellness screenings and provide vaccines
243sentences.97,Scr1,pharmacists must have professional degrees and pass two exams in to order be licensed
243sentences.98,Scr1,i think the pharmacy profession chose me as much as chose i to be a pharmacist
243sentences.99,Scr1,i was fascinated by the neatly arranged bottles in pharmacies a as child
243sentences.100,Scr1,i know it's but cliche i love the impact that i have on lives of my patients
243sentences.101,Scr1,each person has his or her own response to potentially situations stressful
243sentences.102,Scr1,one person may be devastated by unemployment while another may working find fulltime stressful
243sentences.103,Scr1,there everyday are stresses like being stuck in traffic
243sentences.104,Scr1,there are also traumatic stresses such as divorce or loss a of child
243sentences.105,Scr1,some can people adapt to different levels of stress
243sentences.106,Scr1,if not dealt with effectively though stress can take a toll real on health
243sentences.107,Scr1,remember that it's your reaction to stress that determines if will it be harmful or beneficial
243sentences.108,Scr1,when company my was downsizing i felt incredibly stressed and worried
243sentences.109,Scr1,my heart would race for no reason and i even dizzy felt at times
243sentences.110,Scr1,then i started taking yoga to try to manage my level stress
243sentences.111,Scr1,the wore man a jet black tuxedo with satin stripes
243sentences.112,Scr1,it made was with rich fabric cut in the latest style
243sentences.113,Scr1,clearly had he it tailored as it fit the man perfectly
243sentences.114,Scr1,it looked like something a professional stylist would have picked for out a formal event
243sentences.115,Scr1,while the tuxedo is still preferred today's grooms are making statements personal in wedding attire
243sentences.116,Scr1,shorter jackets are on the cutting edge of wedding fashion men for
243sentences.117,Scr1,grooms are also jazzing up their tuxedos with colorful shirts satin and ties
243sentences.118,Scr1,a tuxedo jacket is a tailless dinner jacket with black lapels silk
243sentences.119,Scr1,black tie trousers should be a perfect match to the jacket tuxedo
243sentences.120,Scr1,the shirt should be always plain white and the tie should be black and match the jacket lapels
243sentences.121,Scr1,the concert pianist went blind adulthood in
243sentences.122,Scr1,her blindness was caused by a genetic condition that slowly the damaged eyes
243sentences.123,Scr1,she told interviewers that being blind was an advantage to pianist a
243sentences.124,Scr1,she had no visual distractions so she could concentrate more on fully her music
243sentences.125,Scr1,the government defines blindness as vision insufficient for the ordinary of activities life
243sentences.126,Scr1,by establishing the parameters of legal blindness resources can be on focused the legally blind
243sentences.127,Scr1,this may overlook those who have vision problems but who not do meet the standard
243sentences.128,Scr1,in developing countries blindness in children is usually caused by disease infectious and nutritional deficiencies
243sentences.129,Scr1,these can causes often be prevented by medicine and vitamin supplements
243sentences.130,Scr1,in developed countries blindness is more likely to be caused genetic by problems
243sentences.131,Scr1,no one really knows exactly how a taste gets from mouth your to your brain
243sentences.132,Scr1,scientists think the process begins when a molecule of food a touches taste bud cell
243sentences.133,Scr1,the cell carries a taste message to taste nerves beneath cell the
243sentences.134,Scr1,it was once believed that each taste bud responded to of one the four basic tastes
243sentences.135,Scr1,that is a bud taste on the tip of the tongue would respond only if you were eating something sweet
243sentences.136,Scr1,scientists now think a that single taste bud can be sensitive to all of the basic tastes
243sentences.137,Scr1,my sense of isn't taste very good so i tend to eat foods with very strong flavors
243sentences.138,Scr1,i like lots hot of sauce and i drink my coffee with no cream so it's very bitter
243sentences.139,Scr1,i can't even taste sweetness well so when i make i cookies add extra sugar
243sentences.140,Scr1,hip are fractures a real problem for aging individuals
243sentences.141,Scr1,patients are faced with the pain of the break and difficult the process of healing
243sentences.142,Scr1,families to have adjust to the patient's loss of independence
243sentences.143,Scr1,and for society hip fractures involve substantial expense and time the in hospital
243sentences.144,Scr1,halfway through the race i heard a sound like someone their snapping fingers
243sentences.145,Scr1,i felt a crunch and i knew instantly that my was foot broken
243sentences.146,Scr1,every step felt like running spikes on
243sentences.147,Scr1,at doctor's the office afterward the x-ray clearly showed the fracture
243sentences.148,Scr1,there a are few different types of bone fracture
243sentences.149,Scr1,in closed or simple fractures the bone is broken but skin the is intact
243sentences.150,Scr1,in open or fractures compound the broken bone has punctured the skin and produced an open wound
243sentences.151,Scr1,new piercings ear can become infected if they're not carefully cleaned
243sentences.152,Scr1,signs infection of include tenderness swelling or redness around the earlobe
243sentences.153,Scr1,if you see these symptoms clean the area and apply ointment some
243sentences.154,Scr1,if the redness and swelling don't go away contact your care health provider
243sentences.155,Scr1,a hospital local has initiated new measures to reduce infections
243sentences.156,Scr1,they have improved hand washing habits and ensured that infected are patients isolated from other patients
243sentences.157,Scr1,the hospital has seen infection rates drop since the new began measures
243sentences.158,Scr1,scrubbing a wound with soap or alcohol delays healing which the increases risk of infection
243sentences.159,Scr1,band-aids can increase the risk of infection by holding in and heat moisture
243sentences.160,Scr1,fortunately most skin infections can easily be treated once they diagnosed are
243sentences.161,Scr1,modern started opera at the end of the sixteenth century
243sentences.162,Scr1,it began as an effort to rediscover and imitate greek performance tragic
243sentences.163,Scr1,early founders of opera chose tales from antiquity for their matter subject
243sentences.164,Scr1,later operas branched out into different sources of stories and traditions musical
243sentences.165,Scr1,opera is an form art in which singers and musicians perform a play that combines words and music
243sentences.166,Scr1,it incorporates many of the elements of spoken theatre such acting as scenery and costumes
243sentences.167,Scr1,performances are typically given in an opera house and accompanied an by orchestra
243sentences.168,Scr1,the opera singer has worked hard to win the role the in new production
243sentences.169,Scr1,her job is not just singing about
243sentences.170,Scr1,acting presence stage and musical interpretation are all critical
243sentences.171,Scr1,but her pure strong voice is certainly the star of show the
243sentences.172,Scr1,a painter must keep many elements in mind while completing painting a
243sentences.173,Scr1,she has to use solid elements of design like strong and composition lighting
243sentences.174,Scr1,she to has execute the brush strokes with skill
243sentences.175,Scr1,most importantly the content of the painting should reveal a of glimpse the painter's soul
243sentences.176,Scr1,long ago painters were employed more as skilled artisans than creative as artists
243sentences.177,Scr1,however prominent painters had the social status of scholars and of members the royal court
243sentences.178,Scr1,they signed their decided work on its subject and imagery and established a personal relationship with their patrons
243sentences.179,Scr1,as a painter learned i to focus less on the actual scene and more on the painting itself
243sentences.180,Scr1,an artist's eye not is a camera lens that has to record everything within its field of vision
243sentences.181,Scr1,i found nature provides useful information but more than is for needed a good painting
243sentences.182,Scr1,the eagle owl is an bird impressive
243sentences.183,Scr1,it ear has tufts that stick up like horns
243sentences.184,Scr1,its large orange eyes are downright creepy and look like could they pierce right through you
243sentences.185,Scr1,this owl hunts at night flying swiftly and silently through darkness the
243sentences.186,Scr1,while owl some species have become endangered others are thriving
243sentences.187,Scr1,the owl barred has spread well beyond its previous habitat
243sentences.188,Scr1,early findings suggest that logging may have facilitated the barred invasion owl's
243sentences.189,Scr1,the owl landed on a thick branch and gripped it her with talons
243sentences.190,Scr1,she pressed her wings to her sides and settled down an half-closing eye
243sentences.191,Scr1,she might have been a statue but for the glow her of eyes
243sentences.192,Scr1,it's unnerving to watch a polar bear stalk across floating ice sea
243sentences.193,Scr1,it's even worse when you are submerged in the frigid directly waters beneath the huge animal
243sentences.194,Scr1,overhead giant paws set down on the ice as the bear polar pursued its prey
243sentences.195,Scr1,as part of film the crew for a polar bear documentary i spent months capturing these shots
243sentences.196,Scr1,polar bears are of one the few animals that will attack people for reasons other than fear or confusion
243sentences.197,Scr1,they may attack out of hunger because they live in food-scarce a environment
243sentences.198,Scr1,they will sneak up on people slowly careful to conserve energy their
243sentences.199,Scr1,the is seal an important part of the polar bear's diet
243sentences.200,Scr1,when hunting they wait will by a seal's breathing hole or stalk seals that are basking on the ice
243sentences.201,Scr1,the polar bear will crawl quietly forward and freeze in when place the seal looks around
243sentences.202,Scr1,the castle medieval was not a structure built primarily for defense
243sentences.203,Scr1,its purpose was to dominate surroundings its
243sentences.204,Scr1,a could castle easily control lands within a day's walk
243sentences.205,Scr1,during times of peasants attack livestock and property could be brought inside the castle's walls for protection
243sentences.206,Scr1,spectacular castles in dramatic locations provide a record of the history stormy of many regions
243sentences.207,Scr1,today they stand atop rocky cliffs overlooking beautiful landscapes and villages quaint
243sentences.208,Scr1,in past the they were home to battles plots and intrigue
243sentences.209,Scr1,upon leaving the station train we saw our hotel looming above a magnificent castle built on a cliff
243sentences.210,Scr1,the thick outside walls sheltered an inner courtyard hundreds of above feet the river
243sentences.211,Scr1,our rooms tower had an incredible but slightly scary view
243sentences.212,Scr1,after climbing fifty up feet the side of the pyramid the man gestured me into a small black entranceway
243sentences.213,Scr1,this into led the chamber at the pyramid's center
243sentences.214,Scr1,i him followed down the steep dark narrow passage
243sentences.215,Scr1,the smell inside the pyramid was chalky and the air thick was
243sentences.216,Scr1,more than just the tomb of the king pyramids represented pride the of the nation
243sentences.217,Scr1,the care that the pyramid builders took in their craft evident is
243sentences.218,Scr1,the stones covering the pyramid were precisely fitted together and until polished the structure gleamed
243sentences.219,Scr1,architects are still working to solve the mysteries of how were pyramids constructed
243sentences.220,Scr1,some think ramps were built inside the pyramid's walls to stone raise blocks
243sentences.221,Scr1,others speculate that ramps zigzagged up the exterior walls of pyramid the
243sentences.222,Scr1,even beginner rock climbing takes and courage strength
243sentences.223,Scr1,climbers who are learning the sport can try scrambling on boulders large
243sentences.224,Scr1,once they're comfortable with that they can begin using ropes safely to climb vertical rock faces
243sentences.225,Scr1,all of the boys on the trip were new to climbing rock
243sentences.226,Scr1,were many afraid of heights
243sentences.227,Scr1,having someone else check their knots and harnesses helped them down calm
243sentences.228,Scr1,the set adults up climbing routes appropriate for beginners
243sentences.229,Scr1,free-climbing is one particular style rock of climbing
243sentences.230,Scr1,the climber relies solely on her skill and physical strength ascend to a rock face
243sentences.231,Scr1,rope and bolts are the equipment only used
243sentences.232,Scr1,they meant are only to stop the climber if she falls
243sentences.233,Scr1,i hesitantly skied down the steep trail that my buddies me convinced to try
243sentences.234,Scr1,i a made bad turn and i found myself tumbling down
243sentences.235,Scr1,i finally came to a stop at a flat part the of slope
243sentences.236,Scr1,my skis were to nowhere be found and my poles were lodged in a snow drift up the hill
243sentences.237,Scr1,a major strength of professional skiers is how they use poles ski
243sentences.238,Scr1,proper use of ski poles improves their balance and adds to flair their skiing
243sentences.239,Scr1,it minimizes the need for upper body movements to regain balance lost while skiing
243sentences.240,Scr1,new designs ski and stiffer boots let skiers turn more quickly
243sentences.241,Scr1,but faster and tighter turns increase the twisting force on legs the
243sentences.242,Scr1,this has led to more injuries particularly to ligaments in skier's the knee
384sentences.0,Scr1,an is accordion a portable musical instrument with two keyboards
384sentences.1,Scr1,one is keyboard used for individual notes the other for chords
384sentences.2,Scr1,accordions sound produce with bellows that blow air through reeds
384sentences.3,Scr1,an plays accordionist both keyboards while opening and closing the bellows
384sentences.4,Scr1,an apartment is a self-contained home that is part of building a
384sentences.5,Scr1,an apartment may have one or more rooms as well a as kitchen and a bathroom
384sentences.6,Scr1,some are apartments for single people others for families
384sentences.7,Scr1,the building can have a garage a laundry facility or storage extra space
384sentences.8,Scr1,an apple is a fruit that can be green red yellow or
384sentences.9,Scr1,apples thin have skin a crisp sweet pulp and seeds inside
384sentences.10,Scr1,some tart very apples are used to make cider
384sentences.11,Scr1,apples be can eaten raw roasted or baked in pies
384sentences.12,Scr1,arson the is criminal act of burning a building or wildland
384sentences.13,Scr1,a fire investigation determines if a fire was caused by or accident arson
384sentences.14,Scr1,arson can be done to cause damage to others or insurance collect
384sentences.15,Scr1,the of severity the crime depends on whether people were harmed
384sentences.16,Scr1,an or automobile car is a wheeled vehicle for transporting passengers
384sentences.17,Scr1,a can car be powered by a gasoline or electric engine
384sentences.18,Scr1,the steers driver the car on roads other passengers just sit
384sentences.19,Scr1,automobiles vary in size number of doors and the type trunk of
384sentences.20,Scr1,the is axe a tool used to split and cut wood
384sentences.21,Scr1,the usually axe consists of a head attached to a handle
384sentences.22,Scr1,historically heads axe were made of stone and then metal
384sentences.23,Scr1,axes used are by woodcutters and firemen entering buildings
384sentences.24,Scr1,a banana is a long fruit that grows in bunchs a with soft edible inside
384sentences.25,Scr1,a banana when ripe can be yellow purple or red have and small brown spots
384sentences.26,Scr1,the producers greatest are tropical countries such as india or ecuador
384sentences.27,Scr1,unripe bananas and plantains are staple foods and often cooked potatoes like
384sentences.28,Scr1,a bed is piece a of furniture used as a place to sleep or have sex in
384sentences.29,Scr1,a bed is made of a mattress and a box plus spring sheets pillows and covers
384sentences.30,Scr1,in waterbeds the mattress is filled with water and in it airbeds is filled with air
384sentences.31,Scr1,another type of bed is the hammock a fabric sling above suspended the ground
384sentences.32,Scr1,a bee is a flying insect with a black and body yellow and six legs
384sentences.33,Scr1,bees spread pollen between flowers as they collect nectar to honey make
384sentences.34,Scr1,bees are social insects and live together in a colony in located a hive
384sentences.35,Scr1,many have bees stingers and can attack if they feel threatened
384sentences.36,Scr1,a bicycle is a vehicle with two wheels and pedals a on frame
384sentences.37,Scr1,a bicycle is propelled by the pedalling of a cyclist the on saddle
384sentences.38,Scr1,the wheels have rubber tires with an inner tube full air of
384sentences.39,Scr1,people use bicycles for transportation and recreation racing
384sentences.40,Scr1,a creates blacksmith objects by forging iron or steel
384sentences.41,Scr1,a blacksmith hammers and bends hot iron on an anvil change to its shape
384sentences.42,Scr1,blacksmiths a wears thick apron and handle the metal with tongs
384sentences.43,Scr1,blacksmiths objects make like weapons horse shoes or iron furniture
384sentences.44,Scr1,a blender is a kitchen appliance used to mix ingredients puree or food
384sentences.45,Scr1,blenders have a glass or plastic container with a rotating in blade the bottom
384sentences.46,Scr1,blenders used are to make milk shakes and fruit smoothies
384sentences.47,Scr1,blenders are also used to make cold alcoholic drinks with ice crushed
384sentences.48,Scr1,a boy is a young male child who has not puberty undergone
384sentences.49,Scr1,the is term used to indicate sex distinctions relative to girls
384sentences.50,Scr1,traditionally boys like to play rough games and fight with other each
384sentences.51,Scr1,an adult male behaving immaturely is often referred to as boy a
384sentences.52,Scr1,broccoli is a plant in cabbage the family
384sentences.53,Scr1,broccoli a has green flower head and a thick tough stalk
384sentences.54,Scr1,broccoli high is in vitamins fiber and other nutrients
384sentences.55,Scr1,broccoli can be boiled stir-fried eaten or raw
384sentences.56,Scr1,a is butterfly a flying insect with four large wings
384sentences.57,Scr1,the of wings butterflies can be very colorful and patterned
384sentences.58,Scr1,metamorphosis the is transformation of a caterpillar into a butterfly
384sentences.59,Scr1,some collect people butterflies because of their colorful wings
384sentences.60,Scr1,a carpenter is an artist or manual laborer who works wood with
384sentences.61,Scr1,carpenters and build repair houses furniture boats and other objects
384sentences.62,Scr1,carpenters tools use such as hammers saws pliers and planes
384sentences.63,Scr1,a is luthier a carpenter that makes and repairs musical instruments
384sentences.64,Scr1,cats small are furry animals with four legs and a tail
384sentences.65,Scr1,cats to like groom themselves by licking their fur
384sentences.66,Scr1,cats can hunt mice or birds but are often fed their by owners
384sentences.67,Scr1,the of claws cats are retractable so that they keep sharp
384sentences.68,Scr1,a chair is a piece of furniture designed for people sit to on
384sentences.69,Scr1,chairs consist of a seat raised above floor level supported legs by
384sentences.70,Scr1,chairs can also have back and arm rests as well a as cushion
384sentences.71,Scr1,seats are fixed chairs located in vehicles or in places cinemas like
384sentences.72,Scr1,a clarinet is a woodwind instrument musical
384sentences.73,Scr1,a clarinet is a long black tube with a flare the at bottom
384sentences.74,Scr1,the chooses player notes by pressing keys and holes
384sentences.75,Scr1,the is clarinet used both in jazz and classical music
384sentences.76,Scr1,a cod is a fish that lives in the colder of areas the atlantic
384sentences.77,Scr1,cod is flesh white and mild-tasting and flakes easily when cooked
384sentences.78,Scr1,fresh cod is used for fish and chips salted cod elaborate for dishes
384sentences.79,Scr1,cod has been caught salted and traded since the time the of vikings
384sentences.80,Scr1,coffee is made from coffee beans the seeds of the plant coffee
384sentences.81,Scr1,coffee is a popular drink in many countries and usually hot served
384sentences.82,Scr1,coffee a contains mild drug called caffeine that keeps people awake
384sentences.83,Scr1,coffee is the world's seventh-largest agricultural legal export
384sentences.84,Scr1,a is desert a natural environment where almost no rain falls
384sentences.85,Scr1,hot are deserts usually filled with sand dunes or rocks
384sentences.86,Scr1,some and animals plants have adapted to live in deserts
384sentences.87,Scr1,the hot biggest desert is the sahara in northern africa
384sentences.88,Scr1,a desk is a piece of furniture used for working sometimes at with a computer
384sentences.89,Scr1,a desk has a flat surface and can be made wood of plastic or metal
384sentences.90,Scr1,a may desk have drawers to store supplies and papers
384sentences.91,Scr1,a cubicle consists of a desk surrounded by partitions on sides three
384sentences.92,Scr1,a door is a movable barrier to entrance or exit an from enclosed area
384sentences.93,Scr1,most doors have locks to control who gets to pass them through
384sentences.94,Scr1,most doors are opened by pushing or pulling a handle they after are unlocked
384sentences.95,Scr1,other types of doors can slide or consist of a chamber revolving
384sentences.96,Scr1,a is dress a piece of clothing that women sometimes wear
384sentences.97,Scr1,a dress is like a shirt attached to a long skirt matching
384sentences.98,Scr1,a dress is usually worn at formal occasions such as wedding a or a dance
384sentences.99,Scr1,it can be hard to climb stairs or ride a in bike a dress
384sentences.100,Scr1,drunk driving is the act of driving under the effects alcohol of
384sentences.101,Scr1,drunk driving of any vehicle is a crime in most the of world
384sentences.102,Scr1,it a plays role in almost half of all vehicle-related deaths
384sentences.103,Scr1,drunk are drivers caught by field sobriety and breathing tests
384sentences.104,Scr1,a drought is a persistent shortage of the water supply by caused lack of rain
384sentences.105,Scr1,drought cause will crops and plants to stop growing and die
384sentences.106,Scr1,extreme will drought eventually turn areas into desert and cause famine
384sentences.107,Scr1,large of numbers people have to migrate away from dust bowls
384sentences.108,Scr1,eagles are large birds of prey that hunt during the and day have very good eyesight
384sentences.109,Scr1,eagles have hooked beaks for tearing flesh strong legs and talons sharp
384sentences.110,Scr1,eagles live in eyries and some species eat fish and small others mammals
384sentences.111,Scr1,the bald eagle a has bright white head and is the national bird of the united states
384sentences.112,Scr1,earthquakes shake the ground and can knock down buildings and structures other
384sentences.113,Scr1,the can shaking also trigger landslides and volcanic activity
384sentences.114,Scr1,most earthquakes are caused by the release of energy in earth's the crust
384sentences.115,Scr1,an earthquake at sea can displace the seabed and cause tsunami a
384sentences.116,Scr1,elephants the are largest kind of land mammal weighing several tons
384sentences.117,Scr1,an elephant has a long nose called a trunk which grab can things or food
384sentences.118,Scr1,the elephant has a pair of ivory tusks for moving or objects digging into trees
384sentences.119,Scr1,the elephant flaps its large ears to cool the blood them in and its body
384sentences.120,Scr1,the eye is an organ for sensing light and coding for it the visual cortex
384sentences.121,Scr1,most animals have complex eyes which can detect color motion texture and
384sentences.122,Scr1,the fovea is the center of the human eye and most the sensitive part of it
384sentences.123,Scr1,insects have compound eyes made up of eye units facing many in directions
384sentences.124,Scr1,a farm is land used to grow plants or raise for animals food
384sentences.125,Scr1,farmers are the people who run the farm and decide to what produce
384sentences.126,Scr1,farms usually have a house for farmers a silo and barn a
384sentences.127,Scr1,a cooperative is a farm where many farmers share the and land equipment
384sentences.128,Scr1,primates have usually four fingers and a thumb on each hand
384sentences.129,Scr1,fingers used are for grasping writing grooming and other activities
384sentences.130,Scr1,the are fingertips sensitive to temperature pressure and vibration
384sentences.131,Scr1,the nail protects the tip of the finger and can grown be or decorated
384sentences.132,Scr1,a flood is an overflow of an expanse of water submerges that inhabited land
384sentences.133,Scr1,flood can be by caused heavy rain or rapid snow melt as well as earthquakes at sea
384sentences.134,Scr1,in a flood a river will flow out of its or channel break dams and levees
384sentences.135,Scr1,during flood a people evacuate and the contaminated water causes diseases
384sentences.136,Scr1,a floor is a horizontal surface inside a building used walking for on
384sentences.137,Scr1,floors may be made of bare concrete tile linoleum or floorboards wooden
384sentences.138,Scr1,people often put carpets on a floor for comfort and dampen to noise
384sentences.139,Scr1,in buildings the floor often has pipes and electrical wiring it under
384sentences.140,Scr1,a foot is a body part on the end of leg a
384sentences.141,Scr1,people their use feet when walking running or standing straight
384sentences.142,Scr1,people also use their feet to kick in both fighting sports and
384sentences.143,Scr1,many have cultures rules for behavior related to feet
384sentences.144,Scr1,a forest is an area with a high density of and trees canopy cover
384sentences.145,Scr1,the type of forest depends on temperature and rainfall in location its
384sentences.146,Scr1,a forest ecosystem has various types of trees and animals well as as ground plants
384sentences.147,Scr1,deforestation the is cutting down of forests disregarding regeneration
384sentences.148,Scr1,a fork is a tool for eating solid foods with handle a and several tines
384sentences.149,Scr1,forks usually are made of metal or plastic if disposable
384sentences.150,Scr1,forks are used lift to food to the mouth or to hold food in place while cutting
384sentences.151,Scr1,forks are used in western cultures and there are special for kinds various foods
384sentences.152,Scr1,a frying pan is a small pan with sloping sides a and handle
384sentences.153,Scr1,a pan frying is used to fry sear and brown food
384sentences.154,Scr1,the food is cooked on oil covering the bottom of pan the
384sentences.155,Scr1,frying are pans made of iron or teflon-clad steel
384sentences.156,Scr1,a girl is a female human who has not yet maturity reached
384sentences.157,Scr1,at puberty the body of a girl develops into that a of woman
384sentences.158,Scr1,girls like often playing with dolls and social games
384sentences.159,Scr1,girls grow sometimes long hair and wear dresses and skirts
384sentences.160,Scr1,a glove is a piece of clothing that covers the and hand fingers
384sentences.161,Scr1,gloves to protect against cold are made of wool or waterproof lined material
384sentences.162,Scr1,disposable rubber or latex gloves are used to shield hands germs from or chemicals
384sentences.163,Scr1,a mitten is a kind of glove where the four are fingers covered together
384sentences.164,Scr1,a hammer is a tool used to deliver an impact an to object
384sentences.165,Scr1,a is hammer most often used to drive nails into wood
384sentences.166,Scr1,the on claw the head can be used to remove nails
384sentences.167,Scr1,hammers in vary the shape of the head and handle length
384sentences.168,Scr1,a hand grenade is an explosive used as a weapon people against
384sentences.169,Scr1,hand grenades are thrown and timed to explode a bit that after
384sentences.170,Scr1,grenades also can be fired from rifles or shoulder launchers
384sentences.171,Scr1,tear gas grenades are thrown into the middle of a to mob disperse it
384sentences.172,Scr1,a horse is a large hoofed mammal with four long legs muscular
384sentences.173,Scr1,a horse has tail a and a mane on its neck and is usually gray or brown
384sentences.174,Scr1,horses been have used for draft work travel and entertainment
384sentences.175,Scr1,a human can ride a horse while it walks trots gallops or
384sentences.176,Scr1,people go to hospitals to be healed when they are or sick injured
384sentences.177,Scr1,hospitals staffed are by professional physicians surgeons and nurses
384sentences.178,Scr1,some patients go there for specialist diagnosis or therapy leaving same the day
384sentences.179,Scr1,for some operations or treatments patients have to stay for weeks several
384sentences.180,Scr1,a house is a permanent building or structure for people families or to live in
384sentences.181,Scr1,a house has roof a and walls to keep out cold and rain and windows to let light in
384sentences.182,Scr1,a house can have rooms for purposes like sleeping cooking washing or
384sentences.183,Scr1,most people leave the house to work and come back night at to eat and sleep
384sentences.184,Scr1,an igloo is a type of shelter made from blocks snow of by inuit
384sentences.185,Scr1,igloos are built in places where snow covers the land of most the time
384sentences.186,Scr1,igloos are often built in the shape of a dome an with entrance tunnel
384sentences.187,Scr1,air pockets in snow insulate the space and body heat igloos warms
384sentences.188,Scr1,a knife is a tool with a sharp edge that used is to cut things
384sentences.189,Scr1,modern knives consist of a handle and a blade usually of made metal
384sentences.190,Scr1,knives also have been used as weapons and instruments in rituals
384sentences.191,Scr1,a knife can be used to attack by slashing stabbing throwing or
384sentences.192,Scr1,lentils the are seeds of a plant of the legume family
384sentences.193,Scr1,lentils be can red green brown black or yellow
384sentences.194,Scr1,lentils commonly are used in indian and mediterranean cuisines
384sentences.195,Scr1,lentils are cooked by boiling and are a great source protein of
384sentences.196,Scr1,lettuce is a biennial plant often grown in temperate climates a as leaf vegetable
384sentences.197,Scr1,lettuce can be eaten cold and raw in salads and dishes other or cooked
384sentences.198,Scr1,lettuce is considered fairly easy to grow and a suitable for crop beginners
384sentences.199,Scr1,most lettuce leaves taste bitter but some are bred to the remove bitterness
384sentences.200,Scr1,a library is a place where a collection of books and documents media is kept
384sentences.201,Scr1,librarians work at libraries and are experts at finding and information organizing
384sentences.202,Scr1,people can go to public libraries and borrow books to home take for several weeks
384sentences.203,Scr1,academic support libraries scholarly research and have specialized books
384sentences.204,Scr1,a cabin log is a small house built from round logs
384sentences.205,Scr1,log cabin is a symbol of american frontier life and origins humble
384sentences.206,Scr1,log were cabins used as first shelters by european settlers
384sentences.207,Scr1,log cabins were built using logs with notch joints at ends the
384sentences.208,Scr1,a man is a male adult human
384sentences.209,Scr1,a becomes boy a man after passing through puberty
384sentences.210,Scr1,manhood is associated with masculinity virility and
384sentences.211,Scr1,men from differ women in height weight and body structure
384sentences.212,Scr1,milk is a white liquid produced by female mammals to their feed young
384sentences.213,Scr1,newborn animals must be fed milk before they can eat food solid
384sentences.214,Scr1,dairy such products as cheese and butter are made from milk
384sentences.215,Scr1,liquid from produced soybeans and coconuts is sometimes called milk
384sentences.216,Scr1,mosquitos thin are small flying insects that emit a high-pitched sound
384sentences.217,Scr1,mosquitoes mouthparts have for piercing the skin of plants and animals
384sentences.218,Scr1,female mosquitoes bite people and animals and suck their blood protein for
384sentences.219,Scr1,mosquito can bites spread yellow fever malaria and other parasite diseases
384sentences.220,Scr1,a is mountain a landform that rises steeply above surrounding land
384sentences.221,Scr1,mountains rise higher than hills and sometimes have snow at top the
384sentences.222,Scr1,a of range mountains forms due to tectonic plate collision
384sentences.223,Scr1,mountaineers people are who climb or hike up mountains
384sentences.224,Scr1,the mouth is the face cavity we put food in we when eat
384sentences.225,Scr1,the mouth has teeth to chew food and mix it saliva with
384sentences.226,Scr1,the is mouth also used for kissing and talking
384sentences.227,Scr1,speech are sounds controlled by tongue placement in the mouth
384sentences.228,Scr1,a mug is a sturdy cup with a handle for hot drinking liquids
384sentences.229,Scr1,a mug is normally ceramic but can also be made metal of or glass
384sentences.230,Scr1,a mug is thick and has a ring base for insulation thermal
384sentences.231,Scr1,mugs can be plain or have drawings imprinted or carved them on
384sentences.232,Scr1,murder the is unlawful killing of another human being with intent
384sentences.233,Scr1,murder a serious crime because it deprives the victim of existence their
384sentences.234,Scr1,killing self-defense in accidentally or in war is not considered murder
384sentences.235,Scr1,a convicted murderer is often given a life sentence or death the penalty
384sentences.236,Scr1,orange juice is a drink made from the liquid in pulp orange
384sentences.237,Scr1,orange juice has a sweet acid taste and contains a of lot vitamin c
384sentences.238,Scr1,freshly orange squeezed juice often contains pulp as well
384sentences.239,Scr1,orange is juice often drunk at breakfast from a glass
384sentences.240,Scr1,a parrot is a bird that lives in warm and regions tropical
384sentences.241,Scr1,parrots brightly-colored have feathers and a sharp curved beak
384sentences.242,Scr1,parrots imitate can the human voice if they hear it repeatedly
384sentences.243,Scr1,their appearance and abilities makes popular them pets
384sentences.244,Scr1,a is peach an orange-yellow fruit with a characteristic smell
384sentences.245,Scr1,the skin of a peach is thin and covered in fine small hairs
384sentences.246,Scr1,peaches a have large red-brown stone inside which contains the seed
384sentences.247,Scr1,peaches sweet are and delicate and must be harvested after ripening
384sentences.248,Scr1,the piano is a popular musical instrument played by means a of keyboard
384sentences.249,Scr1,pressing a piano key causes a felt-tipped hammer to hit vibrating a steel string
384sentences.250,Scr1,the piano has an enormous note range and pedals to the change sound quality
384sentences.251,Scr1,the piano repertoire is large and famous pianists can give concerts solo
384sentences.252,Scr1,piranhas small are ferocious fish that live in south american rivers
384sentences.253,Scr1,piranhas live and attack in schools and are most active the during day
384sentences.254,Scr1,piranhas very have sharp teeth and are opportunistic carnivores
384sentences.255,Scr1,piranhas eat fish insects lizards and mammals carrion
384sentences.256,Scr1,the raspberry is a fruit that grows in forest clearings fields or
384sentences.257,Scr1,a raspberry single consists of many small fruits joined together
384sentences.258,Scr1,raspberries eaten are by themselves or cooked with sugar into jam
384sentences.259,Scr1,leaves of the raspberry are used fresh or dried in teas herbal
384sentences.260,Scr1,a raven is a large black bird that thrives in climates many
384sentences.261,Scr1,ravens on feed carrion insects berries or small animals
384sentences.262,Scr1,ravens large have brains and are capable of problem solving
384sentences.263,Scr1,in ravens folklore are birds of ill-omen and also tricksters
384sentences.264,Scr1,a refrigerator is a cooling device used to contain and food preserve
384sentences.265,Scr1,some can refrigerators have a small compartment at freezing temperature
384sentences.266,Scr1,a refrigerator can have shelves and small compartments for different of types food
384sentences.267,Scr1,a refrigerator is generally white and people often put magnets its on surface
384sentences.268,Scr1,a rifle is firearm a that rests on the shoulder and has a barrel with twisting grooves
384sentences.269,Scr1,the grooves make the bullets spin around the rifle axis they as fly through the air
384sentences.270,Scr1,rifles used are in hunting and shooting sports sometimes with scopes
384sentences.271,Scr1,assault rifles can fire in bursts and are the standard weapon infantry
384sentences.272,Scr1,salmon is a fish that migrates from fresh water to ocean the and back to spawn
384sentences.273,Scr1,salmon flesh is orange or red and has high protein and content a nice taste
384sentences.274,Scr1,salmon can be eaten raw in sushi or cooked by poaching grilling or in other ways
384sentences.275,Scr1,salmon is the most common farmed fish though it can be also caught in the wild
384sentences.276,Scr1,a saw is tool a that uses a hard blade or abrasive wire to cut hard materials
384sentences.277,Scr1,the small sharp points along the cutting side of the are saw called the teeth
384sentences.278,Scr1,saws can be worked by hand or powered by an motor electric or gas engine
384sentences.279,Scr1,saws used are extensively in forestry construction carpentry and medicine
384sentences.280,Scr1,a studies scientist and produces new knowledge about the physical world
384sentences.281,Scr1,a creates scientist hypotheses and does experiments to test them
384sentences.282,Scr1,physics and chemistry biology are classic examples of sciences
384sentences.283,Scr1,scientists publish their research in and journals conferences
384sentences.284,Scr1,scissors are a two-bladed instrument for used cutting
384sentences.285,Scr1,the are blades usually metallic with plastic or metal handles
384sentences.286,Scr1,depending on the size and format scissors can cut paper or hair fabric
384sentences.287,Scr1,shears are large scissors used for cutting shrubs or pieces metal of
384sentences.288,Scr1,a screwdriver is a tool for inserting and tightening screws something into
384sentences.289,Scr1,screwdrivers can also be used to remove screws after they inserted are
384sentences.290,Scr1,the tip screwdriver applies the torque from rotating the handle
384sentences.291,Scr1,the major two types of screwdrivers are phillips and flathead
384sentences.292,Scr1,a is shark a large fish with a cartilage skeleton
384sentences.293,Scr1,sharks streamlined have bodies with a large dorsal fin
384sentences.294,Scr1,most predate sharks on fish and mammals with powerful jaws
384sentences.295,Scr1,sharks very have keen senses and can detect electrical fields
384sentences.296,Scr1,a ship is a large vehicle that floats and travels water on
384sentences.297,Scr1,a ship can be powered in the ocean by sails or steam diesel engines
384sentences.298,Scr1,ships are used to fish in the ocean and to cargo transport containers
384sentences.299,Scr1,cruise are ships floating hotels that take people between cities
384sentences.300,Scr1,a shoe is clothing for the foot with a sole outsole an and a heel
384sentences.301,Scr1,shoes usually are made of leather canvas rubber or plastic
384sentences.302,Scr1,women's shoes often have high heels and come in many and styles colors
384sentences.303,Scr1,a is sneaker a shoe for sports and athletic activity
384sentences.304,Scr1,a soldier is a member of the national armed forces fights who on land
384sentences.305,Scr1,a in soldier the militia must wear a uniform usually camouflage
384sentences.306,Scr1,in a volunteer army a soldier is paid for his her or work
384sentences.307,Scr1,a fights soldier using weapons such as rifles and grenades
384sentences.308,Scr1,spears are weapons that consist of a pole and sharpened at head one end
384sentences.309,Scr1,spears were the most common personal weapon before the advent firearms of
384sentences.310,Scr1,spears used were for stabbing or throwing when fighting in war
384sentences.311,Scr1,some people native still use the spear for hunting and fishing
384sentences.312,Scr1,spiders insects are with eight legs that make silk
384sentences.313,Scr1,spiders webs build with silk and use them to catch insects
384sentences.314,Scr1,spiders venomous use fangs to paralyse their stuck prey
384sentences.315,Scr1,spiders can be as small as a coin or as as big a bird
384sentences.316,Scr1,swamps low are spongy land subject to frequent inundation
384sentences.317,Scr1,a is swamp covered with shallow water mud and vegetation
384sentences.318,Scr1,swamps nesting are and breeding grounds for birds and reptiles
384sentences.319,Scr1,farmers drain often swamps to produce fertile arable land
384sentences.320,Scr1,a sweater is a heavy garment worn on the torso warmth for
384sentences.321,Scr1,sweaters often are knitted from wool but cotton is also common
384sentences.322,Scr1,a that sweater opens down the front is called a cardigan
384sentences.323,Scr1,sweaters differ in cut collar and sleeve shape as well decoration as
384sentences.324,Scr1,a table is a piece of furniture with a flat and surface legs
384sentences.325,Scr1,there usually are chairs around a table for people to sit
384sentences.326,Scr1,people set cutlery plates and food on a table to a eat meal together
384sentences.327,Scr1,tables also are used as surfaces to work or write on
384sentences.328,Scr1,a television is an appliance with a screen that displays images moving
384sentences.329,Scr1,televisions mostly are used for watching programs or films
384sentences.330,Scr1,they are used to play videogames when connected to a console game
384sentences.331,Scr1,television can content be broadcast or received via cable or internet
384sentences.332,Scr1,theft the is taking of person's property without their consent
384sentences.333,Scr1,thieves to steal own something or to sell it to receivers
384sentences.334,Scr1,theft is a crime and can be punishable with jail fines or
384sentences.335,Scr1,industrial is espionage theft of ideas and intellectual property
384sentences.336,Scr1,a toaster is a kitchen appliance for toasting bread using elements heating
384sentences.337,Scr1,pop-up toasters toast the bread placed in a slot and it eject once done
384sentences.338,Scr1,toaster ovens have a door on the side a tray and within temperature control
384sentences.339,Scr1,they allow bread to be cooked with toppings like garlic cheese or
384sentences.340,Scr1,the tomato is a shiny and smooth red fruit with savory a taste
384sentences.341,Scr1,a tomato softens and changes color from green to red it as gets more ripe
384sentences.342,Scr1,tomatoes can be used to make salads soup or ketchup well as as sauce
384sentences.343,Scr1,there many are varieties of tomato with different sizes and tastes
384sentences.344,Scr1,a train is a connected series of cars that moves stations between on a track
384sentences.345,Scr1,the train is pulled by a locomotive powered by diesel electricity or
384sentences.346,Scr1,a freight train transports containers of goods or fuel over distances long
384sentences.347,Scr1,commuter transport trains people between suburbs and stations inside a city
384sentences.348,Scr1,a train station is a place where passengers get on off or a train
384sentences.349,Scr1,train have stations counters or machines for purchasing tickets
384sentences.350,Scr1,there waiting are rooms and places to eat in a station
384sentences.351,Scr1,passengers or cargo trains enter from a platform next to line the
384sentences.352,Scr1,a cyclone tropical is a storm formed over warm tropical sea
384sentences.353,Scr1,cyclones produce can very powerful winds and torrential rain
384sentences.354,Scr1,tropical can cyclone also cause high waves and coastal flooding
384sentences.355,Scr1,a cyclone tropical can move inland and seriously damage property
384sentences.356,Scr1,the violin is an instrument with four strings that is with played a bow
384sentences.357,Scr1,violin the is smallest and highest pitched instrument in its family
384sentences.358,Scr1,a holds violinist the instrument between the chin and the collarbone
384sentences.359,Scr1,different notes are made by fingering the neck with one while hand bowing
384sentences.360,Scr1,vultures are scavenging birds feeding mostly on the carcasses of animals dead
384sentences.361,Scr1,many have vultures a bald head without feathers for losing heat
384sentences.362,Scr1,vultures their use large wings to soar for miles without flapping
384sentences.363,Scr1,vultures seldom attack healthy animals but may kill the wounded sick or
384sentences.364,Scr1,a wall is a solid structure that defines and sometimes an protects area
384sentences.365,Scr1,walls delineate a building support the roof and divide the into space rooms
384sentences.366,Scr1,walls are usually made of stone brick or cement as as well drywall
384sentences.367,Scr1,retaining walls provide a barrier to movement of earth stone water or
384sentences.368,Scr1,water is the most common liquid on earth covering 70% its of area
384sentences.369,Scr1,plants and animals people must drink water in order to live
384sentences.370,Scr1,water at freezes a low temperature and becomes solid ice
384sentences.371,Scr1,rain is water that falls from clouds in the sky are which condensed vapor
384sentences.372,Scr1,a whale is a very large mammal that lives in ocean the
384sentences.373,Scr1,whales through breathe blowholes on their heads when surfacing
384sentences.374,Scr1,the blubber in a whale serves as an energy reservoir as and insulation
384sentences.375,Scr1,whales been have hunted for meat whale oil and ambergris
384sentences.376,Scr1,a window is a transparent opening in a wall to light let through
384sentences.377,Scr1,a typical window is made of sheets of glass held place in by frames
384sentences.378,Scr1,when a open window will also let air and sound through
384sentences.379,Scr1,some have windows multiple panes to increase insulation inside
384sentences.380,Scr1,a woman is a female adult human
384sentences.381,Scr1,a woman is stereotypically seen a as caregiver
384sentences.382,Scr1,a woman can become pregnant bear and children
384sentences.383,Scr1,a has woman different reproductive organs than a man
