243sentences.0,Scr1,beekeeping encourages the conservation of habitats local.,19.18576705681571
243sentences.1,Scr1,it is in every beekeeper's interest to conserve local plants produce that pollen.,34.03580967530364
243sentences.2,Scr1,as a passive of form agriculture it does not require that native vegetation be cleared to make way for crops.,76.6933500493926
243sentences.3,Scr1,beekeepers also discourage the use of pesticides on crops because could they kill the honeybees.,49.58971799164271
243sentences.4,Scr1,artisanal beekeepers go to extremes for their craft but their is product worth the effort.,41.529206870746755
243sentences.5,Scr1,artisanal emphasizes honey-making quality and character over quantity and consistency.,21.42541395564203
243sentences.6,Scr1,to the produce finest honey beekeepers become micromanagers of their honeybees.,30.697453341414313
243sentences.7,Scr1,they scout the fields know when nectar flows and select best the ways to extract honey.,43.98545446059822
243sentences.8,Scr1,as the beekeeper opens the hive the deep hum of bees 40000 fills the air.,56.78555650659824
243sentences.9,Scr1,the checks beekeeper honey stores pollen supplies and the bee nursery.,27.689291077036692
243sentences.10,Scr1,bees crawl across his bare arms and hands but they sting don't because they're gentle.,58.982581368118986
243sentences.11,Scr1,i have a recurring dream about exams even though i'm longer no in college.,40.1680086352704
243sentences.12,Scr1,in my dream the it's day of my final exam and i suddenly realize i've never gone to class.,47.03156975259188
243sentences.13,Scr1,i've even never done any of the reading assignments.,19.41553154798063
243sentences.14,Scr1,i many know other people who have the same nightmare.,28.53432477568614
243sentences.15,Scr1,each morning participants the in study had to write down their dream experience from the previous night.,55.35784388633925
243sentences.16,Scr1,they recorded if they recalled any dreams and described each and dream its emotional intensity.,24.912906518972342
243sentences.17,Scr1,participants then assigned dream each to a category such as a flying dream a bad dream or a nightmare.,76.97943421372425
243sentences.18,Scr1,every night while we sleep our minds are as active when as we are awake.,50.93832471447419
243sentences.19,Scr1,we dream throughout the night in cycles of about ninety each minutes.,27.968438476762014
243sentences.20,Scr1,images feelings stories and strange combinations of characters and places fill can our dreams.,37.331461729391485
243sentences.21,Scr1,when i decided to start playing cards things went from to bad worse.,33.89152521985307
243sentences.22,Scr1,gambling was something had i to do and i had already spent close to $10000 doing it.,43.91758324239783
243sentences.23,Scr1,my were friends sick of watching me gamble my savings away.,26.79836065392997
243sentences.24,Scr1,the hardest part the was horror of leaving a casino after losing money i did not have.,52.92569791211328
243sentences.25,Scr1,good data on the social and economic effects of legalized are gambling hard to come by.,54.657692467601464
243sentences.26,Scr1,some studies indicate that having a casino nearby makes gambling more problems likely.,47.410778483955646
243sentences.27,Scr1,gambling also may be associated with personal bankruptcies and marriage problems.,41.33162018351591
243sentences.28,Scr1,over the past generation there has been a dramatic expansion legalized of gambling.,49.72611304797066
243sentences.29,Scr1,most have states instituted lotteries and many have casinos as well.,42.967471394945086
243sentences.30,Scr1,gambling has become very big controversial but business.,24.094707214014353
243sentences.31,Scr1,the wind from the hurricane shook the house shattering a in window the kitchen.,44.50836769903891
243sentences.32,Scr1,we ran in grabbed some food slammed the door and the surrendered kitchen to the hurricane.,49.740299931406994
243sentences.33,Scr1,i afraid was our house would be ripped from its foundation.,27.49240671705973
243sentences.34,Scr1,later that night with the wind shaking the house we asleep fell huddled on the sofa.,52.98701009820408
243sentences.35,Scr1,hurricanes can tear limbs off of trees and suck houses their off foundations.,37.50251277541604
243sentences.36,Scr1,they heavy dump rains that can trigger floods and mudslides.,35.200577512197945
243sentences.37,Scr1,hurricanes can also bring a storm surge a wall of water ocean that lurches onto land.,69.4227710028115
243sentences.38,Scr1,scientists several use methods to look for evidence of ancient hurricanes.,33.10214213319946
243sentences.39,Scr1,the strongest storms deposited layers of windblown beach sand at bottoms the of coastal lakes.,76.23572998100452
243sentences.40,Scr1,trees drenched by passing hurricanes preserve a record of each in storm their growth rings.,40.704601860020475
243sentences.41,Scr1,american ice cream is exported around the world but different have countries different preferences.,51.65398868328644
243sentences.42,Scr1,many enjoy people their ice cream flavored with local delicacies.,53.124946648559515
243sentences.43,Scr1,in some tropical places vanilla ice cream is topped with and bananas fresh mangos.,80.02866043249485
243sentences.44,Scr1,i making remember ice cream at home as a child.,29.701288512616287
243sentences.45,Scr1,we poured the mixture cream into a frozen tub then start turning the crank to expose it to the cold.,71.23890682364359
243sentences.46,Scr1,eventually it froze enough that i couldn't turn the hand any crank more.,24.662504834211216
243sentences.47,Scr1,then i put the container of half-frozen ice cream into freezer the to harden.,52.84662911440492
243sentences.48,Scr1,ice cream is mixture a of milk or cream sugar flavorings and up to half whipped-in air.,75.81511957826744
243sentences.49,Scr1,the butterfat in milk and cream is what makes it and smooth silky.,46.513893407661115
243sentences.50,Scr1,high-priced ice premium cream is loaded with butterfat and natural flavorings.,38.572238010305234
243sentences.51,Scr1,when i use the riding lawn mower the uncomfortable chair my makes back hurt.,60.13754611491824
243sentences.52,Scr1,i use the two levers in front of me to the control machine.,30.267469551397674
243sentences.53,Scr1,the sharp blades underneath the lawn mower precisely sever each of blade grass.,50.68135861503861
243sentences.54,Scr1,mowing the lawn is a long task and it has me taught patience.,45.68199246282529
243sentences.55,Scr1,a lawn mower is a machine with revolving blades that grass cut to an even height.,74.16824502710092
243sentences.56,Scr1,the blades may be powered by muscle or the machine have may a motor.,36.926147379641094
243sentences.57,Scr1,the most common power source for lawn mowers is a gas small engine.,54.66446285507398
243sentences.58,Scr1,electric lawnmowers are better for the environment because they do create not emissions.,45.527512125537086
243sentences.59,Scr1,they need also less maintenance and are less expensive to run.,35.08963260622672
243sentences.60,Scr1,electric mowers lawn use as much electricity as an ordinary toaster.,56.2668004400246
243sentences.61,Scr1,astronauts train a long time their for spacewalks.,31.06509083960384
243sentences.62,Scr1,much of their training is underwater conducted.,16.221580107125003
243sentences.63,Scr1,they may spend to 8 10 hours in the pool for every hour they will spend floating in space.,65.65583896103914
243sentences.64,Scr1,astronauts practice to able be to perform construction and repair work on the outside of the space station.,73.96126545435074
243sentences.65,Scr1,the commanders of shuttle flights are always pilots and many backgrounds have as military test pilots.,49.167657094767236
243sentences.66,Scr1,other astronauts are trained as doctors engineers and scientists who run can experiments in space.,54.72347908691005
243sentences.67,Scr1,early crews were all young men but astronauts now are more much diverse.,41.486485130337684
243sentences.68,Scr1,the team of astronauts floated out together to the exterior the of space shuttle.,39.12282805723433
243sentences.69,Scr1,they carried tools needed to repair the broken part on huge the telescope.,38.487422028863826
243sentences.70,Scr1,one astronaut loosened bolts the on the pipe while the other fitted the replacement part into place.,41.42025164810395
243sentences.71,Scr1,computers have been used in art for a long time experimental by artists.,38.90932544295389
243sentences.72,Scr1,now that computers are more affordable and widespread computer graphics entered have the mainstream art world.,59.91837592266589
243sentences.73,Scr1,some computer science conferences have art exhibitions that showcase the graphics latest technology.,50.450355459835436
243sentences.74,Scr1,brand new conferences have sprung up that are devoted to the bridging two cultures.,46.95342533580129
243sentences.75,Scr1,the computer graphics specialist works with doctors to visualize medical and conditions surgical procedures.,55.38439590868577
243sentences.76,Scr1,she uses digital animation to help doctors understand structures within patient's a body.,47.117979364484455
243sentences.77,Scr1,seeing the internal in structures an animation on a screen is much clearer than squinting at x-rays.,60.54454470888945
243sentences.78,Scr1,modern animation digital is a powerful tool for education.,38.779473529998604
243sentences.79,Scr1,as the field of computer graphics broadens we must ask graphics if actually help students.,44.531158603511926
243sentences.80,Scr1,research does suggest that vivid and engaging digital imagery can effective be in the classroom.,50.407957697705385
243sentences.81,Scr1,the reason he came to law school in the first was place cliche.,37.342148402338516
243sentences.82,Scr1,he wanted to change things the for better.,23.00310874463753
243sentences.83,Scr1,he recalled one at evening law school when he and the program director had pulled an all-nighter.,50.81812058112621
243sentences.84,Scr1,they finally finished drafting a petition for several evicted families sunrise at.,49.915151591579985
243sentences.85,Scr1,over the past four decades the cost of legal education gone has up relentlessly.,55.35540504738759
243sentences.86,Scr1,private law school tuition increased by a factor of four the since 1970s.,44.94810047784379
243sentences.87,Scr1,the market for admission to law school and for new could lawyers eventually crash.,37.13930565932693
243sentences.88,Scr1,law faculty school often have minimal experience in actually practicing law.,37.294544687751625
243sentences.89,Scr1,professors on focus writing law review articles for prestigious journals.,27.89682584428469
243sentences.90,Scr1,law schools often emphasize the theoretical with classes on topics property like law in feudal england.,43.18506581585373
243sentences.91,Scr1,pharmacists are increasingly involved in care preventive.,25.183504427634507
243sentences.92,Scr1,they are becoming front-line health advisers because people go to often pharmacies.,26.642006145446675
243sentences.93,Scr1,pharmacists often are a good source of information about public health.,42.705913779437715
243sentences.94,Scr1,doctors consult with pharmacists because they know a lot about interactions drug and side effects.,55.00212525227361
243sentences.95,Scr1,pharmacists dispense prescription drugs to patients and offer advice about safe the use of medications.,69.91274363685581
243sentences.96,Scr1,they conduct also health and wellness screenings and provide vaccines.,34.75218048677948
243sentences.97,Scr1,pharmacists must have professional degrees and pass two exams in to order be licensed.,46.44999987205406
243sentences.98,Scr1,i think the pharmacy profession chose me as much as chose i to be a pharmacist.,41.37583896967389
243sentences.99,Scr1,i was fascinated by the neatly arranged bottles in pharmacies a as child.,45.47240367673518
243sentences.100,Scr1,i know it's but cliche i love the impact that i have on lives of my patients.,24.596230148882224
243sentences.101,Scr1,each person has his or her own response to potentially situations stressful.,27.379958215544185
243sentences.102,Scr1,one person may be devastated by unemployment while another may working find fulltime stressful.,49.8520398736315
243sentences.103,Scr1,there everyday are stresses like being stuck in traffic.,30.801844576007586
243sentences.104,Scr1,there are also traumatic stresses such as divorce or loss a of child.,43.30176949436442
243sentences.105,Scr1,some can people adapt to different levels of stress.,30.776911192495977
243sentences.106,Scr1,if not dealt with effectively though stress can take a toll real on health.,46.64954392359419
243sentences.107,Scr1,remember that it's your reaction to stress that determines if will it be harmful or beneficial.,56.053962599091115
243sentences.108,Scr1,when company my was downsizing i felt incredibly stressed and worried.,23.1698930447626
243sentences.109,Scr1,my heart would race for no reason and i even dizzy felt at times.,41.24839842504149
243sentences.110,Scr1,then i started taking yoga to try to manage my level stress.,36.11156075668623
243sentences.111,Scr1,the wore man a jet black tuxedo with satin stripes.,53.94526065788646
243sentences.112,Scr1,it made was with rich fabric cut in the latest style.,36.367583188030956
243sentences.113,Scr1,clearly had he it tailored as it fit the man perfectly.,22.56335057831887
243sentences.114,Scr1,it looked like something a professional stylist would have picked for out a formal event.,56.169967175011
243sentences.115,Scr1,while the tuxedo is still preferred today's grooms are making statements personal in wedding attire.,39.682631908420184
243sentences.116,Scr1,shorter jackets are on the cutting edge of wedding fashion men for.,37.06703266209447
243sentences.117,Scr1,grooms are also jazzing up their tuxedos with colorful shirts satin and ties.,61.106078540609595
243sentences.118,Scr1,a tuxedo jacket is a tailless dinner jacket with black lapels silk.,75.20701205676619
243sentences.119,Scr1,black tie trousers should be a perfect match to the jacket tuxedo.,48.75700196346897
243sentences.120,Scr1,the shirt should be always plain white and the tie should be black and match the jacket lapels.,46.89156615455384
243sentences.121,Scr1,the concert pianist went blind adulthood in.,26.090210951516088
243sentences.122,Scr1,her blindness was caused by a genetic condition that slowly the damaged eyes.,39.396613165855634
243sentences.123,Scr1,she told interviewers that being blind was an advantage to pianist a.,32.41909703668843
243sentences.124,Scr1,she had no visual distractions so she could concentrate more on fully her music.,53.683088943012514
243sentences.125,Scr1,the government defines blindness as vision insufficient for the ordinary of activities life.,37.001917035060956
243sentences.126,Scr1,by establishing the parameters of legal blindness resources can be on focused the legally blind.,55.17212860064709
243sentences.127,Scr1,this may overlook those who have vision problems but who not do meet the standard.,46.62605603349844
243sentences.128,Scr1,in developing countries blindness in children is usually caused by disease infectious and nutritional deficiencies.,69.88711262286452
243sentences.129,Scr1,these can causes often be prevented by medicine and vitamin supplements.,30.978590673982627
243sentences.130,Scr1,in developed countries blindness is more likely to be caused genetic by problems.,53.22796674155093
243sentences.131,Scr1,no one really knows exactly how a taste gets from mouth your to your brain.,57.90980450747662
243sentences.132,Scr1,scientists think the process begins when a molecule of food a touches taste bud cell.,42.02137205626071
243sentences.133,Scr1,the cell carries a taste message to taste nerves beneath cell the.,33.83813675572345
243sentences.134,Scr1,it was once believed that each taste bud responded to of one the four basic tastes.,56.48697349796777
243sentences.135,Scr1,that is a bud taste on the tip of the tongue would respond only if you were eating something sweet.,74.40251664815652
243sentences.136,Scr1,scientists now think a that single taste bud can be sensitive to all of the basic tastes.,59.409374935701884
243sentences.137,Scr1,my sense of isn't taste very good so i tend to eat foods with very strong flavors.,55.72194816227645
243sentences.138,Scr1,i like lots hot of sauce and i drink my coffee with no cream so it's very bitter.,56.878032104841246
243sentences.139,Scr1,i can't even taste sweetness well so when i make i cookies add extra sugar.,37.90010809825236
243sentences.140,Scr1,hip are fractures a real problem for aging individuals.,32.274646893713665
243sentences.141,Scr1,patients are faced with the pain of the break and difficult the process of healing.,43.37091431408502
243sentences.142,Scr1,families to have adjust to the patient's loss of independence.,29.191640488472178
243sentences.143,Scr1,and for society hip fractures involve substantial expense and time the in hospital.,43.16032579122302
243sentences.144,Scr1,halfway through the race i heard a sound like someone their snapping fingers.,44.80330321022309
243sentences.145,Scr1,i felt a crunch and i knew instantly that my was foot broken.,24.92168270060718
243sentences.146,Scr1,every step felt like running spikes on.,23.624224946697215
243sentences.147,Scr1,at doctor's the office afterward the x-ray clearly showed the fracture.,15.030400490805201
243sentences.148,Scr1,there a are few different types of bone fracture.,32.58757300802451
243sentences.149,Scr1,in closed or simple fractures the bone is broken but skin the is intact.,50.522731360008855
243sentences.150,Scr1,in open or fractures compound the broken bone has punctured the skin and produced an open wound.,61.63599530447616
243sentences.151,Scr1,new piercings ear can become infected if they're not carefully cleaned.,33.623149614190254
243sentences.152,Scr1,signs infection of include tenderness swelling or redness around the earlobe.,45.053268202591966
243sentences.153,Scr1,if you see these symptoms clean the area and apply ointment some.,39.23560605295456
243sentences.154,Scr1,if the redness and swelling don't go away contact your care health provider.,44.294068633781166
243sentences.155,Scr1,a hospital local has initiated new measures to reduce infections.,30.813085468614073
243sentences.156,Scr1,they have improved hand washing habits and ensured that infected are patients isolated from other patients.,57.787271236251165
243sentences.157,Scr1,the hospital has seen infection rates drop since the new began measures.,27.153726036196254
243sentences.158,Scr1,scrubbing a wound with soap or alcohol delays healing which the increases risk of infection.,47.8760877257322
243sentences.159,Scr1,band-aids can increase the risk of infection by holding in and heat moisture.,34.22470891391679
243sentences.160,Scr1,fortunately most skin infections can easily be treated once they diagnosed are.,55.21606214446595
243sentences.161,Scr1,modern started opera at the end of the sixteenth century.,35.27749306322346
243sentences.162,Scr1,it began as an effort to rediscover and imitate greek performance tragic.,37.69120227380215
243sentences.163,Scr1,early founders of opera chose tales from antiquity for their matter subject.,22.260233935214337
243sentences.164,Scr1,later operas branched out into different sources of stories and traditions musical.,38.18932874990805
243sentences.165,Scr1,opera is an form art in which singers and musicians perform a play that combines words and music.,59.18496550648444
243sentences.166,Scr1,it incorporates many of the elements of spoken theatre such acting as scenery and costumes.,48.00715403025249
243sentences.167,Scr1,performances are typically given in an opera house and accompanied an by orchestra.,48.98505688147169
243sentences.168,Scr1,the opera singer has worked hard to win the role the in new production.,55.293915759856986
243sentences.169,Scr1,her job is not just singing about.,15.714889624309535
243sentences.170,Scr1,acting presence stage and musical interpretation are all critical.,21.373087729834168
243sentences.171,Scr1,but her pure strong voice is certainly the star of show the.,22.237430041663426
243sentences.172,Scr1,a painter must keep many elements in mind while completing painting a.,30.340871734784923
243sentences.173,Scr1,she has to use solid elements of design like strong and composition lighting.,26.44429936376852
243sentences.174,Scr1,she to has execute the brush strokes with skill.,32.23789053469813
243sentences.175,Scr1,most importantly the content of the painting should reveal a of glimpse the painter's soul.,59.81269434298688
243sentences.176,Scr1,long ago painters were employed more as skilled artisans than creative as artists.,55.04739707120359
243sentences.177,Scr1,however prominent painters had the social status of scholars and of members the royal court.,41.23431048699964
243sentences.178,Scr1,they signed their decided work on its subject and imagery and established a personal relationship with their patrons.,51.82985193584159
243sentences.179,Scr1,as a painter learned i to focus less on the actual scene and more on the painting itself.,46.68726176471092
243sentences.180,Scr1,an artist's eye not is a camera lens that has to record everything within its field of vision.,59.564230246675045
243sentences.181,Scr1,i found nature provides useful information but more than is for needed a good painting.,50.39519227285629
243sentences.182,Scr1,the eagle owl is an bird impressive.,27.171023509745485
243sentences.183,Scr1,it ear has tufts that stick up like horns.,22.502223218346646
243sentences.184,Scr1,its large orange eyes are downright creepy and look like could they pierce right through you.,70.3659097255059
243sentences.185,Scr1,this owl hunts at night flying swiftly and silently through darkness the.,46.51363362436286
243sentences.186,Scr1,while owl some species have become endangered others are thriving.,35.11068571827981
243sentences.187,Scr1,the owl barred has spread well beyond its previous habitat.,38.030154456387415
243sentences.188,Scr1,early findings suggest that logging may have facilitated the barred invasion owl's.,36.581438634721835
243sentences.189,Scr1,the owl landed on a thick branch and gripped it her with talons.,45.95314792192013
243sentences.190,Scr1,she pressed her wings to her sides and settled down an half-closing eye.,50.14310425282741
243sentences.191,Scr1,she might have been a statue but for the glow her of eyes.,34.46114991367372
243sentences.192,Scr1,it's unnerving to watch a polar bear stalk across floating ice sea.,46.76791664274537
243sentences.193,Scr1,it's even worse when you are submerged in the frigid directly waters beneath the huge animal.,64.52059145825305
243sentences.194,Scr1,overhead giant paws set down on the ice as the bear polar pursued its prey.,55.66773450426979
243sentences.195,Scr1,as part of film the crew for a polar bear documentary i spent months capturing these shots.,56.006856336275504
243sentences.196,Scr1,polar bears are of one the few animals that will attack people for reasons other than fear or confusion.,56.28306041484938
243sentences.197,Scr1,they may attack out of hunger because they live in food-scarce a environment.,45.08687034188611
243sentences.198,Scr1,they will sneak up on people slowly careful to conserve energy their.,41.648779222289704
243sentences.199,Scr1,the is seal an important part of the polar bear's diet.,43.346132008571395
243sentences.200,Scr1,when hunting they wait will by a seal's breathing hole or stalk seals that are basking on the ice.,52.76997567890869
243sentences.201,Scr1,the polar bear will crawl quietly forward and freeze in when place the seal looks around.,56.4594496487777
243sentences.202,Scr1,the castle medieval was not a structure built primarily for defense.,38.9897506087892
243sentences.203,Scr1,its purpose was to dominate surroundings its.,14.249246534018466
243sentences.204,Scr1,a could castle easily control lands within a day's walk.,30.053199634314453
243sentences.205,Scr1,during times of peasants attack livestock and property could be brought inside the castle's walls for protection.,34.11687371909722
243sentences.206,Scr1,spectacular castles in dramatic locations provide a record of the history stormy of many regions.,53.655696145972954
243sentences.207,Scr1,today they stand atop rocky cliffs overlooking beautiful landscapes and villages quaint.,70.7226519977905
243sentences.208,Scr1,in past the they were home to battles plots and intrigue.,19.78666186793713
243sentences.209,Scr1,upon leaving the station train we saw our hotel looming above a magnificent castle built on a cliff.,74.52330595468753
243sentences.210,Scr1,the thick outside walls sheltered an inner courtyard hundreds of above feet the river.,53.09578732359741
243sentences.211,Scr1,our rooms tower had an incredible but slightly scary view.,32.927017165602024
243sentences.212,Scr1,after climbing fifty up feet the side of the pyramid the man gestured me into a small black entranceway.,66.7808831447499
243sentences.213,Scr1,this into led the chamber at the pyramid's center.,32.422193402830885
243sentences.214,Scr1,i him followed down the steep dark narrow passage.,31.09096560622256
243sentences.215,Scr1,the smell inside the pyramid was chalky and the air thick was.,33.3264353728018
243sentences.216,Scr1,more than just the tomb of the king pyramids represented pride the of the nation.,45.08272458890304
243sentences.217,Scr1,the care that the pyramid builders took in their craft evident is.,31.20863078379345
243sentences.218,Scr1,the stones covering the pyramid were precisely fitted together and until polished the structure gleamed.,50.505351930044576
243sentences.219,Scr1,architects are still working to solve the mysteries of how were pyramids constructed.,47.152993999542794
243sentences.220,Scr1,some think ramps were built inside the pyramid's walls to stone raise blocks.,36.974086702953755
243sentences.221,Scr1,others speculate that ramps zigzagged up the exterior walls of pyramid the.,50.76775565059169
243sentences.222,Scr1,even beginner rock climbing takes and courage strength.,20.66266929433831
243sentences.223,Scr1,climbers who are learning the sport can try scrambling on boulders large.,28.383217905840084
243sentences.224,Scr1,once they're comfortable with that they can begin using ropes safely to climb vertical rock faces.,55.78817339844453
243sentences.225,Scr1,all of the boys on the trip were new to climbing rock.,24.84648941653597
243sentences.226,Scr1,were many afraid of heights.,12.602461362631727
243sentences.227,Scr1,having someone else check their knots and harnesses helped them down calm.,34.578068771850475
243sentences.228,Scr1,the set adults up climbing routes appropriate for beginners.,28.680503495979764
243sentences.229,Scr1,free-climbing is one particular style rock of climbing.,17.949724503070016
243sentences.230,Scr1,the climber relies solely on her skill and physical strength ascend to a rock face.,59.4908362050202
243sentences.231,Scr1,rope and bolts are the equipment only used.,13.634187817349465
243sentences.232,Scr1,they meant are only to stop the climber if she falls.,32.76494505018471
243sentences.233,Scr1,i hesitantly skied down the steep trail that my buddies me convinced to try.,52.42362144405345
243sentences.234,Scr1,i a made bad turn and i found myself tumbling down.,23.957877465772555
243sentences.235,Scr1,i finally came to a stop at a flat part the of slope.,43.031880923258015
243sentences.236,Scr1,my skis were to nowhere be found and my poles were lodged in a snow drift up the hill.,64.105600001929
243sentences.237,Scr1,a major strength of professional skiers is how they use poles ski.,24.64705496074251
243sentences.238,Scr1,proper use of ski poles improves their balance and adds to flair their skiing.,54.165585689038444
243sentences.239,Scr1,it minimizes the need for upper body movements to regain balance lost while skiing.,46.67536346500338
243sentences.240,Scr1,new designs ski and stiffer boots let skiers turn more quickly.,26.099429296539338
243sentences.241,Scr1,but faster and tighter turns increase the twisting force on legs the.,28.307159262591732
243sentences.242,Scr1,this has led to more injuries particularly to ligaments in skier's the knee.,38.566461816645955
384sentences.0,Scr1,an is accordion a portable musical instrument with two keyboards.,41.270207638056114
384sentences.1,Scr1,one is keyboard used for individual notes the other for chords.,29.58766318083993
384sentences.2,Scr1,accordions sound produce with bellows that blow air through reeds.,25.06028867831783
384sentences.3,Scr1,an plays accordionist both keyboards while opening and closing the bellows.,37.93161995908067
384sentences.4,Scr1,an apartment is a self-contained home that is part of building a.,24.207277098813496
384sentences.5,Scr1,an apartment may have one or more rooms as well a as kitchen and a bathroom.,49.694845863462554
384sentences.6,Scr1,some are apartments for single people others for families.,17.023124173877235
384sentences.7,Scr1,the building can have a garage a laundry facility or storage extra space.,45.540484428710734
384sentences.8,Scr1,an apple is a fruit that can be green red yellow or.,32.7878021042289
384sentences.9,Scr1,apples thin have skin a crisp sweet pulp and seeds inside.,38.59411056622374
384sentences.10,Scr1,some tart very apples are used to make cider.,38.936322602756945
384sentences.11,Scr1,apples be can eaten raw roasted or baked in pies.,46.06783001215718
384sentences.12,Scr1,arson the is criminal act of burning a building or wildland.,33.028046789832416
384sentences.13,Scr1,a fire investigation determines if a fire was caused by or accident arson.,38.864402572040696
384sentences.14,Scr1,arson can be done to cause damage to others or insurance collect.,38.68350471021019
384sentences.15,Scr1,the of severity the crime depends on whether people were harmed.,37.97239094726394
384sentences.16,Scr1,an or automobile car is a wheeled vehicle for transporting passengers.,54.45461412205558
384sentences.17,Scr1,a can car be powered by a gasoline or electric engine.,35.794191100379074
384sentences.18,Scr1,the steers driver the car on roads other passengers just sit.,38.31677791017142
384sentences.19,Scr1,automobiles vary in size number of doors and the type trunk of.,33.237019080701266
384sentences.20,Scr1,the is axe a tool used to split and cut wood.,24.471069661677316
384sentences.21,Scr1,the usually axe consists of a head attached to a handle.,25.535286841218607
384sentences.22,Scr1,historically heads axe were made of stone and then metal.,20.708963267286542
384sentences.23,Scr1,axes used are by woodcutters and firemen entering buildings.,33.8474939497778
384sentences.24,Scr1,a banana is a long fruit that grows in bunchs a with soft edible inside.,47.694624791730845
384sentences.25,Scr1,a banana when ripe can be yellow purple or red have and small brown spots.,53.950881340615005
384sentences.26,Scr1,the producers greatest are tropical countries such as india or ecuador.,42.32948532991086
384sentences.27,Scr1,unripe bananas and plantains are staple foods and often cooked potatoes like.,59.462337431471965
384sentences.28,Scr1,a bed is piece a of furniture used as a place to sleep or have sex in.,47.4881433670748
384sentences.29,Scr1,a bed is made of a mattress and a box plus spring sheets pillows and covers.,41.86251290483356
384sentences.30,Scr1,in waterbeds the mattress is filled with water and in it airbeds is filled with air.,48.21060585260183
384sentences.31,Scr1,another type of bed is the hammock a fabric sling above suspended the ground.,47.47920973094191
384sentences.32,Scr1,a bee is a flying insect with a black and body yellow and six legs.,50.13873443206272
384sentences.33,Scr1,bees spread pollen between flowers as they collect nectar to honey make.,42.49946199619236
384sentences.34,Scr1,bees are social insects and live together in a colony in located a hive.,58.23498882740357
384sentences.35,Scr1,many have bees stingers and can attack if they feel threatened.,29.265624213583695
384sentences.36,Scr1,a bicycle is a vehicle with two wheels and pedals a on frame.,40.59172587647659
384sentences.37,Scr1,a bicycle is propelled by the pedalling of a cyclist the on saddle.,42.59034332675177
384sentences.38,Scr1,the wheels have rubber tires with an inner tube full air of.,45.153995653406554
384sentences.39,Scr1,people use bicycles for transportation and recreation racing.,20.979440590606295
384sentences.40,Scr1,a creates blacksmith objects by forging iron or steel.,29.869745169338284
384sentences.41,Scr1,a blacksmith hammers and bends hot iron on an anvil change to its shape.,54.8352609970407
384sentences.42,Scr1,blacksmiths a wears thick apron and handle the metal with tongs.,36.07055341662917
384sentences.43,Scr1,blacksmiths objects make like weapons horse shoes or iron furniture.,24.09622795224594
384sentences.44,Scr1,a blender is a kitchen appliance used to mix ingredients puree or food.,56.762196105473635
384sentences.45,Scr1,blenders have a glass or plastic container with a rotating in blade the bottom.,65.31664127109495
384sentences.46,Scr1,blenders used are to make milk shakes and fruit smoothies.,39.99882638723385
384sentences.47,Scr1,blenders are also used to make cold alcoholic drinks with ice crushed.,54.39976383656188
384sentences.48,Scr1,a boy is a young male child who has not puberty undergone.,52.79366335041452
384sentences.49,Scr1,the is term used to indicate sex distinctions relative to girls.,35.089883069850174
384sentences.50,Scr1,traditionally boys like to play rough games and fight with other each.,38.078600299539104
384sentences.51,Scr1,an adult male behaving immaturely is often referred to as boy a.,53.46700394846443
384sentences.52,Scr1,broccoli is a plant in cabbage the family.,24.05791462517509
384sentences.53,Scr1,broccoli a has green flower head and a thick tough stalk.,31.55495296086351
384sentences.54,Scr1,broccoli high is in vitamins fiber and other nutrients.,15.15958732827314
384sentences.55,Scr1,broccoli can be boiled stir-fried eaten or raw.,21.979936405730218
384sentences.56,Scr1,a is butterfly a flying insect with four large wings.,38.5625137551787
384sentences.57,Scr1,the of wings butterflies can be very colorful and patterned.,29.519992242796246
384sentences.58,Scr1,metamorphosis the is transformation of a caterpillar into a butterfly.,31.8826909332485
384sentences.59,Scr1,some collect people butterflies because of their colorful wings.,32.541992390071655
384sentences.60,Scr1,a carpenter is an artist or manual laborer who works wood with.,46.322819534674544
384sentences.61,Scr1,carpenters and build repair houses furniture boats and other objects.,38.34307172539131
384sentences.62,Scr1,carpenters tools use such as hammers saws pliers and planes.,35.33913614866064
384sentences.63,Scr1,a is luthier a carpenter that makes and repairs musical instruments.,33.78693900595
384sentences.64,Scr1,cats small are furry animals with four legs and a tail.,44.490840056122735
384sentences.65,Scr1,cats to like groom themselves by licking their fur.,34.342679282972924
384sentences.66,Scr1,cats can hunt mice or birds but are often fed their by owners.,45.70696728651879
384sentences.67,Scr1,the of claws cats are retractable so that they keep sharp.,32.41574847461123
384sentences.68,Scr1,a chair is a piece of furniture designed for people sit to on.,48.77957032601628
384sentences.69,Scr1,chairs consist of a seat raised above floor level supported legs by.,40.88058606500616
384sentences.70,Scr1,chairs can also have back and arm rests as well a as cushion.,43.26542577656398
384sentences.71,Scr1,seats are fixed chairs located in vehicles or in places cinemas like.,39.25060214404939
384sentences.72,Scr1,a clarinet is a woodwind instrument musical.,29.42877592991759
384sentences.73,Scr1,a clarinet is a long black tube with a flare the at bottom.,42.77195421906557
384sentences.74,Scr1,the chooses player notes by pressing keys and holes.,26.707443568790573
384sentences.75,Scr1,the is clarinet used both in jazz and classical music.,28.076849510536054
384sentences.76,Scr1,a cod is a fish that lives in the colder of areas the atlantic.,39.68587407811767
384sentences.77,Scr1,cod is flesh white and mild-tasting and flakes easily when cooked.,32.959283808780505
384sentences.78,Scr1,fresh cod is used for fish and chips salted cod elaborate for dishes.,45.25255888497389
384sentences.79,Scr1,cod has been caught salted and traded since the time the of vikings.,39.13689034168411
384sentences.80,Scr1,coffee is made from coffee beans the seeds of the plant coffee.,41.12080194767639
384sentences.81,Scr1,coffee is a popular drink in many countries and usually hot served.,31.16351867877944
384sentences.82,Scr1,coffee a contains mild drug called caffeine that keeps people awake.,34.66834297945388
384sentences.83,Scr1,coffee is the world's seventh-largest agricultural legal export.,15.339630108657225
384sentences.84,Scr1,a is desert a natural environment where almost no rain falls.,34.37886051826257
384sentences.85,Scr1,hot are deserts usually filled with sand dunes or rocks.,54.98832280307462
384sentences.86,Scr1,some and animals plants have adapted to live in deserts.,35.41837067230288
384sentences.87,Scr1,the hot biggest desert is the sahara in northern africa.,24.781164402253676
384sentences.88,Scr1,a desk is a piece of furniture used for working sometimes at with a computer.,46.55538518016014
384sentences.89,Scr1,a desk has a flat surface and can be made wood of plastic or metal.,46.358684256380144
384sentences.90,Scr1,a may desk have drawers to store supplies and papers.,32.2801530759033
384sentences.91,Scr1,a cubicle consists of a desk surrounded by partitions on sides three.,25.984192352355336
384sentences.92,Scr1,a door is a movable barrier to entrance or exit an from enclosed area.,52.13380662183041
384sentences.93,Scr1,most doors have locks to control who gets to pass them through.,28.43744819291002
384sentences.94,Scr1,most doors are opened by pushing or pulling a handle they after are unlocked.,40.94750791123139
384sentences.95,Scr1,other types of doors can slide or consist of a chamber revolving.,31.762642302371262
384sentences.96,Scr1,a is dress a piece of clothing that women sometimes wear.,29.557243400745765
384sentences.97,Scr1,a dress is like a shirt attached to a long skirt matching.,36.94566489091297
384sentences.98,Scr1,a dress is usually worn at formal occasions such as wedding a or a dance.,48.993333722508694
384sentences.99,Scr1,it can be hard to climb stairs or ride a in bike a dress.,61.05241177815371
384sentences.100,Scr1,drunk driving is the act of driving under the effects alcohol of.,36.386045373242304
384sentences.101,Scr1,drunk driving of any vehicle is a crime in most the of world.,44.8694564506229
384sentences.102,Scr1,it a plays role in almost half of all vehicle-related deaths.,40.98413582426825
384sentences.103,Scr1,drunk are drivers caught by field sobriety and breathing tests.,36.45749179100264
384sentences.104,Scr1,a drought is a persistent shortage of the water supply by caused lack of rain.,61.81516933773355
384sentences.105,Scr1,drought cause will crops and plants to stop growing and die.,25.93230885075074
384sentences.106,Scr1,extreme will drought eventually turn areas into desert and cause famine.,33.167811828707755
384sentences.107,Scr1,large of numbers people have to migrate away from dust bowls.,47.051742961877125
384sentences.108,Scr1,eagles are large birds of prey that hunt during the and day have very good eyesight.,49.23573869090713
384sentences.109,Scr1,eagles have hooked beaks for tearing flesh strong legs and talons sharp.,51.258200779022204
384sentences.110,Scr1,eagles live in eyries and some species eat fish and small others mammals.,45.20748479002953
384sentences.111,Scr1,the bald eagle a has bright white head and is the national bird of the united states.,56.87829368054668
384sentences.112,Scr1,earthquakes shake the ground and can knock down buildings and structures other.,33.99847899989916
384sentences.113,Scr1,the can shaking also trigger landslides and volcanic activity.,25.47154282958094
384sentences.114,Scr1,most earthquakes are caused by the release of energy in earth's the crust.,57.813452642974056
384sentences.115,Scr1,an earthquake at sea can displace the seabed and cause tsunami a.,31.46487923558765
384sentences.116,Scr1,elephants the are largest kind of land mammal weighing several tons.,37.7764499134111
384sentences.117,Scr1,an elephant has a long nose called a trunk which grab can things or food.,40.17822338788805
384sentences.118,Scr1,the elephant has a pair of ivory tusks for moving or objects digging into trees.,60.119041291745866
384sentences.119,Scr1,the elephant flaps its large ears to cool the blood them in and its body.,41.179462816884765
384sentences.120,Scr1,the eye is an organ for sensing light and coding for it the visual cortex.,47.85018986554771
384sentences.121,Scr1,most animals have complex eyes which can detect color motion texture and.,26.386269919830724
384sentences.122,Scr1,the fovea is the center of the human eye and most the sensitive part of it.,59.58878605929853
384sentences.123,Scr1,insects have compound eyes made up of eye units facing many in directions.,26.953253232202492
384sentences.124,Scr1,a farm is land used to grow plants or raise for animals food.,43.89591205284342
384sentences.125,Scr1,farmers are the people who run the farm and decide to what produce.,37.27328588960589
384sentences.126,Scr1,farms usually have a house for farmers a silo and barn a.,30.8415182499578
384sentences.127,Scr1,a cooperative is a farm where many farmers share the and land equipment.,39.83589859127727
384sentences.128,Scr1,primates have usually four fingers and a thumb on each hand.,29.48920628288928
384sentences.129,Scr1,fingers used are for grasping writing grooming and other activities.,25.238064793817987
384sentences.130,Scr1,the are fingertips sensitive to temperature pressure and vibration.,26.368351429430014
384sentences.131,Scr1,the nail protects the tip of the finger and can grown be or decorated.,39.65623109433575
384sentences.132,Scr1,a flood is an overflow of an expanse of water submerges that inhabited land.,52.33020006439162
384sentences.133,Scr1,flood can be by caused heavy rain or rapid snow melt as well as earthquakes at sea.,70.59034924386724
384sentences.134,Scr1,in a flood a river will flow out of its or channel break dams and levees.,54.619409140287424
384sentences.135,Scr1,during flood a people evacuate and the contaminated water causes diseases.,28.693472290776167
384sentences.136,Scr1,a floor is a horizontal surface inside a building used walking for on.,35.51873385510084
384sentences.137,Scr1,floors may be made of bare concrete tile linoleum or floorboards wooden.,54.89449489699041
384sentences.138,Scr1,people often put carpets on a floor for comfort and dampen to noise.,37.286368886149134
384sentences.139,Scr1,in buildings the floor often has pipes and electrical wiring it under.,34.8009932304584
384sentences.140,Scr1,a foot is a body part on the end of leg a.,34.27045144525799
384sentences.141,Scr1,people their use feet when walking running or standing straight.,23.27768997565363
384sentences.142,Scr1,people also use their feet to kick in both fighting sports and.,26.78880115715337
384sentences.143,Scr1,many have cultures rules for behavior related to feet.,23.389706429411582
384sentences.144,Scr1,a forest is an area with a high density of and trees canopy cover.,53.49571081063937
384sentences.145,Scr1,the type of forest depends on temperature and rainfall in location its.,34.521537200288456
384sentences.146,Scr1,a forest ecosystem has various types of trees and animals well as as ground plants.,54.70649852628494
384sentences.147,Scr1,deforestation the is cutting down of forests disregarding regeneration.,23.388662067430797
384sentences.148,Scr1,a fork is a tool for eating solid foods with handle a and several tines.,58.66173138712222
384sentences.149,Scr1,forks usually are made of metal or plastic if disposable.,29.148213255745514
384sentences.150,Scr1,forks are used lift to food to the mouth or to hold food in place while cutting.,39.30757080136083
384sentences.151,Scr1,forks are used in western cultures and there are special for kinds various foods.,49.62784755531692
384sentences.152,Scr1,a frying pan is a small pan with sloping sides a and handle.,61.72592765430793
384sentences.153,Scr1,a pan frying is used to fry sear and brown food.,46.94629829928972
384sentences.154,Scr1,the food is cooked on oil covering the bottom of pan the.,41.789308693958475
384sentences.155,Scr1,frying are pans made of iron or teflon-clad steel.,39.31080365700191
384sentences.156,Scr1,a girl is a female human who has not yet maturity reached.,39.57307920521116
384sentences.157,Scr1,at puberty the body of a girl develops into that a of woman.,39.69344114973547
384sentences.158,Scr1,girls like often playing with dolls and social games.,28.368962921300763
384sentences.159,Scr1,girls grow sometimes long hair and wear dresses and skirts.,40.70382560109132
384sentences.160,Scr1,a glove is a piece of clothing that covers the and hand fingers.,39.16034981416163
384sentences.161,Scr1,gloves to protect against cold are made of wool or waterproof lined material.,44.71509380741167
384sentences.162,Scr1,disposable rubber or latex gloves are used to shield hands germs from or chemicals.,63.77583679464441
384sentences.163,Scr1,a mitten is a kind of glove where the four are fingers covered together.,41.205309989857106
384sentences.164,Scr1,a hammer is a tool used to deliver an impact an to object.,45.35564814726032
384sentences.165,Scr1,a is hammer most often used to drive nails into wood.,41.894010102646824
384sentences.166,Scr1,the on claw the head can be used to remove nails.,35.2156285027769
384sentences.167,Scr1,hammers in vary the shape of the head and handle length.,31.541108896663285
384sentences.168,Scr1,a hand grenade is an explosive used as a weapon people against.,38.54891258357997
384sentences.169,Scr1,hand grenades are thrown and timed to explode a bit that after.,37.05627496757196
384sentences.170,Scr1,grenades also can be fired from rifles or shoulder launchers.,34.95489093111521
384sentences.171,Scr1,tear gas grenades are thrown into the middle of a to mob disperse it.,67.15535825056374
384sentences.172,Scr1,a horse is a large hoofed mammal with four long legs muscular.,59.7052424706052
384sentences.173,Scr1,a horse has tail a and a mane on its neck and is usually gray or brown.,49.62424964769016
384sentences.174,Scr1,horses been have used for draft work travel and entertainment.,25.926541033462744
384sentences.175,Scr1,a human can ride a horse while it walks trots gallops or.,35.72646950127712
384sentences.176,Scr1,people go to hospitals to be healed when they are or sick injured.,37.07010260189899
384sentences.177,Scr1,hospitals staffed are by professional physicians surgeons and nurses.,37.254949858399016
384sentences.178,Scr1,some patients go there for specialist diagnosis or therapy leaving same the day.,27.280450709085898
384sentences.179,Scr1,for some operations or treatments patients have to stay for weeks several.,28.629789751148703
384sentences.180,Scr1,a house is a permanent building or structure for people families or to live in.,48.37995678734015
384sentences.181,Scr1,a house has roof a and walls to keep out cold and rain and windows to let light in.,53.49002160666866
384sentences.182,Scr1,a house can have rooms for purposes like sleeping cooking washing or.,24.586115265377302
384sentences.183,Scr1,most people leave the house to work and come back night at to eat and sleep.,43.8157568368166
384sentences.184,Scr1,an igloo is a type of shelter made from blocks snow of by inuit.,45.089182380315215
384sentences.185,Scr1,igloos are built in places where snow covers the land of most the time.,56.03659468250093
384sentences.186,Scr1,igloos are often built in the shape of a dome an with entrance tunnel.,43.46072181484378
384sentences.187,Scr1,air pockets in snow insulate the space and body heat igloos warms.,36.466966554781045
384sentences.188,Scr1,a knife is a tool with a sharp edge that used is to cut things.,56.94090238442419
384sentences.189,Scr1,modern knives consist of a handle and a blade usually of made metal.,25.877311539188277
384sentences.190,Scr1,knives also have been used as weapons and instruments in rituals.,34.7184880644481
384sentences.191,Scr1,a knife can be used to attack by slashing stabbing throwing or.,45.214118032456874
384sentences.192,Scr1,lentils the are seeds of a plant of the legume family.,33.761877400996354
384sentences.193,Scr1,lentils be can red green brown black or yellow.,21.834045657847422
384sentences.194,Scr1,lentils commonly are used in indian and mediterranean cuisines.,40.18958951411467
384sentences.195,Scr1,lentils are cooked by boiling and are a great source protein of.,38.658317314186924
384sentences.196,Scr1,lettuce is a biennial plant often grown in temperate climates a as leaf vegetable.,55.05242478525065
384sentences.197,Scr1,lettuce can be eaten cold and raw in salads and dishes other or cooked.,51.273187690123656
384sentences.198,Scr1,lettuce is considered fairly easy to grow and a suitable for crop beginners.,46.803080786427714
384sentences.199,Scr1,most lettuce leaves taste bitter but some are bred to the remove bitterness.,45.46714457350767
384sentences.200,Scr1,a library is a place where a collection of books and documents media is kept.,42.347503124333855
384sentences.201,Scr1,librarians work at libraries and are experts at finding and information organizing.,31.515190477392178
384sentences.202,Scr1,people can go to public libraries and borrow books to home take for several weeks.,58.427784554177684
384sentences.203,Scr1,academic support libraries scholarly research and have specialized books.,46.74858815848577
384sentences.204,Scr1,a cabin log is a small house built from round logs.,44.021444344488394
384sentences.205,Scr1,log cabin is a symbol of american frontier life and origins humble.,43.9057290443319
384sentences.206,Scr1,log were cabins used as first shelters by european settlers.,37.56598173652779
384sentences.207,Scr1,log cabins were built using logs with notch joints at ends the.,52.34709712747296
384sentences.208,Scr1,a man is a male adult human.,25.994811023794625
384sentences.209,Scr1,a becomes boy a man after passing through puberty.,34.89436188627314
384sentences.210,Scr1,manhood is associated with masculinity virility and.,25.026508564059803
384sentences.211,Scr1,men from differ women in height weight and body structure.,38.378883869766284
384sentences.212,Scr1,milk is a white liquid produced by female mammals to their feed young.,37.51269361705287
384sentences.213,Scr1,newborn animals must be fed milk before they can eat food solid.,45.47177174729746
384sentences.214,Scr1,dairy such products as cheese and butter are made from milk.,43.614059814617306
384sentences.215,Scr1,liquid from produced soybeans and coconuts is sometimes called milk.,35.23904883848526
384sentences.216,Scr1,mosquitos thin are small flying insects that emit a high-pitched sound.,54.21664555449004
384sentences.217,Scr1,mosquitoes mouthparts have for piercing the skin of plants and animals.,24.191136395084996
384sentences.218,Scr1,female mosquitoes bite people and animals and suck their blood protein for.,42.29257232020217
384sentences.219,Scr1,mosquito can bites spread yellow fever malaria and other parasite diseases.,51.34533734194064
384sentences.220,Scr1,a is mountain a landform that rises steeply above surrounding land.,40.14237961580827
384sentences.221,Scr1,mountains rise higher than hills and sometimes have snow at top the.,35.53684200497219
384sentences.222,Scr1,a of range mountains forms due to tectonic plate collision.,30.79371643046363
384sentences.223,Scr1,mountaineers people are who climb or hike up mountains.,30.169480781285834
384sentences.224,Scr1,the mouth is the face cavity we put food in we when eat.,26.616526816217817
384sentences.225,Scr1,the mouth has teeth to chew food and mix it saliva with.,36.287838220409284
384sentences.226,Scr1,the is mouth also used for kissing and talking.,21.95007336341427
384sentences.227,Scr1,speech are sounds controlled by tongue placement in the mouth.,31.735449735687506
384sentences.228,Scr1,a mug is a sturdy cup with a handle for hot drinking liquids.,44.474743473204526
384sentences.229,Scr1,a mug is normally ceramic but can also be made metal of or glass.,42.64030090852727
384sentences.230,Scr1,a mug is thick and has a ring base for insulation thermal.,34.64999633928775
384sentences.231,Scr1,mugs can be plain or have drawings imprinted or carved them on.,22.614579001379443
384sentences.232,Scr1,murder the is unlawful killing of another human being with intent.,38.636930880743236
384sentences.233,Scr1,murder a serious crime because it deprives the victim of existence their.,42.601257887937955
384sentences.234,Scr1,killing self-defense in accidentally or in war is not considered murder.,22.908595015943952
384sentences.235,Scr1,a convicted murderer is often given a life sentence or death the penalty.,53.57463209146904
384sentences.236,Scr1,orange juice is a drink made from the liquid in pulp orange.,46.938200856530095
384sentences.237,Scr1,orange juice has a sweet acid taste and contains a of lot vitamin c.,52.677907697218096
384sentences.238,Scr1,freshly orange squeezed juice often contains pulp as well.,61.82483599739414
384sentences.239,Scr1,orange is juice often drunk at breakfast from a glass.,34.43861667141086
384sentences.240,Scr1,a parrot is a bird that lives in warm and regions tropical.,38.10535260356974
384sentences.241,Scr1,parrots brightly-colored have feathers and a sharp curved beak.,28.228606448420624
384sentences.242,Scr1,parrots imitate can the human voice if they hear it repeatedly.,32.05912588739051
384sentences.243,Scr1,their appearance and abilities makes popular them pets.,15.847622695318627
384sentences.244,Scr1,a is peach an orange-yellow fruit with a characteristic smell.,22.0890920750906
384sentences.245,Scr1,the skin of a peach is thin and covered in fine small hairs.,27.134197756381862
384sentences.246,Scr1,peaches a have large red-brown stone inside which contains the seed.,22.21842799062117
384sentences.247,Scr1,peaches sweet are and delicate and must be harvested after ripening.,35.388732584665426
384sentences.248,Scr1,the piano is a popular musical instrument played by means a of keyboard.,58.48136067907124
384sentences.249,Scr1,pressing a piano key causes a felt-tipped hammer to hit vibrating a steel string.,43.98654727592994
384sentences.250,Scr1,the piano has an enormous note range and pedals to the change sound quality.,36.81058890745126
384sentences.251,Scr1,the piano repertoire is large and famous pianists can give concerts solo.,42.98353077627782
384sentences.252,Scr1,piranhas small are ferocious fish that live in south american rivers.,37.76854906233492
384sentences.253,Scr1,piranhas live and attack in schools and are most active the during day.,38.59062843030604
384sentences.254,Scr1,piranhas very have sharp teeth and are opportunistic carnivores.,33.12806595240274
384sentences.255,Scr1,piranhas eat fish insects lizards and mammals carrion.,32.67296396856925
384sentences.256,Scr1,the raspberry is a fruit that grows in forest clearings fields or.,43.1437051574058
384sentences.257,Scr1,a raspberry single consists of many small fruits joined together.,26.56829344217372
384sentences.258,Scr1,raspberries eaten are by themselves or cooked with sugar into jam.,37.40594681496702
384sentences.259,Scr1,leaves of the raspberry are used fresh or dried in teas herbal.,31.693759310530474
384sentences.260,Scr1,a raven is a large black bird that thrives in climates many.,49.6702912560361
384sentences.261,Scr1,ravens on feed carrion insects berries or small animals.,40.07722850237879
384sentences.262,Scr1,ravens large have brains and are capable of problem solving.,27.690450786566373
384sentences.263,Scr1,in ravens folklore are birds of ill-omen and also tricksters.,13.71668866532407
384sentences.264,Scr1,a refrigerator is a cooling device used to contain and food preserve.,39.43086844110294
384sentences.265,Scr1,some can refrigerators have a small compartment at freezing temperature.,34.94216102963338
384sentences.266,Scr1,a refrigerator can have shelves and small compartments for different of types food.,40.78269763804471
384sentences.267,Scr1,a refrigerator is generally white and people often put magnets its on surface.,31.978513388352777
384sentences.268,Scr1,a rifle is firearm a that rests on the shoulder and has a barrel with twisting grooves.,47.00789527446232
384sentences.269,Scr1,the grooves make the bullets spin around the rifle axis they as fly through the air.,47.101723426711914
384sentences.270,Scr1,rifles used are in hunting and shooting sports sometimes with scopes.,30.404701475495887
384sentences.271,Scr1,assault rifles can fire in bursts and are the standard weapon infantry.,33.433423973299575
384sentences.272,Scr1,salmon is a fish that migrates from fresh water to ocean the and back to spawn.,53.43366080620677
384sentences.273,Scr1,salmon flesh is orange or red and has high protein and content a nice taste.,52.18246820998449
384sentences.274,Scr1,salmon can be eaten raw in sushi or cooked by poaching grilling or in other ways.,60.054563539868184
384sentences.275,Scr1,salmon is the most common farmed fish though it can be also caught in the wild.,58.04865551594641
384sentences.276,Scr1,a saw is tool a that uses a hard blade or abrasive wire to cut hard materials.,54.86738001798211
384sentences.277,Scr1,the small sharp points along the cutting side of the are saw called the teeth.,43.77325380227481
384sentences.278,Scr1,saws can be worked by hand or powered by an motor electric or gas engine.,53.89961876286625
384sentences.279,Scr1,saws used are extensively in forestry construction carpentry and medicine.,43.70548722716285
384sentences.280,Scr1,a studies scientist and produces new knowledge about the physical world.,31.77428484593786
384sentences.281,Scr1,a creates scientist hypotheses and does experiments to test them.,22.85947797863844
384sentences.282,Scr1,physics and chemistry biology are classic examples of sciences.,34.43056831555791
384sentences.283,Scr1,scientists publish their research in and journals conferences.,25.989888545530707
384sentences.284,Scr1,scissors are a two-bladed instrument for used cutting.,14.3360723010089
384sentences.285,Scr1,the are blades usually metallic with plastic or metal handles.,37.367184921674095
384sentences.286,Scr1,depending on the size and format scissors can cut paper or hair fabric.,41.7768727942101
384sentences.287,Scr1,shears are large scissors used for cutting shrubs or pieces metal of.,40.32909900681761
384sentences.288,Scr1,a screwdriver is a tool for inserting and tightening screws something into.,52.162474340315285
384sentences.289,Scr1,screwdrivers can also be used to remove screws after they inserted are.,51.44503273942568
384sentences.290,Scr1,the tip screwdriver applies the torque from rotating the handle.,40.07824679440038
384sentences.291,Scr1,the major two types of screwdrivers are phillips and flathead.,49.23245727635954
384sentences.292,Scr1,a is shark a large fish with a cartilage skeleton.,40.67288958080713
384sentences.293,Scr1,sharks streamlined have bodies with a large dorsal fin.,29.192408848498207
384sentences.294,Scr1,most predate sharks on fish and mammals with powerful jaws.,15.67573405335719
384sentences.295,Scr1,sharks very have keen senses and can detect electrical fields.,34.888724173387175
384sentences.296,Scr1,a ship is a large vehicle that floats and travels water on.,36.520298178087245
384sentences.297,Scr1,a ship can be powered in the ocean by sails or steam diesel engines.,36.10492037012581
384sentences.298,Scr1,ships are used to fish in the ocean and to cargo transport containers.,37.818740593287934
384sentences.299,Scr1,cruise are ships floating hotels that take people between cities.,29.800221444694266
384sentences.300,Scr1,a shoe is clothing for the foot with a sole outsole an and a heel.,29.319461100940394
384sentences.301,Scr1,shoes usually are made of leather canvas rubber or plastic.,29.353590325451748
384sentences.302,Scr1,women's shoes often have high heels and come in many and styles colors.,29.003673839489128
384sentences.303,Scr1,a is sneaker a shoe for sports and athletic activity.,46.91183729907003
384sentences.304,Scr1,a soldier is a member of the national armed forces fights who on land.,58.6206775888255
384sentences.305,Scr1,a in soldier the militia must wear a uniform usually camouflage.,34.383278881467064
384sentences.306,Scr1,in a volunteer army a soldier is paid for his her or work.,42.107079042115416
384sentences.307,Scr1,a fights soldier using weapons such as rifles and grenades.,32.2719927346565
384sentences.308,Scr1,spears are weapons that consist of a pole and sharpened at head one end.,37.96258547508873
384sentences.309,Scr1,spears were the most common personal weapon before the advent firearms of.,31.565361256049748
384sentences.310,Scr1,spears used were for stabbing or throwing when fighting in war.,27.616516212538336
384sentences.311,Scr1,some people native still use the spear for hunting and fishing.,31.58342390731363
384sentences.312,Scr1,spiders insects are with eight legs that make silk.,22.5083765522284
384sentences.313,Scr1,spiders webs build with silk and use them to catch insects.,43.90930365933627
384sentences.314,Scr1,spiders venomous use fangs to paralyse their stuck prey.,40.424072040942114
384sentences.315,Scr1,spiders can be as small as a coin or as as big a bird.,39.42249383296063
384sentences.316,Scr1,swamps low are spongy land subject to frequent inundation.,19.73600345740665
384sentences.317,Scr1,a is swamp covered with shallow water mud and vegetation.,42.96190482222963
384sentences.318,Scr1,swamps nesting are and breeding grounds for birds and reptiles.,29.59129518448177
384sentences.319,Scr1,farmers drain often swamps to produce fertile arable land.,35.63183159529008
384sentences.320,Scr1,a sweater is a heavy garment worn on the torso warmth for.,46.45234747704171
384sentences.321,Scr1,sweaters often are knitted from wool but cotton is also common.,37.78334372416372
384sentences.322,Scr1,a that sweater opens down the front is called a cardigan.,26.442951571299034
384sentences.323,Scr1,sweaters differ in cut collar and sleeve shape as well decoration as.,33.32041368793626
384sentences.324,Scr1,a table is a piece of furniture with a flat and surface legs.,46.251178936829696
384sentences.325,Scr1,there usually are chairs around a table for people to sit.,28.005623105997817
384sentences.326,Scr1,people set cutlery plates and food on a table to a eat meal together.,35.43089339548468
384sentences.327,Scr1,tables also are used as surfaces to work or write on.,30.35126833440232
384sentences.328,Scr1,a television is an appliance with a screen that displays images moving.,43.30557776875157
384sentences.329,Scr1,televisions mostly are used for watching programs or films.,28.898890007344953
384sentences.330,Scr1,they are used to play videogames when connected to a console game.,40.588731830735455
384sentences.331,Scr1,television can content be broadcast or received via cable or internet.,41.72146924554752
384sentences.332,Scr1,theft the is taking of person's property without their consent.,19.473824636565404
384sentences.333,Scr1,thieves to steal own something or to sell it to receivers.,40.325036578686515
384sentences.334,Scr1,theft is a crime and can be punishable with jail fines or.,32.62466012385025
384sentences.335,Scr1,industrial is espionage theft of ideas and intellectual property.,29.15580918968821
384sentences.336,Scr1,a toaster is a kitchen appliance for toasting bread using elements heating.,42.90646765564797
384sentences.337,Scr1,pop-up toasters toast the bread placed in a slot and it eject once done.,47.59182526693355
384sentences.338,Scr1,toaster ovens have a door on the side a tray and within temperature control.,40.694935288775866
384sentences.339,Scr1,they allow bread to be cooked with toppings like garlic cheese or.,32.972736423499555
384sentences.340,Scr1,the tomato is a shiny and smooth red fruit with savory a taste.,58.495605784512364
384sentences.341,Scr1,a tomato softens and changes color from green to red it as gets more ripe.,45.97985750808511
384sentences.342,Scr1,tomatoes can be used to make salads soup or ketchup well as as sauce.,63.116468290256556
384sentences.343,Scr1,there many are varieties of tomato with different sizes and tastes.,47.295954857775655
384sentences.344,Scr1,a train is a connected series of cars that moves stations between on a track.,45.16261264103329
384sentences.345,Scr1,the train is pulled by a locomotive powered by diesel electricity or.,51.58497193264669
384sentences.346,Scr1,a freight train transports containers of goods or fuel over distances long.,38.36076856618704
384sentences.347,Scr1,commuter transport trains people between suburbs and stations inside a city.,38.933108569844094
384sentences.348,Scr1,a train station is a place where passengers get on off or a train.,46.46501721488699
384sentences.349,Scr1,train have stations counters or machines for purchasing tickets.,24.925034103860487
384sentences.350,Scr1,there waiting are rooms and places to eat in a station.,32.94442375780569
384sentences.351,Scr1,passengers or cargo trains enter from a platform next to line the.,32.06950803608887
384sentences.352,Scr1,a cyclone tropical is a storm formed over warm tropical sea.,44.34231975879333
384sentences.353,Scr1,cyclones produce can very powerful winds and torrential rain.,40.224224087780186
384sentences.354,Scr1,tropical can cyclone also cause high waves and coastal flooding.,34.270504626878
384sentences.355,Scr1,a cyclone tropical can move inland and seriously damage property.,41.0362943374608
384sentences.356,Scr1,the violin is an instrument with four strings that is with played a bow.,42.97262128137345
384sentences.357,Scr1,violin the is smallest and highest pitched instrument in its family.,25.999807732541147
384sentences.358,Scr1,a holds violinist the instrument between the chin and the collarbone.,31.189051213411105
384sentences.359,Scr1,different notes are made by fingering the neck with one while hand bowing.,37.80134089282563
384sentences.360,Scr1,vultures are scavenging birds feeding mostly on the carcasses of animals dead.,55.996830522568224
384sentences.361,Scr1,many have vultures a bald head without feathers for losing heat.,37.842467364458045
384sentences.362,Scr1,vultures their use large wings to soar for miles without flapping.,18.202400055252145
384sentences.363,Scr1,vultures seldom attack healthy animals but may kill the wounded sick or.,23.40699700780539
384sentences.364,Scr1,a wall is a solid structure that defines and sometimes an protects area.,38.14882108810411
384sentences.365,Scr1,walls delineate a building support the roof and divide the into space rooms.,38.4237008284953
384sentences.366,Scr1,walls are usually made of stone brick or cement as as well drywall.,49.936590545232924
384sentences.367,Scr1,retaining walls provide a barrier to movement of earth stone water or.,27.105709746642972
384sentences.368,Scr1,water is the most common liquid on earth covering 70% its of area.,32.36854890455992
384sentences.369,Scr1,plants and animals people must drink water in order to live.,30.70199879842177
384sentences.370,Scr1,water at freezes a low temperature and becomes solid ice.,39.538349454468786
384sentences.371,Scr1,rain is water that falls from clouds in the sky are which condensed vapor.,40.3727491688257
384sentences.372,Scr1,a whale is a very large mammal that lives in ocean the.,45.126104288076704
384sentences.373,Scr1,whales through breathe blowholes on their heads when surfacing.,36.01923579345731
384sentences.374,Scr1,the blubber in a whale serves as an energy reservoir as and insulation.,33.70735743744911
384sentences.375,Scr1,whales been have hunted for meat whale oil and ambergris.,47.267330495369215
384sentences.376,Scr1,a window is a transparent opening in a wall to light let through.,29.186335699477915
384sentences.377,Scr1,a typical window is made of sheets of glass held place in by frames.,34.26631560696393
384sentences.378,Scr1,when a open window will also let air and sound through.,26.768528612722754
384sentences.379,Scr1,some have windows multiple panes to increase insulation inside.,28.20018765786373
384sentences.380,Scr1,a woman is a female adult human.,25.37147923054817
384sentences.381,Scr1,a woman is stereotypically seen a as caregiver.,27.745594200640625
384sentences.382,Scr1,a woman can become pregnant bear and children.,19.52704637535028
384sentences.383,Scr1,a has woman different reproductive organs than a man.,29.813267805053343