243sentences.0,lowPMI_random,encourages the beekeeping of habitats conservation local.,1.0935762512375433
243sentences.1,lowPMI_random,in that pollen to is plants every beekeeper's conserve produce interest it local.,0.7591779071837335
243sentences.2,lowPMI_random,agriculture cleared as not crops make a that of vegetation for form passive does be native way it to require.,0.7306440317198827
243sentences.3,lowPMI_random,kill the beekeepers discourage pesticides of use could also on honeybees crops they the because.,0.9359085908442745
243sentences.4,lowPMI_random,worth the artisanal go their for extremes is beekeepers craft effort but product to their.,0.5538420434346039
243sentences.5,lowPMI_random,quantity over consistency honey-making emphasizes and and character quality artisanal.,1.0344371670242214
243sentences.6,lowPMI_random,the beekeepers their finest of honeybees to produce become honey micromanagers.,1.1342917768730487
243sentences.7,lowPMI_random,when and scout the know ways extract fields the flows to best they nectar honey select.,0.9185289606277798
243sentences.8,lowPMI_random,hum the as 40000 the air the hive fills beekeeper opens bees of the deep.,1.211799726727686
243sentences.9,lowPMI_random,supplies beekeeper the stores nursery pollen and checks honey the bee.,1.3326576369414946
243sentences.10,lowPMI_random,they're arms they bare bees hands but crawl his don't sting across and because gentle.,0.9360592681047186
243sentences.11,lowPMI_random,i'm exams about recurring a though even i in longer have college dream no.,0.8969669596540856
243sentences.12,lowPMI_random,to my day i've of the and i final it's gone in my class dream exam never suddenly realize.,0.7190496388001432
243sentences.13,lowPMI_random,of assignments any even i've done reading the never.,0.5764310111079565
243sentences.14,lowPMI_random,other i who nightmare many same know the have people.,0.35860600310939095
243sentences.15,lowPMI_random,night study write morning their the experience the in participants to from dream each had previous down.,0.9122397968038399
243sentences.16,lowPMI_random,any intensity they dream recalled recorded if its each and emotional described and they dreams.,0.6114874817613002
243sentences.17,lowPMI_random,a such a each dream a assigned category participants bad nightmare dream as or flying then to dream a.,1.1932648867977007
243sentences.18,lowPMI_random,our awake we as sleep night while we active are are as when every minds.,1.107311004458037
243sentences.19,lowPMI_random,we throughout cycles in night dream ninety minutes each the about of.,0.7577920208609771
243sentences.20,lowPMI_random,fill feelings images can and strange our of characters dreams places combinations stories and.,1.0461038532243911
243sentences.21,lowPMI_random,bad i when start to went to playing worse from decided cards things.,0.7590152301504136
243sentences.22,lowPMI_random,close i and already to something it to i had had do gambling was spent $10000 doing.,0.8628515897940302
243sentences.23,lowPMI_random,of friends sick watching savings gamble my away were me my.,0.8347494308385841
243sentences.24,lowPMI_random,have horror a hardest after the money did was part leaving i losing the of not casino.,0.725354567582887
243sentences.25,lowPMI_random,of by to good gambling data come social and hard on the are legalized economic effects.,0.7242243183263893
243sentences.26,lowPMI_random,likely some indicate casino a having studies gambling problems more that makes nearby.,0.9669960762731357
243sentences.27,lowPMI_random,also with marriage be and problems gambling may personal associated bankruptcies.,0.9361609695920625
243sentences.28,lowPMI_random,past of gambling been the expansion generation there a legalized has over dramatic.,0.9137242631468299
243sentences.29,lowPMI_random,most well states instituted casinos lotteries and as have have many.,0.8960091811054173
243sentences.30,lowPMI_random,has controversial business gambling very but become big.,0.9446010341640894
243sentences.31,lowPMI_random,a wind the in kitchen house hurricane shattering the shook from the the window.,1.0905799768655762
243sentences.32,lowPMI_random,the slammed some surrendered the door grabbed food we ran the in and hurricane kitchen to.,0.8220717195406935
243sentences.33,lowPMI_random,be was from house foundation would ripped afraid our i its.,0.22852232829983185
243sentences.34,lowPMI_random,huddled that house the fell we wind with the later asleep the night shaking on sofa.,0.8380820089566441
243sentences.35,lowPMI_random,houses limbs can hurricanes their off foundations off trees suck of tear and.,0.7987414483793334
243sentences.36,lowPMI_random,floods trigger mudslides dump heavy and that can rains they.,1.0056520165734566
243sentences.37,lowPMI_random,wall land lurches hurricanes ocean can onto a storm that also bring water of surge a.,0.6571473874086172
243sentences.38,lowPMI_random,scientists hurricanes use methods of to look ancient several evidence for.,0.9732898146546918
243sentences.39,lowPMI_random,coastal of lakes the deposited bottoms of windblown storms at strongest beach sand layers the.,1.3059238495065326
243sentences.40,lowPMI_random,trees drenched passing their of each rings in preserve a hurricanes record storm growth by.,0.9709466565946087
243sentences.41,lowPMI_random,different ice the have preferences world exported but american around cream is different countries.,0.5083550915549062
243sentences.42,lowPMI_random,their cream people many delicacies flavored enjoy with local ice.,1.4204870789896225
243sentences.43,lowPMI_random,with and ice places is cream mangos some tropical topped vanilla fresh bananas in.,1.3094049132590222
243sentences.44,lowPMI_random,a ice making child home as remember cream at i.,0.49494470743684255
243sentences.45,lowPMI_random,turning tub poured to cream it a to the mixture then into expose cold we crank the frozen start the.,0.8642343907317924
243sentences.46,lowPMI_random,froze crank more couldn't it hand enough that turn any i eventually the.,0.4081580968085671
243sentences.47,lowPMI_random,freezer i then the the container to half-frozen ice harden into of put cream.,1.1811497928412982
243sentences.48,lowPMI_random,cream mixture a up of cream and milk flavorings to sugar is whipped-in or ice air half.,1.2768896563637653
243sentences.49,lowPMI_random,silky the in is cream and butterfat it smooth and milk makes what.,1.0517226671279127
243sentences.50,lowPMI_random,high-priced cream is premium with butterfat flavorings natural loaded ice and.,1.0755657938241374
243sentences.51,lowPMI_random,hurt lawn chair riding when the i the my makes use mower uncomfortable back.,1.3632261493526918
243sentences.52,lowPMI_random,in machine to levers i of control me two the the use front.,0.9078509863801429
243sentences.53,lowPMI_random,lawn grass each the the precisely blade sever underneath of blades sharp mower.,1.5504610249892146
243sentences.54,lowPMI_random,has is the mowing me a patience taught task it long lawn and.,0.7007429843835602
243sentences.55,lowPMI_random,blades height an a cut lawn even a machine to mower is grass that with revolving.,0.9624518967779897
243sentences.56,lowPMI_random,machine have by be or muscle motor blades may the powered a may the.,0.7194016637739016
243sentences.57,lowPMI_random,for engine a source the mowers small is power gas common most lawn.,1.1805158017000794
243sentences.58,lowPMI_random,create do environment emissions not the lawnmowers they for better electric are because.,0.6043224181984573
243sentences.59,lowPMI_random,they less maintenance also are less run to and need expensive.,1.1005591222784759
243sentences.60,lowPMI_random,electric use as lawn electricity as toaster ordinary much mowers an.,1.1831220144207657
243sentences.61,lowPMI_random,astronauts for long time spacewalks train their a.,1.1440672429775827
243sentences.62,lowPMI_random,conducted much underwater of training is their.,0.775396896856164
243sentences.63,lowPMI_random,in in 10 will hours to for every the 8 floating they may space spend pool spend hour they.,0.7541023750062527
243sentences.64,lowPMI_random,practice construction repair station outside be of perform able space to on to and work the the astronauts.,0.9899286119080917
243sentences.65,lowPMI_random,and of shuttle as are commanders have always many test pilots flights backgrounds the pilots military.,1.1403151998556416
243sentences.66,lowPMI_random,space can and are as run trained in doctors experiments scientists engineers astronauts other who.,1.076876740315034
243sentences.67,lowPMI_random,early crews all much now diverse young more but are astronauts men were.,0.7737097912208554
243sentences.68,lowPMI_random,shuttle out exterior floated the to team astronauts the of of together the space.,1.1312147269181316
243sentences.69,lowPMI_random,repair telescope on to they broken the part needed huge tools carried the.,0.632843407357095
243sentences.70,lowPMI_random,place while into replacement one other astronaut part bolts on the loosened the fitted the the pipe.,0.9047635571753341
243sentences.71,lowPMI_random,artists computers been for art in have time by experimental used long a.,0.48857583080971523
243sentences.72,lowPMI_random,affordable computer that have more the art are computers widespread mainstream entered now and world graphics.,0.8999067702414358
243sentences.73,lowPMI_random,have latest showcase conferences art some computer that science the exhibitions graphics technology.,1.312525643568446
243sentences.74,lowPMI_random,bridging the devoted have up brand cultures that two conferences are new to sprung.,0.8245450120301948
243sentences.75,lowPMI_random,surgical the graphics doctors with works and computer to procedures visualize conditions specialist medical.,1.0624442173401834
243sentences.76,lowPMI_random,a uses she to animation structures patient's help body within digital doctors understand.,0.5709856236837708
243sentences.77,lowPMI_random,x-rays seeing a structures much is squinting animation than on in internal at the an clearer screen.,0.848556541145516
243sentences.78,lowPMI_random,powerful education a animation modern is for tool digital.,1.2752327451082797
243sentences.79,lowPMI_random,graphics students of if computer the field actually ask we help must graphics as broadens.,1.1413099967509905
243sentences.80,lowPMI_random,imagery the research be does classroom vivid and in suggest that effective can engaging digital.,0.8241334073752709
243sentences.81,lowPMI_random,he place cliche school reason first came to in was law the the.,0.6867855935943972
243sentences.82,lowPMI_random,wanted the better he change for to things.,0.8194210922362228
243sentences.83,lowPMI_random,director one he at the and law program evening recalled he all-nighter when an school pulled had.,0.7980348644954463
243sentences.84,lowPMI_random,at families petition drafting finally they sunrise several finished for evicted a.,0.5440533263541142
243sentences.85,lowPMI_random,education the cost gone relentlessly of decades legal over the past four up has.,0.8600896860627308
243sentences.86,lowPMI_random,school since 1970s a law four tuition increased factor the by private of.,0.6522172512705213
243sentences.87,lowPMI_random,crash law new to the and market admission could lawyers for school for eventually.,0.9776669005772118
243sentences.88,lowPMI_random,experience school actually have law minimal in faculty often law practicing.,1.1368492903204708
243sentences.89,lowPMI_random,writing review focus professors journals articles on for prestigious law.,1.0034082850027437
243sentences.90,lowPMI_random,feudal with the like property on emphasize theoretical law schools classes often topics england law in.,0.7212770608130404
243sentences.91,lowPMI_random,pharmacists care are in increasingly preventive involved.,1.1475397087694954
243sentences.92,lowPMI_random,they are front-line to often health pharmacies because go people advisers becoming.,0.7935768562503231
243sentences.93,lowPMI_random,often source public a about health pharmacists are of good information.,1.0337257824859387
243sentences.94,lowPMI_random,drug consult doctors interactions because pharmacists about with they and effects know a side lot.,0.9368937957742938
243sentences.95,lowPMI_random,safe dispense pharmacists the drugs to of medications and use offer prescription advice about patients.,1.4411894671392678
243sentences.96,lowPMI_random,health wellness also they vaccines screenings conduct and provide and.,0.8891244324816702
243sentences.97,lowPMI_random,in to and professional two pass licensed must have exams degrees be order pharmacists.,0.7059448078644381
243sentences.98,lowPMI_random,a me profession i chose much pharmacy chose i think as the as pharmacist to be.,0.6350360998759784
243sentences.99,lowPMI_random,as was i the by in a neatly child pharmacies fascinated arranged bottles.,0.8479833676104127
243sentences.100,lowPMI_random,impact but cliche on i know have love i lives that it's my the i patients of.,0.4559811322779089
243sentences.101,lowPMI_random,stressful potentially her his person each situations response has own to or.,0.8805859286830672
243sentences.102,lowPMI_random,working person one find be devastated fulltime unemployment while stressful may by may another.,0.5268895970085873
243sentences.103,lowPMI_random,in being are everyday traffic stuck like stresses there.,0.807504115105026
243sentences.104,lowPMI_random,such child loss stresses there divorce of or traumatic a also are as.,0.8887637201832956
243sentences.105,lowPMI_random,can adapt people of different stress to some levels.,1.048331293429233
243sentences.106,lowPMI_random,real toll take with though if health stress on dealt can not a effectively.,0.5757879024489065
243sentences.107,lowPMI_random,your remember will reaction beneficial harmful it's that determines be it or stress to if that.,0.7827864465784881
243sentences.108,lowPMI_random,felt my stressed downsizing worried i incredibly company was when and.,0.4939766202296642
243sentences.109,lowPMI_random,even heart reason dizzy times and for i my no would race at felt.,0.3889264326476408
243sentences.110,lowPMI_random,stress to started yoga my i to manage level taking try then.,0.7904891879856099
243sentences.111,lowPMI_random,with satin man a the jet wore tuxedo stripes black.,1.8111891627008723
243sentences.112,lowPMI_random,rich was with fabric latest in the style made cut it.,1.1935241778646768
243sentences.113,lowPMI_random,clearly perfectly he it the tailored as man had fit it.,0.6342297237344539
243sentences.114,lowPMI_random,it looked something a have picked event for professional stylist a would out formal like.,1.014744933815124
243sentences.115,lowPMI_random,attire personal grooms tuxedo still statements is wedding preferred in are today's the while making.,0.833875795580947
243sentences.116,lowPMI_random,for of are the fashion jackets cutting wedding men on edge shorter.,0.5997213124507332
243sentences.117,lowPMI_random,shirts jazzing are grooms satin up ties and tuxedos colorful their also with.,1.3622014914440344
243sentences.118,lowPMI_random,silk tuxedo a a is lapels dinner black with jacket tailless jacket.,2.5489847056528254
243sentences.119,lowPMI_random,tuxedo match trousers be the tie a to jacket should perfect black.,0.9015336746967485
243sentences.120,lowPMI_random,lapels be jacket should and the should the black white always match plain shirt be tie and the.,0.9935182336405362
243sentences.121,lowPMI_random,in adulthood blind went the concert pianist.,0.8773294143357587
243sentences.122,lowPMI_random,eyes her was genetic a by blindness slowly damaged the caused that condition.,0.8994991631436352
243sentences.123,lowPMI_random,a to blind that told she pianist an interviewers was advantage being.,0.9796557694380083
243sentences.124,lowPMI_random,music so more distractions she could had visual on fully no she concentrate her.,0.737497795295369
243sentences.125,lowPMI_random,as activities the blindness vision the government for defines ordinary insufficient of life.,0.8845219550063272
243sentences.126,lowPMI_random,can resources establishing by the the be blindness of on parameters legally blind focused legal.,0.9150271445480933
243sentences.127,lowPMI_random,but problems may this meet overlook who vision who not those the standard do have.,0.8244805755395423
243sentences.128,lowPMI_random,deficiencies infectious usually countries in disease blindness nutritional children and caused is developing in by.,1.0308680845072038
243sentences.129,lowPMI_random,by causes and be supplements prevented medicine can often these vitamin.,0.8310154619711022
243sentences.130,lowPMI_random,countries more genetic blindness is developed be by to likely in caused problems.,0.997322893520329
243sentences.131,lowPMI_random,to your no really a how exactly mouth one taste brain gets your knows from.,0.972358055829039
243sentences.132,lowPMI_random,of bud scientists touches think cell begins when taste the process a food a molecule.,0.7249499526650006
243sentences.133,lowPMI_random,the taste carries taste beneath cell message nerves cell a to the.,0.8405238273232255
243sentences.134,lowPMI_random,one believed tastes bud taste four the once that was of to responded basic each it.,0.7505844109436457
243sentences.135,lowPMI_random,eating the the respond would tip of if is taste tongue you on that bud were only a something sweet.,0.6939829203406888
243sentences.136,lowPMI_random,all can bud sensitive single think tastes of that a be taste scientists now to the basic.,0.7932697338711482
243sentences.137,lowPMI_random,flavors very i sense to isn't foods very taste of so with eat my good strong tend.,0.6310240748409022
243sentences.138,lowPMI_random,bitter cream i it's my hot i lots and sauce no like very coffee with of drink so.,0.6037519735198035
243sentences.139,lowPMI_random,extra well make sweetness i when i can't taste cookies i even so add sugar.,0.6700836544815272
243sentences.140,lowPMI_random,fractures real for problem aging are a hip individuals.,0.9111703476689241
243sentences.141,lowPMI_random,process of patients faced of pain the difficult are the healing break the with and.,0.9027605269827865
243sentences.142,lowPMI_random,adjust the have families independence patient's to loss of to.,0.6394354027745626
243sentences.143,lowPMI_random,involve hospital time fractures and expense in and hip the society for substantial.,0.9649548078435524
243sentences.144,lowPMI_random,snapping through halfway i race like their heard fingers someone the a sound.,0.9260488674650239
243sentences.145,lowPMI_random,foot felt i and crunch that was i broken my a knew instantly.,0.5843348558408923
243sentences.146,lowPMI_random,on every running spikes felt step like.,1.0371211849930009
243sentences.147,lowPMI_random,clearly x-ray afterward office the doctor's at the showed fracture the.,0.6734917961481521
243sentences.148,lowPMI_random,bone types are a fracture of different few there.,0.9109311174262158
243sentences.149,lowPMI_random,but closed bone skin intact is fractures broken in the or simple is the.,1.0355368990843046
243sentences.150,lowPMI_random,skin bone or has open open in wound an produced broken the compound the punctured and fractures.,1.2823974490092684
243sentences.151,lowPMI_random,become piercings can cleaned infected they're not if ear new carefully.,0.5566237097997984
243sentences.152,lowPMI_random,swelling of the or signs infection earlobe tenderness redness around include.,1.3331667754482146
243sentences.153,lowPMI_random,these if clean the symptoms some you area see and apply ointment.,0.6268002059625023
243sentences.154,lowPMI_random,swelling health contact and don't if the away redness your go care provider.,0.6315498057039209
243sentences.155,lowPMI_random,reduce has hospital infections measures to local initiated new a.,1.0905165607436311
243sentences.156,lowPMI_random,that patients from they patients have other washing habits isolated improved hand are infected and ensured.,0.8822008235307826
243sentences.157,lowPMI_random,measures hospital the infection seen began drop new the has rates since.,0.41321611411931963
243sentences.158,lowPMI_random,healing of scrubbing increases a infection soap or risk wound with the which alcohol delays.,1.1078535118824135
243sentences.159,lowPMI_random,in the can band-aids and risk moisture heat infection holding of increase by.,0.8332143385054263
243sentences.160,lowPMI_random,easily infections skin once treated fortunately be diagnosed most they can are.,1.168779838458982
243sentences.161,lowPMI_random,at end opera modern century of started the sixteenth the.,0.9074918820378696
243sentences.162,lowPMI_random,tragic began it effort an performance rediscover greek imitate as to and.,0.7806149994142612
243sentences.163,lowPMI_random,tales matter their chose early subject opera for antiquity founders from of.,0.5525879488773612
243sentences.164,lowPMI_random,musical of branched into and operas different stories traditions out sources later.,0.8132398803135878
243sentences.165,lowPMI_random,perform which words and music singers an form a art that in play and combines is opera musicians.,1.081361373829506
243sentences.166,lowPMI_random,theatre spoken incorporates it scenery many such of the acting of and costumes as elements.,1.0280024317871896
243sentences.167,lowPMI_random,typically by orchestra opera are accompanied given in house an an performances and.,0.8755976392157672
243sentences.168,lowPMI_random,the opera the in has worked new to win production role hard singer the.,0.8137542920945611
243sentences.169,lowPMI_random,job is her just singing not about.,1.1454046394695003
243sentences.170,lowPMI_random,stage musical are interpretation all presence and acting critical.,0.8548892645083496
243sentences.171,lowPMI_random,is show of voice but the strong star the her certainly pure.,0.6026584177277313
243sentences.172,lowPMI_random,a mind must many completing painter elements while painting keep in a.,0.7439913312250934
243sentences.173,lowPMI_random,lighting she to of elements solid has strong composition and use like design.,0.6463024495871801
243sentences.174,lowPMI_random,with brush has to skill strokes the execute she.,0.8991798890916717
243sentences.175,lowPMI_random,the soul content glimpse of importantly the the a should painter's reveal of most painting.,0.6875201838043443
243sentences.176,lowPMI_random,painters as artists as ago than were employed skilled creative more long artisans.,1.0403935274745442
243sentences.177,lowPMI_random,scholars royal however members prominent court the social the painters had of and status of.,0.9099540156340273
243sentences.178,lowPMI_random,patrons their they imagery on subject with signed personal decided work established and and its a relationship their.,0.7375084170688898
243sentences.179,lowPMI_random,actual focus the painting itself less painter learned scene i more to and on on a as the.,0.8142651095841321
243sentences.180,lowPMI_random,vision within lens field has not an eye camera a everything artist's of to record is that its.,0.987026334039759
243sentences.181,lowPMI_random,for found i needed provides useful good painting but a more nature than is information.,1.0423638150221974
243sentences.182,lowPMI_random,impressive the bird owl an is eagle.,1.5440889464313436
243sentences.183,lowPMI_random,like stick has ear horns up that tufts it.,0.529636697956064
243sentences.184,lowPMI_random,they eyes you and creepy right pierce orange are large could like look through downright its.,0.9872450873474803
243sentences.185,lowPMI_random,this owl at through darkness night the swiftly silently and flying hunts.,1.5117458208308117
243sentences.186,lowPMI_random,species while become thriving owl are some others endangered have.,1.064593333851672
243sentences.187,lowPMI_random,barred the spread habitat beyond well previous owl has its.,1.0267691644358223
243sentences.188,lowPMI_random,early findings that barred invasion logging owl's have the facilitated may suggest.,0.9003715557476064
243sentences.189,lowPMI_random,landed with talons branch owl it on a and her thick the gripped.,0.9201578782527445
243sentences.190,lowPMI_random,her her an wings to pressed settled half-closing and sides she down eye.,0.7671977604058764
243sentences.191,lowPMI_random,glow her statue been for but of eyes might have she the a.,0.48006456985422646
243sentences.192,lowPMI_random,sea floating polar watch unnerving it's ice stalk to bear across a.,0.7553610742456435
243sentences.193,lowPMI_random,the animal the it's waters even huge you are beneath worse when directly frigid submerged in.,0.7323890979848595
243sentences.194,lowPMI_random,on prey set polar down giant paws pursued the ice its as bear overhead the.,0.9933685184929602
243sentences.195,lowPMI_random,shots as polar the i documentary capturing for months a film of these part crew spent bear.,1.047344073679698
243sentences.196,lowPMI_random,one polar that animals confusion are people bears attack fear for few or than the will of reasons other.,0.6728258825532197
243sentences.197,lowPMI_random,in out may they food-scarce of environment a because live hunger attack they.,0.5220970237954722
243sentences.198,lowPMI_random,their careful sneak on conserve will people to energy up slowly they.,1.0022043377548635
243sentences.199,lowPMI_random,is part bear's an polar diet the seal of important the.,0.7458299866443285
243sentences.200,lowPMI_random,the on when or seal's ice hunting by wait will that hole basking breathing stalk are a they seals.,0.7800637634553391
243sentences.201,lowPMI_random,the polar freeze crawl place in quietly will looks the when and bear forward seal around.,0.7871541004352197
243sentences.202,lowPMI_random,defense medieval the not for structure a primarily castle was built.,1.080970255397415
243sentences.203,lowPMI_random,to its dominate was surroundings purpose its.,1.1467777193725572
243sentences.204,lowPMI_random,a within walk castle could day's control lands easily a.,0.7211678925455437
243sentences.205,lowPMI_random,protection livestock could times brought peasants the walls attack of property castle's inside during and for be.,0.7316785114337496
243sentences.206,lowPMI_random,of many spectacular in a provide locations history castles record regions of stormy dramatic the.,1.1231472831497544
243sentences.207,lowPMI_random,quaint they today rocky atop villages overlooking and landscapes stand cliffs beautiful.,1.2881957939192212
243sentences.208,lowPMI_random,intrigue the in were and to home plots past they battles.,0.5273705620443307
243sentences.209,lowPMI_random,train upon hotel cliff built the a leaving on above saw a our we looming station magnificent castle.,1.2131762668792185
243sentences.210,lowPMI_random,the the outside inner an sheltered above thick courtyard river hundreds feet walls of.,0.9318584464167982
243sentences.211,lowPMI_random,slightly scary tower had our an rooms but view incredible.,0.5779838176542921
243sentences.212,lowPMI_random,black me of into pyramid up gestured after fifty side the entranceway climbing a the man feet the small.,0.7843844042313803
243sentences.213,lowPMI_random,the this pyramid's center led chamber into at the.,0.59294882732629
243sentences.214,lowPMI_random,steep the followed dark him i down passage narrow.,0.8230561470241301
243sentences.215,lowPMI_random,the the inside and chalky air was pyramid smell thick was the.,1.1914315962828101
243sentences.216,lowPMI_random,of the more just the of tomb pride than king nation pyramids the the represented.,0.9371395064752343
243sentences.217,lowPMI_random,the care the craft evident pyramid is took their in builders that.,0.9241610660482384
243sentences.218,lowPMI_random,the stones the the together and gleamed until were precisely pyramid fitted polished structure covering.,0.8786525610906333
243sentences.219,lowPMI_random,pyramids are architects to working of were solve constructed how still the mysteries.,0.817511481828636
243sentences.220,lowPMI_random,to stone inside were pyramid's the raise blocks think ramps some walls built.,0.5589403799479767
243sentences.221,lowPMI_random,the speculate others zigzagged ramps pyramid the of walls that up exterior.,0.81253347232235
243sentences.222,lowPMI_random,climbing beginner strength courage rock takes even and.,0.5365410974438681
243sentences.223,lowPMI_random,large try are the on who sport scrambling boulders learning can climbers.,0.6001116248814541
243sentences.224,lowPMI_random,rock can that to safely using with they once they're begin comfortable ropes faces climb vertical.,0.7629955141447656
243sentences.225,lowPMI_random,the climbing to on all rock boys new were of trip the.,0.8565073282348853
243sentences.226,lowPMI_random,many heights afraid were of.,0.965434937663482
243sentences.227,lowPMI_random,calm them knots check someone having down harnesses else and helped their.,0.6298119967869827
243sentences.228,lowPMI_random,for routes adults set beginners appropriate climbing up the.,0.7760169697482989
243sentences.229,lowPMI_random,free-climbing rock is particular one of climbing style.,0.8117521474385864
243sentences.230,lowPMI_random,a rock the relies skill her on ascend climber and face physical to solely strength.,0.9306420977624913
243sentences.231,lowPMI_random,and the are rope equipment only bolts used.,0.6557700221558501
243sentences.232,lowPMI_random,only climber to they the are falls meant stop she if.,0.7627689595353909
243sentences.233,lowPMI_random,buddies me steep down that trail try hesitantly skied my the to convinced i.,0.8719540617878785
243sentences.234,lowPMI_random,found i turn bad and a i made myself down tumbling.,0.6788320171273752
243sentences.235,lowPMI_random,came of slope at finally part to a a the stop i flat.,0.625058916239903
243sentences.236,lowPMI_random,the a and snow poles to in my were found be hill skis drift were lodged nowhere my up.,0.9654727790683387
243sentences.237,lowPMI_random,is professional how skiers strength use poles major they of a ski.,0.7241097787908105
243sentences.238,lowPMI_random,skiing improves adds poles proper balance use ski to flair of their and their.,0.837794807216416
243sentences.239,lowPMI_random,skiing upper regain for it movements minimizes need balance lost the body to while.,0.723035546709794
243sentences.240,lowPMI_random,quickly ski new stiffer more let boots turn designs and skiers.,0.5411860595121333
243sentences.241,lowPMI_random,the faster but turns tighter legs the on force and increase twisting.,0.9881202306348253
243sentences.242,lowPMI_random,led injuries skier's to more has ligaments the to particularly this in knee.,0.6001392166146047
384sentences.0,lowPMI_random,a an musical keyboards is two accordion with instrument portable.,1.099079390107599
384sentences.1,lowPMI_random,individual keyboard for notes one is chords for the other used.,0.9593566250499616
384sentences.2,lowPMI_random,with that produce accordions reeds blow sound air through bellows.,0.8677734637571067
384sentences.3,lowPMI_random,opening accordionist closing keyboards bellows while and plays both an the.,0.9852051013250994
384sentences.4,lowPMI_random,a an home that self-contained a apartment is is part of building.,0.5915723092004529
384sentences.5,lowPMI_random,or as apartment as one kitchen a have may rooms and a an more bathroom well.,0.7895035618943593
384sentences.6,lowPMI_random,for people apartments are families others single for some.,1.0486770758884054
384sentences.7,lowPMI_random,a extra facility have garage the building laundry can or a storage space.,1.177973582378881
384sentences.8,lowPMI_random,a an that can fruit or apple be is green red yellow.,0.8107962391674418
384sentences.9,lowPMI_random,apples skin a have sweet pulp inside seeds crisp thin and.,1.1031594607092263
384sentences.10,lowPMI_random,make used very tart cider to are apples some.,1.2331816275373977
384sentences.11,lowPMI_random,can apples eaten or be in pies raw baked roasted.,1.7706846308506314
384sentences.12,lowPMI_random,of is or burning arson the wildland act a building criminal.,0.7662989175390368
384sentences.13,lowPMI_random,a arson by if a was accident caused determines or investigation fire fire.,1.0246579541484306
384sentences.14,lowPMI_random,collect or cause done can arson insurance to be damage others to.,0.8508748421248746
384sentences.15,lowPMI_random,on severity people crime harmed depends whether of the the were.,0.7738780214407278
384sentences.16,lowPMI_random,wheeled automobile for is passengers a vehicle or car an transporting.,1.38582323744096
384sentences.17,lowPMI_random,can by electric be or engine a car a powered gasoline.,1.5221327184357631
384sentences.18,lowPMI_random,on driver just roads the steers sit car other passengers the.,1.0555340119046546
384sentences.19,lowPMI_random,size automobiles of doors number of vary and in the type trunk.,0.981441640749855
384sentences.20,lowPMI_random,the wood axe a and tool used cut is split to.,1.2214530668116828
384sentences.21,lowPMI_random,of axe consists a a attached to handle usually head the.,1.1242027100905054
384sentences.22,lowPMI_random,axe historically made metal stone of then heads were and.,0.8929141762930405
384sentences.23,lowPMI_random,are woodcutters firemen and entering used by axes buildings.,1.2999376584190199
384sentences.24,lowPMI_random,edible soft inside a a a fruit that is bunchs banana grows in long with.,1.0740431941581865
384sentences.25,lowPMI_random,or brown a and banana spots can be small when ripe have red yellow purple.,1.3075364724935425
384sentences.26,lowPMI_random,the are tropical greatest such as ecuador or countries producers india.,0.6603932239597117
384sentences.27,lowPMI_random,like and and are cooked bananas staple often potatoes plantains foods unripe.,1.1290520170694809
384sentences.28,lowPMI_random,in of as bed place piece sleep have a is used or to a furniture sex a.,0.7195316730580237
384sentences.29,lowPMI_random,and mattress of spring plus a made a a bed and is box covers sheets pillows.,1.1966964624264589
384sentences.30,lowPMI_random,with with is airbeds it and mattress filled in waterbeds water the in air is filled.,1.0923553583600758
384sentences.31,lowPMI_random,the another of hammock the is above type a ground fabric suspended bed sling.,1.2442002781330939
384sentences.32,lowPMI_random,black a bee a and is and with flying body a six legs yellow insect.,1.146555459480444
384sentences.33,lowPMI_random,make collect pollen flowers to spread as nectar honey between they bees.,1.399071801084393
384sentences.34,lowPMI_random,a bees social together live and in are in hive a located insects colony.,1.1911674653211533
384sentences.35,lowPMI_random,many threatened bees stingers they and can feel have if attack.,1.0970025155458676
384sentences.36,lowPMI_random,frame a is two with vehicle bicycle pedals on a a and wheels.,1.3070639179512182
384sentences.37,lowPMI_random,saddle a is pedalling the by bicycle cyclist on the propelled a of.,1.2800264419289142
384sentences.38,lowPMI_random,rubber the with an tires of wheels inner have tube full air.,1.0253792016432313
384sentences.39,lowPMI_random,use and racing people for recreation bicycles transportation.,1.1999832826885433
384sentences.40,lowPMI_random,a objects iron creates steel blacksmith by or forging.,1.2041895163443652
384sentences.41,lowPMI_random,its a hammers iron hot bends change blacksmith on shape an to and anvil.,0.941919840084252
384sentences.42,lowPMI_random,and wears with handle blacksmiths a tongs apron the metal thick.,0.9710294120513572
384sentences.43,lowPMI_random,or iron make like blacksmiths weapons objects shoes furniture horse.,0.658230575732407
384sentences.44,lowPMI_random,kitchen or mix a appliance a blender to is ingredients used puree food.,1.5797512969968144
384sentences.45,lowPMI_random,bottom plastic rotating or blenders with have glass in blade a container a the.,1.207632228406258
384sentences.46,lowPMI_random,and fruit are to blenders make used shakes smoothies milk.,1.3681910045679306
384sentences.47,lowPMI_random,blenders also cold make to are with crushed ice used drinks alcoholic.,0.9867637261981999
384sentences.48,lowPMI_random,male a is has who a child puberty boy not young undergone.,1.3388053705830605
384sentences.49,lowPMI_random,sex term relative to girls indicate distinctions is used the to.,0.8712957838660208
384sentences.50,lowPMI_random,each with rough to boys traditionally other and like games fight play.,1.2325595623069434
384sentences.51,lowPMI_random,a referred male immaturely as adult is to boy behaving often an.,0.818090544141544
384sentences.52,lowPMI_random,is broccoli the a family cabbage in plant.,1.358401493390629
384sentences.53,lowPMI_random,broccoli green flower has and a stalk tough head a thick.,1.781535503065095
384sentences.54,lowPMI_random,fiber nutrients vitamins high broccoli in other and is.,0.9267148262214059
384sentences.55,lowPMI_random,broccoli or boiled stir-fried raw can eaten be.,2.027380005232883
384sentences.56,lowPMI_random,a a insect wings is large butterfly four with flying.,1.7270260585012525
384sentences.57,lowPMI_random,wings the butterflies very of and patterned can colorful be.,1.2205698141031194
384sentences.58,lowPMI_random,a transformation the butterfly caterpillar into is of a metamorphosis.,1.6609237223157363
384sentences.59,lowPMI_random,colorful of people collect wings their because butterflies some.,1.2542567226935173
384sentences.60,lowPMI_random,with carpenter a artist an wood manual works who is or laborer.,0.750096387014228
384sentences.61,lowPMI_random,and other build repair carpenters houses and boats objects furniture.,1.5606530694164185
384sentences.62,lowPMI_random,pliers hammers tools planes saws use and such carpenters as.,0.9815665793801923
384sentences.63,lowPMI_random,a instruments luthier a repairs carpenter that musical is and makes.,0.7922306464261687
384sentences.64,lowPMI_random,with are a four cats small tail animals legs and furry.,1.4504051690101367
384sentences.65,lowPMI_random,to groom like their by fur themselves cats licking.,0.9434156092196941
384sentences.66,lowPMI_random,by can cats or mice often their birds owners fed hunt but are.,1.052120370123582
384sentences.67,lowPMI_random,are of cats sharp retractable that they so claws the keep.,0.9981525218164116
384sentences.68,lowPMI_random,is to on furniture chair people a piece designed sit of a for.,0.6213239460066246
384sentences.69,lowPMI_random,by consist chairs seat a legs above supported level of raised floor.,0.6416533557539836
384sentences.70,lowPMI_random,also as cushion arm can well have back rests a and chairs as.,0.48291995743291505
384sentences.71,lowPMI_random,seats are chairs places cinemas located like vehicles in or in fixed.,1.0675965927889441
384sentences.72,lowPMI_random,instrument a clarinet a woodwind is musical.,1.2545637613072025
384sentences.73,lowPMI_random,bottom a is tube black long clarinet flare at the a a with.,1.1711454337714415
384sentences.74,lowPMI_random,and pressing player chooses holes keys by notes the.,0.6926497708435401
384sentences.75,lowPMI_random,and classical clarinet used the both is jazz music in.,1.482674855493879
384sentences.76,lowPMI_random,areas of the a that a atlantic lives the is in cod colder fish.,0.9384024672373239
384sentences.77,lowPMI_random,cooked flesh cod and when and mild-tasting easily is white flakes.,1.233989840407032
384sentences.78,lowPMI_random,is for dishes and cod cod used for chips elaborate fish fresh salted.,1.6148019415509662
384sentences.79,lowPMI_random,been of vikings traded has time caught salted since the and cod the.,0.8471212106110046
384sentences.80,lowPMI_random,coffee is coffee coffee from plant the the of made beans seeds.,1.3623803842479607
384sentences.81,lowPMI_random,served countries a drink usually is in and hot popular many coffee.,0.9442133873653308
384sentences.82,lowPMI_random,coffee awake contains mild keeps drug called people a that caffeine.,0.9364478214326454
384sentences.83,lowPMI_random,coffee agricultural is world's the legal export seventh-largest.,0.5661064255674506
384sentences.84,lowPMI_random,a falls desert a no natural environment rain is almost where.,1.0747483290405067
384sentences.85,lowPMI_random,dunes with are rocks sand deserts or usually hot filled.,1.704211008618052
384sentences.86,lowPMI_random,animals some plants to and in deserts have live adapted.,1.0644788510106136
384sentences.87,lowPMI_random,the africa biggest in sahara is northern hot desert the.,1.3761346797228864
384sentences.88,lowPMI_random,for a a at desk computer piece of with is a sometimes working furniture used.,1.1921769335743637
384sentences.89,lowPMI_random,metal of can has flat wood a or surface plastic be and desk a made.,1.1930555545177957
384sentences.90,lowPMI_random,supplies to may papers store desk and have a drawers.,0.7094037456958356
384sentences.91,lowPMI_random,three cubicle a a of sides surrounded on partitions consists desk by.,0.7885916440910956
384sentences.92,lowPMI_random,a door a an or area from barrier to movable entrance exit enclosed is.,1.0979384171984081
384sentences.93,lowPMI_random,locks most control who to through doors gets have to pass them.,0.8192116446403364
384sentences.94,lowPMI_random,after they a opened pushing most unlocked or are are pulling doors handle by.,0.8760459663880182
384sentences.95,lowPMI_random,revolving types other can doors chamber or a of of slide consist.,0.8462665134921711
384sentences.96,lowPMI_random,wear dress a piece sometimes clothing of women is a that.,1.1203970953762448
384sentences.97,lowPMI_random,like a shirt attached a matching dress to is a long skirt.,1.1479471555895777
384sentences.98,lowPMI_random,a dress usually or such as dance wedding at formal worn occasions a a is.,1.2641857050970409
384sentences.99,lowPMI_random,in can it bike hard to a stairs or dress a climb be ride.,0.9938153087173904
384sentences.100,lowPMI_random,the the is under driving effects of act driving alcohol of drunk.,1.0141163177501276
384sentences.101,lowPMI_random,of of world a driving most any vehicle crime the is drunk in.,0.9593865929137986
384sentences.102,lowPMI_random,a almost vehicle-related role all deaths it plays half in of.,0.7243394048461184
384sentences.103,lowPMI_random,caught drunk field tests are breathing drivers and sobriety by.,1.275321451355617
384sentences.104,lowPMI_random,water the drought a lack is supply of persistent by a of rain caused shortage.,1.1746202006929205
384sentences.105,lowPMI_random,to will growing and die plants stop cause crops drought and.,0.976089467259745
384sentences.106,lowPMI_random,turn drought eventually areas cause desert and famine will into extreme.,1.2481421947726636
384sentences.107,lowPMI_random,migrate numbers from have bowls to away of people large dust.,0.842233457585924
384sentences.108,lowPMI_random,day birds eyesight hunt that very have large of are and the during good prey eagles.,0.7763035450081348
384sentences.109,lowPMI_random,sharp have eagles for beaks talons flesh and legs hooked tearing strong.,1.4355727931147304
384sentences.110,lowPMI_random,mammals eagles in species some and live and others small eyries fish eat.,1.3474569917988442
384sentences.111,lowPMI_random,bird and head the bright eagle states of has a is white the bald national the united.,1.0901589682457482
384sentences.112,lowPMI_random,other down the and and shake can buildings structures ground knock earthquakes.,0.9735600816194664
384sentences.113,lowPMI_random,volcanic landslides shaking can activity and trigger also the.,0.9389631561356269
384sentences.114,lowPMI_random,in earth's the caused of release the crust earthquakes are most energy by.,0.9988596980944904
384sentences.115,lowPMI_random,sea an displace the can a earthquake seabed at and cause tsunami.,0.8395859301797224
384sentences.116,lowPMI_random,elephants largest kind are land mammal tons several of the weighing.,1.2289597534027463
384sentences.117,lowPMI_random,grab elephant an can a long or food called things a has trunk which nose.,0.9059506071341752
384sentences.118,lowPMI_random,of trees a objects pair elephant has digging moving tusks into for or the ivory.,0.9541931418260037
384sentences.119,lowPMI_random,the elephant its and the blood body them ears to large cool in its flaps.,0.9487420803423225
384sentences.120,lowPMI_random,the visual the is sensing for organ for eye light cortex and it an coding.,1.0090046293807629
384sentences.121,lowPMI_random,which complex have color detect most can texture animals motion eyes and.,0.6964232877154266
384sentences.122,lowPMI_random,the the it human the part sensitive is center fovea most and eye of of the.,0.8483336180175394
384sentences.123,lowPMI_random,facing many up eyes eye of in directions have compound insects units made.,0.6084134257154264
384sentences.124,lowPMI_random,used animals or land to a farm plants is raise grow for food.,1.1944727160103632
384sentences.125,lowPMI_random,the run to people who are and what farm the farmers decide produce.,1.0744198911902176
384sentences.126,lowPMI_random,for barn and house farms a a silo a usually farmers have.,0.8669620130768003
384sentences.127,lowPMI_random,the and where a farmers many land equipment cooperative is a share farm.,0.9417343029326407
384sentences.128,lowPMI_random,hand usually primates fingers each a and on have four thumb.,0.5228390293766139
384sentences.129,lowPMI_random,for writing are fingers activities grooming used and other grasping.,1.1542822494835328
384sentences.130,lowPMI_random,fingertips the temperature are vibration to and pressure sensitive.,0.6266646213448317
384sentences.131,lowPMI_random,be nail the tip the can protects of grown decorated the finger or and.,0.8262220899389722
384sentences.132,lowPMI_random,water flood an submerges land expanse overflow of a of is an inhabited that.,1.275048591712866
384sentences.133,lowPMI_random,sea flood rapid caused as melt earthquakes rain as or by be at can heavy well snow.,0.9247212225117815
384sentences.134,lowPMI_random,break a of river channel its will a and in or out flood flow dams levees.,1.1893414367664747
384sentences.135,lowPMI_random,during diseases a people water evacuate and causes flood contaminated the.,0.7668697051044135
384sentences.136,lowPMI_random,is for on inside floor used a horizontal a walking surface a building.,1.0349176164635296
384sentences.137,lowPMI_random,wooden may floors of made floorboards concrete or linoleum be bare tile.,1.3315922579727812
384sentences.138,lowPMI_random,put a dampen carpets on often comfort to for floor people and noise.,0.6423584098556031
384sentences.139,lowPMI_random,in buildings floor wiring it often under pipes electrical and has the.,0.6748627093338017
384sentences.140,lowPMI_random,a foot a body a leg on of end is part the.,1.093699201970363
384sentences.141,lowPMI_random,people straight use or running when standing their feet walking.,1.1201081338242798
384sentences.142,lowPMI_random,to sports fighting feet people and their both in also kick use.,0.7507900506342321
384sentences.143,lowPMI_random,many rules related have feet cultures for to behavior.,0.634455307826555
384sentences.144,lowPMI_random,a forest an and density cover trees with a area high of canopy is.,1.218678647524752
384sentences.145,lowPMI_random,its and of depends in type on rainfall location forest temperature the.,0.8665017183017184
384sentences.146,lowPMI_random,plants as trees ecosystem various well has ground types as and of forest a animals.,0.6360150173414204
384sentences.147,lowPMI_random,forests deforestation disregarding regeneration is down the of cutting.,0.6902724823555372
384sentences.148,lowPMI_random,several and tines a a handle for eating is with fork solid foods tool a.,1.064795740531682
384sentences.149,lowPMI_random,plastic if are made forks of usually or disposable metal.,1.1102917381997062
384sentences.150,lowPMI_random,to forks hold lift cutting food used are mouth or in place while to food to the.,0.7164503043707082
384sentences.151,lowPMI_random,forks are in for are foods kinds cultures and western there special various used.,0.9479453868656837
384sentences.152,lowPMI_random,a frying is and sloping handle a a pan sides with small pan.,1.3813256072154303
384sentences.153,lowPMI_random,pan to brown is and food a frying fry used sear.,1.270347759528243
384sentences.154,lowPMI_random,oil cooked is bottom the the covering pan food of on the.,1.3069405758141144
384sentences.155,lowPMI_random,pans of or iron teflon-clad are made frying steel.,1.3410046387207684
384sentences.156,lowPMI_random,reached has is female yet girl human not maturity a who a.,0.9123114037575788
384sentences.157,lowPMI_random,woman at the girl a of puberty that of a body into develops.,1.0737354937528183
384sentences.158,lowPMI_random,like playing often social dolls games with girls and.,1.1319022176073479
384sentences.159,lowPMI_random,sometimes girls hair skirts wear and and grow long dresses.,1.556922488505661
384sentences.160,lowPMI_random,the a glove a and piece fingers hand clothing covers of is that.,0.8254059687255475
384sentences.161,lowPMI_random,protect are waterproof against cold to wool lined of made gloves or material.,0.989464180749438
384sentences.162,lowPMI_random,hands rubber used germs chemicals to gloves shield disposable are or latex or from.,1.7103109004516976
384sentences.163,lowPMI_random,four are of a where glove together mitten is the kind covered fingers a.,0.6869553726518051
384sentences.164,lowPMI_random,is to object to hammer impact a tool deliver an used a an.,1.1019735275460165
384sentences.165,lowPMI_random,a most often hammer to drive wood into used is nails.,1.177346829133477
384sentences.166,lowPMI_random,be claw to head nails can used on the the remove.,0.9367035683150345
384sentences.167,lowPMI_random,in of handle the and length hammers vary the shape head.,1.038552482614107
384sentences.168,lowPMI_random,explosive is grenade a as a used people hand weapon an against.,1.2475411176800242
384sentences.169,lowPMI_random,hand are to timed and grenades bit after that thrown a explode.,0.6213025270783249
384sentences.170,lowPMI_random,be from can grenades launchers rifles also or shoulder fired.,0.7304547994431617
384sentences.171,lowPMI_random,mob to of are into tear it the disperse grenades middle gas a thrown.,0.990882483228926
384sentences.172,lowPMI_random,hoofed a is four with a mammal legs horse long large muscular.,1.1792458955181508
384sentences.173,lowPMI_random,a a and tail brown is has horse on its usually gray or a and neck mane.,1.0532674242401912
384sentences.174,lowPMI_random,and used been entertainment work travel have for draft horses.,0.6073481403355254
384sentences.175,lowPMI_random,a human ride trots gallops a or while walks it horse can.,1.0565037084372453
384sentences.176,lowPMI_random,to sick they hospitals be people go when to are healed or injured.,0.705405854071964
384sentences.177,lowPMI_random,nurses surgeons are by professional staffed hospitals physicians and.,1.8763902745937375
384sentences.178,lowPMI_random,go the day diagnosis patients leaving there for or same specialist some therapy.,0.6551141031154477
384sentences.179,lowPMI_random,or for patients have treatments several some to operations stay for weeks.,1.187029487575945
384sentences.180,lowPMI_random,or house a families permanent a people is building to in or structure live for.,0.956185318166035
384sentences.181,lowPMI_random,light and to windows out roof rain a has walls and in house to cold and a keep let.,0.8460533532140103
384sentences.182,lowPMI_random,have a for purposes rooms or house like can sleeping cooking washing.,0.8851024233227824
384sentences.183,lowPMI_random,to come people at house to and the leave and eat night most work sleep back.,0.9052582595999807
384sentences.184,lowPMI_random,of snow from a of an inuit shelter by is made igloo blocks type.,1.0488855073332386
384sentences.185,lowPMI_random,time where land places igloos covers are in of most built snow the the.,1.0887800450240062
384sentences.186,lowPMI_random,entrance igloos often shape the in an are of tunnel a with built dome.,0.7802656219058578
384sentences.187,lowPMI_random,snow air the space insulate warms pockets and in body heat igloos.,1.1387601561442509
384sentences.188,lowPMI_random,with things a is tool knife is to that sharp cut edge used a a.,1.212297658783097
384sentences.189,lowPMI_random,metal modern consist and handle a knives usually made of of blade a.,0.9594151937915583
384sentences.190,lowPMI_random,also as in been instruments rituals knives have weapons used and.,0.8592173261811551
384sentences.191,lowPMI_random,or knife a used be throwing attack stabbing slashing can to by.,1.2249253112872651
384sentences.192,lowPMI_random,of plant of seeds a the lentils are the family legume.,1.1625416518084821
384sentences.193,lowPMI_random,or brown can be yellow black green red lentils.,1.125376702835906
384sentences.194,lowPMI_random,mediterranean indian are commonly cuisines and in used lentils.,1.0196241946420166
384sentences.195,lowPMI_random,of a cooked boiling source are and great protein by are lentils.,0.6946703000912927
384sentences.196,lowPMI_random,vegetable often climates plant lettuce in is biennial a as a grown temperate leaf.,1.195302098029041
384sentences.197,lowPMI_random,cooked and and cold lettuce in can eaten dishes other be raw salads or.,1.586687232906078
384sentences.198,lowPMI_random,suitable for to fairly and grow crop beginners is considered lettuce a easy.,1.1816267431364516
384sentences.199,lowPMI_random,most lettuce taste remove bred bitterness bitter the some to are but leaves.,1.09242072494792
384sentences.200,lowPMI_random,of is a documents library kept place where media is a and books a collection.,0.8058719469453518
384sentences.201,lowPMI_random,organizing at at and and work are finding information libraries experts librarians.,0.8499060264175693
384sentences.202,lowPMI_random,people can to for books to weeks home libraries and public borrow take several go.,1.0101926745165672
384sentences.203,lowPMI_random,academic scholarly have books support specialized libraries and research.,2.033079093731899
384sentences.204,lowPMI_random,logs log a a round house small from cabin is built.,1.54437366587446
384sentences.205,lowPMI_random,humble frontier is symbol and cabin of life origins a american log.,1.0972714206778371
384sentences.206,lowPMI_random,european used were settlers shelters by cabins as first log.,1.194424899006228
384sentences.207,lowPMI_random,the notch were using at cabins logs joints ends built with log.,1.0030136673521242
384sentences.208,lowPMI_random,adult a a is man male human.,1.1819714412497822
384sentences.209,lowPMI_random,through after boy becomes puberty passing man a a.,0.9659237351475509
384sentences.210,lowPMI_random,and virility masculinity with manhood is associated.,1.1566449904837128
384sentences.211,lowPMI_random,body women from structure weight and differ in height men.,0.8248224148932746
384sentences.212,lowPMI_random,a feed young by is to white liquid female their produced milk mammals.,0.925952543050372
384sentences.213,lowPMI_random,solid eat milk be animals newborn food they must before can fed.,1.1699666586073032
384sentences.214,lowPMI_random,cheese products as and from are made milk such butter dairy.,1.1557124512690113
384sentences.215,lowPMI_random,sometimes coconuts from milk is produced called soybeans liquid and.,1.414997775770269
384sentences.216,lowPMI_random,small emit flying mosquitos that are sound thin insects high-pitched a.,0.8975328294480407
384sentences.217,lowPMI_random,piercing have for the and of plants animals mouthparts skin mosquitoes.,1.0017010294539104
384sentences.218,lowPMI_random,for blood animals people mosquitoes female protein suck bite and their and.,1.1023244285269485
384sentences.219,lowPMI_random,malaria bites other yellow diseases fever and can spread mosquito parasite.,1.450534246868537
384sentences.220,lowPMI_random,a land mountain a above landform that surrounding is steeply rises.,1.0576007769564457
384sentences.221,lowPMI_random,the at and than rise mountains top have higher sometimes snow hills.,0.8977419964722776
384sentences.222,lowPMI_random,plate mountains of collision to tectonic range forms due a.,0.9639918248037165
384sentences.223,lowPMI_random,up or are people mountains hike climb who mountaineers.,1.113578221416788
384sentences.224,lowPMI_random,is when eat we mouth in the face put we cavity the food.,0.9112788522101269
384sentences.225,lowPMI_random,chew teeth has mix and the food saliva mouth it to with.,0.9201393604765454
384sentences.226,lowPMI_random,the also kissing talking is and mouth for used.,0.6905037791429385
384sentences.227,lowPMI_random,the controlled are mouth placement in sounds by tongue speech.,0.6204204797260593
384sentences.228,lowPMI_random,cup liquids for sturdy a a drinking handle a hot is mug with.,1.602444175724037
384sentences.229,lowPMI_random,of metal be normally but a glass can or is also mug made ceramic.,1.0276955670361179
384sentences.230,lowPMI_random,thermal ring is and for mug has base insulation thick a a.,0.95465461695543
384sentences.231,lowPMI_random,mugs be drawings have or can carved on them plain or imprinted.,0.718672399310933
384sentences.232,lowPMI_random,intent is murder killing with another of being the unlawful human.,1.2041172136987695
384sentences.233,lowPMI_random,their a murder because crime existence deprives of victim serious it the.,0.886069360920321
384sentences.234,lowPMI_random,or self-defense accidentally murder in is not war in killing considered.,0.9228608499619733
384sentences.235,lowPMI_random,murderer given death is often convicted sentence the life a a or penalty.,1.0007937994574114
384sentences.236,lowPMI_random,orange the is drink in juice made liquid pulp a from orange.,1.592035182581905
384sentences.237,lowPMI_random,a of acid a and taste c juice has contains sweet vitamin lot orange.,1.0700009314701517
384sentences.238,lowPMI_random,as contains squeezed orange well pulp often juice freshly.,1.3938582662848804
384sentences.239,lowPMI_random,often orange at glass is a juice from breakfast drunk.,1.1749435819578353
384sentences.240,lowPMI_random,tropical and that a parrot a regions in is lives warm bird.,0.9301885383325106
384sentences.241,lowPMI_random,curved a have brightly-colored beak sharp and feathers parrots.,1.4530822808699972
384sentences.242,lowPMI_random,the they human parrots if can repeatedly imitate voice it hear.,0.8249801264036316
384sentences.243,lowPMI_random,their makes appearance popular abilities pets them and.,0.6714131298768277
384sentences.244,lowPMI_random,a characteristic peach an a orange-yellow is with smell fruit.,1.0681911892348237
384sentences.245,lowPMI_random,is hairs in peach the and small covered a fine of skin thin.,1.0339275043403495
384sentences.246,lowPMI_random,large which red-brown peaches inside have seed a stone the contains.,0.8348597770394792
384sentences.247,lowPMI_random,delicate are and and after be harvested ripening sweet must peaches.,1.1583460838248885
384sentences.248,lowPMI_random,popular of by a musical the piano played is means instrument a keyboard.,1.4244892695031126
384sentences.249,lowPMI_random,hit vibrating a key hammer felt-tipped string a piano to causes steel a pressing.,1.4618849602168034
384sentences.250,lowPMI_random,to piano range the quality and enormous pedals the note has an sound change.,0.7250345124727018
384sentences.251,lowPMI_random,solo give and is piano the concerts pianists repertoire famous can large.,1.101306601790433
384sentences.252,lowPMI_random,fish are ferocious that american in south rivers small live piranhas.,1.1066409025619894
384sentences.253,lowPMI_random,active the schools attack are and during day live and piranhas most in.,0.834506703029548
384sentences.254,lowPMI_random,opportunistic and have very carnivores are teeth sharp piranhas.,1.4326024214877051
384sentences.255,lowPMI_random,eat and carrion piranhas insects mammals fish lizards.,2.004624156094043
384sentences.256,lowPMI_random,or clearings that a raspberry the fields in is grows forest fruit.,0.9652801278750719
384sentences.257,lowPMI_random,consists a many together raspberry joined single fruits small of.,0.9356071553246847
384sentences.258,lowPMI_random,raspberries jam are by sugar themselves or into eaten with cooked.,1.2143672931454346
384sentences.259,lowPMI_random,herbal in used raspberry of leaves teas or the fresh dried are.,1.214225949845249
384sentences.260,lowPMI_random,bird large that black is in climates raven thrives a a many.,1.2428930352225036
384sentences.261,lowPMI_random,on carrion feed small berries animals insects ravens or.,1.4990105423422346
384sentences.262,lowPMI_random,ravens solving have of capable and problem large brains are.,0.9327498359650913
384sentences.263,lowPMI_random,are in of tricksters ravens also folklore and ill-omen birds.,1.5418276865806575
384sentences.264,lowPMI_random,preserve refrigerator a cooling a food used and contain is device to.,0.9272088472767923
384sentences.265,lowPMI_random,at freezing refrigerators have some a can compartment temperature small.,1.0810484322992049
384sentences.266,lowPMI_random,types refrigerator a shelves have for of and food different can small compartments.,0.9015563658782169
384sentences.267,lowPMI_random,magnets its and generally often people on surface refrigerator is a put white.,0.773640057716287
384sentences.268,lowPMI_random,with a firearm and has the a that a barrel rests twisting is on rifle shoulder grooves.,1.0736900649141856
384sentences.269,lowPMI_random,the rifle the they as the around through the bullets make air grooves spin fly axis.,0.9508776838134677
384sentences.270,lowPMI_random,rifles scopes are in sometimes hunting and with used sports shooting.,1.079660593093623
384sentences.271,lowPMI_random,infantry are can in standard rifles bursts the weapon fire and assault.,0.8897619774270978
384sentences.272,lowPMI_random,water spawn back salmon the is to that migrates and a fish ocean to from fresh.,1.220924876162962
384sentences.273,lowPMI_random,high has flesh salmon a is protein and or and orange nice taste content red.,1.1235877002350616
384sentences.274,lowPMI_random,grilling eaten ways or sushi in or be raw can poaching by cooked other in salmon.,0.9794145439653273
384sentences.275,lowPMI_random,salmon it most be also the fish in though common the wild is farmed caught can.,0.9995034722511217
384sentences.276,lowPMI_random,abrasive a is hard hard saw a materials cut to uses that a or blade wire tool.,1.2668117467932556
384sentences.277,lowPMI_random,the teeth points saw along small sharp called the side the of are the cutting.,0.9220869569316505
384sentences.278,lowPMI_random,by gas saws electric can engine by hand or be worked motor an or powered.,1.0111083529255682
384sentences.279,lowPMI_random,carpentry forestry used medicine construction are and extensively saws in.,0.893712410685228
384sentences.280,lowPMI_random,knowledge scientist the produces world new about studies and a physical.,1.014564643636242
384sentences.281,lowPMI_random,hypotheses a does them creates test scientist to experiments and.,0.8197639368818409
384sentences.282,lowPMI_random,of classic chemistry and sciences examples are biology physics.,1.1042724003263982
384sentences.283,lowPMI_random,publish scientists journals their conferences and in research.,1.7578718536683466
384sentences.284,lowPMI_random,scissors for are two-bladed a used cutting instrument.,0.8153935035750751
384sentences.285,lowPMI_random,usually with blades the handles plastic are or metal metallic.,1.6885427444439385
384sentences.286,lowPMI_random,format fabric paper and depending can hair cut size or the on scissors.,0.9767101178271921
384sentences.287,lowPMI_random,shears are scissors pieces metal used of cutting or shrubs for large.,1.8390414251004434
384sentences.288,lowPMI_random,into screws for a screwdriver a something and is inserting tightening tool.,1.4587080968917794
384sentences.289,lowPMI_random,to be also after screws screwdrivers remove inserted can they used are.,1.1117093470161103
384sentences.290,lowPMI_random,rotating the screwdriver applies the the tip from handle torque.,1.0634429633739082
384sentences.291,lowPMI_random,the flathead two phillips are of and major types screwdrivers.,1.2191399072211935
384sentences.292,lowPMI_random,shark a a with is cartilage skeleton large a fish.,1.8113404980750423
384sentences.293,lowPMI_random,dorsal a have streamlined fin large with bodies sharks.,1.3288481034976638
384sentences.294,lowPMI_random,most jaws sharks with mammals fish powerful predate on and.,0.8599478672544203
384sentences.295,lowPMI_random,detect and very fields can have electrical keen sharks senses.,0.9760397221102909
384sentences.296,lowPMI_random,and a is floats that travels vehicle large ship water on a.,1.045962124873523
384sentences.297,lowPMI_random,diesel a can the in powered or ship ocean engines by steam be sails.,1.2454013217968243
384sentences.298,lowPMI_random,fish transport and to in ships are ocean used to the cargo containers.,1.2241813157762853
384sentences.299,lowPMI_random,ships cruise hotels cities take that between are floating people.,0.8643574655940052
384sentences.300,lowPMI_random,a with shoe a and is sole foot for outsole clothing a heel an the.,0.8336497197846082
384sentences.301,lowPMI_random,or made usually plastic canvas rubber are of leather shoes.,1.1339327271992217
384sentences.302,lowPMI_random,high styles in have heels women's shoes come often many and and colors.,0.5435877930430152
384sentences.303,lowPMI_random,and for is activity sports sneaker athletic a a shoe.,1.5279818190862107
384sentences.304,lowPMI_random,forces fights of a national the land soldier is armed member on who a.,0.8886774110727491
384sentences.305,lowPMI_random,wear soldier uniform militia camouflage must a in the a usually.,1.2426044779914518
384sentences.306,lowPMI_random,in a army or for work a her is his paid soldier volunteer.,0.9387213284837724
384sentences.307,lowPMI_random,and using fights grenades as rifles soldier weapons such a.,0.7282811240116155
384sentences.308,lowPMI_random,sharpened at of that pole a end are weapons and consist one head spears.,0.6782751975717716
384sentences.309,lowPMI_random,most spears personal weapon common of were before the the advent firearms.,0.9037372280456977
384sentences.310,lowPMI_random,stabbing were for or in when fighting war used throwing spears.,0.8907277901409336
384sentences.311,lowPMI_random,some fishing native still hunting use the and people for spear.,1.1561052022775582
384sentences.312,lowPMI_random,make legs are insects silk that eight with spiders.,0.8324103855637686
384sentences.313,lowPMI_random,silk build with and catch them to insects webs use spiders.,1.4258363009849262
384sentences.314,lowPMI_random,stuck paralyse use venomous prey their to fangs spiders.,1.4271164128896099
384sentences.315,lowPMI_random,big can spiders small as as be as as bird a coin a or.,1.0297790832394618
384sentences.316,lowPMI_random,inundation to are spongy land low swamps subject frequent.,1.147656548651278
384sentences.317,lowPMI_random,swamp a covered water is and vegetation with mud shallow.,1.6967000670465058
384sentences.318,lowPMI_random,are swamps and for nesting and reptiles breeding birds grounds.,1.5787717905569407
384sentences.319,lowPMI_random,arable produce often drain land fertile to swamps farmers.,1.3176825366873461
384sentences.320,lowPMI_random,for on is heavy torso sweater garment the warmth a worn a.,1.115068123187398
384sentences.321,lowPMI_random,wool are also but sweaters often common from cotton is knitted.,0.8767980246471594
384sentences.322,lowPMI_random,down that opens cardigan the is called front sweater a a.,0.9761260184941649
384sentences.323,lowPMI_random,and cut in as shape sweaters sleeve decoration differ well collar as.,0.7947977757792801
384sentences.324,lowPMI_random,surface table a piece a a and of legs flat is furniture with.,1.1303529845581632
384sentences.325,lowPMI_random,sit are there around to table a people usually chairs for.,0.9133537592032857
384sentences.326,lowPMI_random,together food to and people a set plates a eat cutlery on table meal.,0.9532325973680782
384sentences.327,lowPMI_random,to are or as on surfaces work also used tables write.,0.7839675123885212
384sentences.328,lowPMI_random,moving television a appliance an images a displays that is with screen.,0.9494982256850878
384sentences.329,lowPMI_random,televisions used programs mostly films are for or watching.,1.3408030994014941
384sentences.330,lowPMI_random,when play connected videogames used a console are to to they game.,0.9595188845568624
384sentences.331,lowPMI_random,television internet content be cable broadcast or or can via received.,1.608073073740965
384sentences.332,lowPMI_random,taking theft person's consent the their is without property of.,0.9268900601994222
384sentences.333,lowPMI_random,to or to own it receivers thieves steal to something sell.,0.9906482457222316
384sentences.334,lowPMI_random,or punishable a and jail is can with fines crime be theft.,0.6076925319149536
384sentences.335,lowPMI_random,intellectual ideas espionage is property and of theft industrial.,1.1731463638638775
384sentences.336,lowPMI_random,heating toasting is kitchen using toaster appliance bread elements a for a.,1.3486269776741622
384sentences.337,lowPMI_random,and toasters in it done a bread slot pop-up placed toast the once eject.,0.7733925219024809
384sentences.338,lowPMI_random,tray and on a side the control ovens have a door temperature within toaster.,0.9206999889872258
384sentences.339,lowPMI_random,to they cooked with be or allow toppings bread like garlic cheese.,1.1898912441531577
384sentences.340,lowPMI_random,shiny a fruit a and the tomato red is with smooth savory taste.,1.5848388398478939
384sentences.341,lowPMI_random,color ripe and as changes tomato softens gets red green more to it a from.,0.8839552159856796
384sentences.342,lowPMI_random,ketchup can salads well sauce soup to or tomatoes make be used as as.,0.7832538211851712
384sentences.343,lowPMI_random,many tomato and varieties sizes tastes there are with of different.,1.3217842330207479
384sentences.344,lowPMI_random,series track a between connected train is on moves cars a that stations a of.,0.9953876728912223
384sentences.345,lowPMI_random,the is locomotive a by train diesel or electricity pulled by powered.,1.6195260529681343
384sentences.346,lowPMI_random,long over of transports freight a distances or train goods fuel containers.,1.140234625230655
384sentences.347,lowPMI_random,between trains people suburbs a stations inside city transport and commuter.,0.737314360066441
384sentences.348,lowPMI_random,a train is off get train or place where a passengers on a station.,1.036774978746096
384sentences.349,lowPMI_random,stations or for machines purchasing have counters train tickets.,1.0309469521332955
384sentences.350,lowPMI_random,to are in and station places eat waiting rooms there a.,0.9101886392364853
384sentences.351,lowPMI_random,from trains cargo next platform passengers a line or to enter the.,1.0196500597843905
384sentences.352,lowPMI_random,a cyclone is sea storm over warm formed tropical a tropical.,1.5398638790324672
384sentences.353,lowPMI_random,can powerful and winds torrential produce very cyclones rain.,1.7361938528707554
384sentences.354,lowPMI_random,also tropical high flooding can coastal cyclone and waves cause.,1.2494887492847944
384sentences.355,lowPMI_random,seriously damage tropical can a move cyclone and property inland.,1.4306980067113197
384sentences.356,lowPMI_random,the violin an with that bow played with four instrument strings is a is.,1.1954918118005782
384sentences.357,lowPMI_random,and is smallest highest its instrument in family the pitched violin.,1.1295114385891756
384sentences.358,lowPMI_random,the violinist and instrument collarbone between chin holds the a the.,0.8311801102743482
384sentences.359,lowPMI_random,are hand bowing the notes one made by neck while fingering different with.,0.8657294496032678
384sentences.360,lowPMI_random,dead the scavenging feeding of are mostly carcasses animals birds on vultures.,1.4386285751099523
384sentences.361,lowPMI_random,head vultures losing without many have heat bald feathers for a.,0.7771317142576264
384sentences.362,lowPMI_random,vultures large wings use soar for flapping without to their miles.,0.9392129686676787
384sentences.363,lowPMI_random,may animals kill but attack wounded sick seldom the healthy vultures or.,0.9170003902025151
384sentences.364,lowPMI_random,structure area sometimes solid a defines protects and a an is wall that.,0.9574567591787808
384sentences.365,lowPMI_random,walls delineate building space divide rooms support into roof the and the a.,1.0204368374328165
384sentences.366,lowPMI_random,usually well drywall brick are as made of or as stone walls cement.,0.8269203519080205
384sentences.367,lowPMI_random,a retaining to movement barrier or walls of provide earth stone water.,0.9502821216383401
384sentences.368,lowPMI_random,liquid area 70% common water earth of covering most its the is on.,0.9955470789755515
384sentences.369,lowPMI_random,plants live animals people order must drink to and in water.,1.174611310777078
384sentences.370,lowPMI_random,freezes water a and at solid ice low becomes temperature.,1.684211810263138
384sentences.371,lowPMI_random,sky are from that in clouds vapor is water the falls condensed which rain.,1.3735954386913527
384sentences.372,lowPMI_random,large a is lives that a mammal ocean whale in very the.,1.0665402949197782
384sentences.373,lowPMI_random,whales blowholes heads through surfacing breathe on when their.,1.1764459943371652
384sentences.374,lowPMI_random,whale and energy a serves the blubber an in reservoir as as insulation.,0.9440228409399635
384sentences.375,lowPMI_random,whales ambergris have oil whale for and been hunted meat.,1.4309107437805342
384sentences.376,lowPMI_random,is let through in window to a transparent a light opening a wall.,0.9758927980086227
384sentences.377,lowPMI_random,by a window sheets of made place typical of frames glass in is held.,0.9544745944569498
384sentences.378,lowPMI_random,also open sound let when a through will air and window.,0.5458030874831898
384sentences.379,lowPMI_random,to panes windows increase have some multiple inside insulation.,0.6990279456824449
384sentences.380,lowPMI_random,adult a a is woman female human.,1.2117223125643444
384sentences.381,lowPMI_random,stereotypically woman caregiver as is seen a a.,1.2501160135245737
384sentences.382,lowPMI_random,become woman children and can pregnant a bear.,0.793717270511785
384sentences.383,lowPMI_random,a organs woman has man than reproductive different a.,0.8747836132070668