243sentences.0,lowPMI,beekeeping conservation habitats the of encourages local.,10.382091171011808
243sentences.1,lowPMI,it beekeeper's conserve plants pollen in to every that is interest local produce.,29.58930671839339
243sentences.2,lowPMI,passive agriculture does require vegetation cleared way as of to a that for form it not native be make crops.,27.670645338942414
243sentences.3,lowPMI,beekeepers discourage pesticides they honeybees the on could of because the also use crops kill.,22.174839085418835
243sentences.4,lowPMI,artisanal go their their is to but the for worth beekeepers extremes craft product effort.,14.929978145966931
243sentences.5,lowPMI,artisanal emphasizes character consistency and and over honey-making quality quantity.,31.60254683328688
243sentences.6,lowPMI,produce honey become their to of the finest beekeepers micromanagers honeybees.,47.70509341191642
243sentences.7,lowPMI,they fields nectar select ways honey the and to when the scout know flows best extract.,18.752222396184333
243sentences.8,lowPMI,beekeeper hive hum fills as the of the the the 40000 opens deep bees air.,25.085812933287208
243sentences.9,lowPMI,beekeeper honey pollen bee the the and checks stores supplies nursery.,39.52544018711154
243sentences.10,lowPMI,bees his arms they sting gentle across but and because crawl bare hands don't they're.,33.95537165062226
243sentences.11,lowPMI,i recurring exams i'm college a though in about no have dream even longer.,26.35225809665849
243sentences.12,lowPMI,my it's my exam suddenly i've gone in of to the and dream day final i realize never class.,24.396514378684635
243sentences.13,lowPMI,i've even reading any the of never done assignments.,11.923964785232531
243sentences.14,lowPMI,i many people same who the know other have nightmare.,22.635383836515135
243sentences.15,lowPMI,morning study write dream previous each the down the in to from participants had their experience night.,24.54932941892355
243sentences.16,lowPMI,they they dreams dream emotional if and and any each recorded recalled described its intensity.,15.515561779844933
243sentences.17,lowPMI,participants assigned category flying bad nightmare each a a or to as a a then dream such dream dream.,32.852021479251945
243sentences.18,lowPMI,night sleep minds as we awake every as while when we our are active are.,28.944628668898666
243sentences.19,lowPMI,we night ninety each throughout in about the of dream cycles minutes.,24.934769003842472
243sentences.20,lowPMI,images stories combinations places our and and of can feelings strange characters fill dreams.,17.34844462745913
243sentences.21,lowPMI,i start cards went worse when from to to decided playing things bad.,11.797675050285296
243sentences.22,lowPMI,gambling something had i already close doing to to and was i do had spent $10000 it.,31.853351629873696
243sentences.23,lowPMI,my were watching gamble savings of friends sick me my away.,18.3511291109379
243sentences.24,lowPMI,hardest was leaving losing i not the of after the a part horror casino money did have.,27.550336211412965
243sentences.25,lowPMI,good social effects gambling hard by on and to the of data economic legalized are come.,31.006208822371065
243sentences.26,lowPMI,studies having nearby gambling more some a that indicate casino makes problems likely.,19.51272939370818
243sentences.27,lowPMI,gambling be personal marriage may and with also associated bankruptcies problems.,20.64332658296577
243sentences.28,lowPMI,past has dramatic legalized over there of the a generation been expansion gambling.,16.01044379378386
243sentences.29,lowPMI,most have lotteries have well and as states instituted many casinos.,28.84186566509194
243sentences.30,lowPMI,gambling become big business but has very controversial.,15.251359567405508
243sentences.31,lowPMI,wind shook shattering kitchen the the a the from the in hurricane house window.,33.90673344301819
243sentences.32,lowPMI,we grabbed slammed surrendered hurricane in the the the some and to ran food door kitchen.,24.26333736678335
243sentences.33,lowPMI,i afraid house ripped foundation would from was our be its.,3.4103069135117066
243sentences.34,lowPMI,later wind house fell huddled that the on with the the night shaking we asleep sofa.,29.414208465832008
243sentences.35,lowPMI,hurricanes limbs suck their can of off off and tear trees houses foundations.,25.038401584067323
243sentences.36,lowPMI,they heavy trigger mudslides that and can dump rains floods.,23.168342443301754
243sentences.37,lowPMI,hurricanes bring surge ocean lurches can a that a of onto also storm wall water land.,19.33882693771146
243sentences.38,lowPMI,scientists several look ancient to of for use methods evidence hurricanes.,22.431384053404535
243sentences.39,lowPMI,strongest deposited windblown sand coastal the at of of the storms layers beach bottoms lakes.,46.340540142776355
243sentences.40,lowPMI,trees passing preserve storm growth by of in a each drenched hurricanes record their rings.,19.372462155198274
243sentences.41,lowPMI,american cream exported different have preferences around but the ice is world countries different.,20.63753606853401
243sentences.42,lowPMI,many enjoy ice flavored delicacies with people their cream local.,31.069007880488734
243sentences.43,lowPMI,tropical vanilla cream topped fresh in with some and places ice is bananas mangos.,43.2688871050429
243sentences.44,lowPMI,i making cream child at a as remember ice home.,13.062333723071735
243sentences.45,lowPMI,we cream frozen then turning expose cold the a to the into the to poured mixture tub start crank it.,37.58523240811194
243sentences.46,lowPMI,eventually froze couldn't hand more enough the that any it i turn crank.,16.836531092435457
243sentences.47,lowPMI,then put half-frozen cream harden the into to of the i container ice freezer.,32.16835630043994
243sentences.48,lowPMI,ice is milk sugar up whipped-in a or to of and cream mixture cream flavorings half air.,47.7482937895521
243sentences.49,lowPMI,butterfat cream makes smooth the and and in what milk is it silky.,30.963588711328217
243sentences.50,lowPMI,high-priced ice is butterfat flavorings with and premium cream loaded natural.,22.64285657299789
243sentences.51,lowPMI,i riding mower chair my hurt when the the use lawn uncomfortable makes back.,39.39937647506445
243sentences.52,lowPMI,i levers me machine the in to two of the use front control.,24.946102299225046
243sentences.53,lowPMI,sharp lawn precisely blade the the of underneath each blades mower sever grass.,44.52853628923195
243sentences.54,lowPMI,mowing is task has me the and a lawn long it taught patience.,17.10288187595774
243sentences.55,lowPMI,lawn is revolving cut even a with to a that an mower machine blades grass height.,41.70121558904386
243sentences.56,lowPMI,blades powered machine motor the by the a may or may be muscle have.,43.18258041334169
243sentences.57,lowPMI,most power lawn is gas the a for common source mowers small engine.,33.706311566288754
243sentences.58,lowPMI,electric are environment do create for because the lawnmowers better they not emissions.,7.012483531892778
243sentences.59,lowPMI,they need maintenance less run and to also less are expensive.,22.973418466845416
243sentences.60,lowPMI,electric mowers much ordinary as an as lawn use electricity toaster.,31.236225608601394
243sentences.61,lowPMI,astronauts long their a for train time spacewalks.,16.380635283434547
243sentences.62,lowPMI,much training conducted of their is underwater.,9.162531466063044
243sentences.63,lowPMI,they hours hour spend space may to in for will 8 10 the every in spend pool they floating.,32.4934750031412
243sentences.64,lowPMI,astronauts be perform repair outside station to and the the to on of practice able construction work space.,31.56103678891792
243sentences.65,lowPMI,commanders flights always many backgrounds test the and of as shuttle are pilots have military pilots.,28.846992414689907
243sentences.66,lowPMI,other are doctors scientists experiments as who in and can astronauts trained engineers run space.,31.05449358926726
243sentences.67,lowPMI,early were men now much diverse all but crews young astronauts are more.,21.93183192526678
243sentences.68,lowPMI,team floated exterior shuttle the out the the of to of astronauts together space.,24.53800244924356
243sentences.69,lowPMI,they tools repair part telescope to on the the carried needed broken huge.,15.386719906384888
243sentences.70,lowPMI,astronaut bolts other replacement place one on while the the the the into loosened pipe fitted part.,36.38340404108004
243sentences.71,lowPMI,computers been art time artists in a for by have used long experimental.,18.7530991026479
243sentences.72,lowPMI,now are affordable computer have mainstream world that the and computers more widespread graphics entered art.,32.47965380812078
243sentences.73,lowPMI,computer conferences art showcase graphics some the that science have exhibitions latest technology.,35.37697619736228
243sentences.74,lowPMI,brand conferences sprung devoted cultures up to two that the new have are bridging.,13.156295917262602
243sentences.75,lowPMI,computer specialist doctors medical surgical the to with and graphics works visualize conditions procedures.,44.25263952738117
243sentences.76,lowPMI,she digital help understand patient's to a within uses animation doctors structures body.,18.233776729363097
243sentences.77,lowPMI,seeing structures screen much squinting the an a at in on than internal animation is clearer x-rays.,17.336497901708977
243sentences.78,lowPMI,modern animation powerful education a for digital is tool.,18.805616050027012
243sentences.79,lowPMI,field graphics ask actually students as of must the broadens if computer we graphics help.,35.99947361020924
243sentences.80,lowPMI,research suggest engaging imagery effective that can the and in does vivid digital be classroom.,21.057606170253873
243sentences.81,lowPMI,reason came school place cliche the in to the he law first was.,17.27955841653352
243sentences.82,lowPMI,he change better to the for wanted things.,9.228204197193492
243sentences.83,lowPMI,he evening school program had all-nighter one when the at and an recalled law he director pulled.,27.62050548981371
243sentences.84,lowPMI,they finished petition evicted sunrise a at for finally drafting several families.,20.481054047977665
243sentences.85,lowPMI,past legal has relentlessly over four the up the decades of cost education gone.,25.685971606817752
243sentences.86,lowPMI,private school increased by of since 1970s a four the law tuition factor.,18.496901077761848
243sentences.87,lowPMI,market law new eventually the to for for and could admission school lawyers crash.,17.228272350569213
243sentences.88,lowPMI,law faculty have experience practicing in school often minimal actually law.,19.306675955299845
243sentences.89,lowPMI,professors writing review prestigious on for focus law articles journals.,16.873275987167375
243sentences.90,lowPMI,law often theoretical topics law england the on in with like schools emphasize classes property feudal.,20.96828671201852
243sentences.91,lowPMI,pharmacists increasingly preventive in are involved care.,13.795510836056579
243sentences.92,lowPMI,they becoming health people pharmacies because often to are front-line advisers go.,31.07925058988107
243sentences.93,lowPMI,pharmacists often source public a about of are good information health.,15.461333794903597
243sentences.94,lowPMI,doctors pharmacists know drug side with a and because about consult they lot interactions effects.,15.852508538774586
243sentences.95,lowPMI,pharmacists prescription patients advice use to about of and the dispense drugs offer safe medications.,26.964679775339924
243sentences.96,lowPMI,they conduct wellness provide and and also health screenings vaccines.,27.488754616935807
243sentences.97,lowPMI,pharmacists professional pass order licensed must two to and in have degrees exams be.,13.528418895029342
243sentences.98,lowPMI,i pharmacy chose as i be the to as a think profession me much chose pharmacist.,23.99728889948581
243sentences.99,lowPMI,i fascinated arranged pharmacies by in a the as was neatly bottles child.,31.719534955341018
243sentences.100,lowPMI,i it's i impact have my but that of the on know cliche love i lives patients.,21.878024737566243
243sentences.101,lowPMI,person his own potentially situations each to or has her response stressful.,19.728252418174847
243sentences.102,lowPMI,person devastated find fulltime one by another may while may be unemployment working stressful.,30.139846689594872
243sentences.103,lowPMI,are stresses stuck there in like everyday being traffic.,19.904230000887523
243sentences.104,lowPMI,are traumatic such loss there or a as of also stresses divorce child.,24.100100822810507
243sentences.105,lowPMI,people different stress some to can of adapt levels.,14.177566283038235
243sentences.106,lowPMI,not effectively take toll if though a with can on dealt stress real health.,17.24939304232436
243sentences.107,lowPMI,remember your stress it harmful that that will to if or it's reaction determines be beneficial.,23.536517503486827
243sentences.108,lowPMI,my was i incredibly worried when and company downsizing felt stressed.,26.961903048699327
243sentences.109,lowPMI,my race i felt times would no at for and heart reason even dizzy.,5.5958662351435375
243sentences.110,lowPMI,then started yoga manage stress to to i taking try my level.,25.486588588986617
243sentences.111,lowPMI,man jet tuxedo stripes the with a wore black satin.,21.28907414064445
243sentences.112,lowPMI,it made fabric latest with the in was rich cut style.,23.99909512205631
243sentences.113,lowPMI,clearly had tailored fit perfectly as the he it it man.,28.260886134572594
243sentences.114,lowPMI,it something stylist picked event like would for a out a looked professional have formal.,22.803566416672474
243sentences.115,lowPMI,tuxedo still today's are personal wedding while in the is preferred grooms making statements attire.,26.20588707540443
243sentences.116,lowPMI,shorter are edge fashion on of the for jackets cutting wedding men.,22.197917041636057
243sentences.117,lowPMI,grooms also their colorful satin up and with are jazzing tuxedos shirts ties.,40.27997107827235
243sentences.118,lowPMI,tuxedo is dinner black lapels a with a jacket tailless jacket silk.,54.0885428669443
243sentences.119,lowPMI,black trousers perfect tuxedo should to a the tie be match jacket.,27.599207429660915
243sentences.120,lowPMI,shirt be white be match lapels the and should the should the and always plain tie black jacket.,33.84853754074792
243sentences.121,lowPMI,concert went the in blind pianist adulthood.,18.605663793842815
243sentences.122,lowPMI,her was genetic slowly eyes by that a the blindness caused condition damaged.,20.567301214774666
243sentences.123,lowPMI,she interviewers blind advantage that to an a told being was pianist.,18.045582382646494
243sentences.124,lowPMI,she visual she more her no could so on had distractions concentrate fully music.,17.060089799942443
243sentences.125,lowPMI,government blindness insufficient activities the for of as the defines vision ordinary life.,22.05108243013612
243sentences.126,lowPMI,establishing legal resources focused blind by of on the can the parameters blindness be legally.,21.544013655682736
243sentences.127,lowPMI,overlook vision do meet this those but the may who who have problems not standard.,30.967928779145087
243sentences.128,lowPMI,developing blindness is caused disease deficiencies in by in and countries children usually infectious nutritional.,42.790055613378826
243sentences.129,lowPMI,causes be medicine supplements these by can and often prevented vitamin.,15.504021819130818
243sentences.130,lowPMI,developed blindness more be genetic in by to countries is likely caused problems.,19.9634921888413
243sentences.131,lowPMI,one knows taste your your no a to how from really exactly gets mouth brain.,26.806247196757848
243sentences.132,lowPMI,scientists process molecule touches bud the a a when of think begins food taste cell.,17.141034017856697
243sentences.133,lowPMI,cell taste taste cell the to the a beneath carries message nerves.,24.972540542403564
243sentences.134,lowPMI,it once taste responded tastes that to of four each one the was believed bud basic.,26.79391685488558
243sentences.135,lowPMI,is bud tongue only were something that on of would a the the if taste tip respond you eating sweet.,25.10946359848695
243sentences.136,lowPMI,scientists think taste be basic that can all the a to of now single bud sensitive tastes.,26.672608473516078
243sentences.137,lowPMI,my taste very i eat very flavors of to so with sense isn't good tend foods strong.,21.935986532911596
243sentences.138,lowPMI,i lots sauce drink coffee so very of with and no like hot i my cream it's bitter.,35.80013275773365
243sentences.139,lowPMI,i even sweetness so make i extra when can't taste well i cookies add sugar.,11.619489954389723
243sentences.140,lowPMI,hip are problem individuals a for fractures real aging.,16.180137458963223
243sentences.141,lowPMI,patients faced break process with of and of the the the are pain difficult healing.,16.24713312094742
243sentences.142,lowPMI,families adjust loss to the to of have patient's independence.,30.927678816625036
243sentences.143,lowPMI,society fractures substantial time and and the for in hip involve expense hospital.,14.13791658964313
243sentences.144,lowPMI,halfway i sound snapping fingers through a the like race heard someone their.,42.88369849975599
243sentences.145,lowPMI,i crunch knew my was a that and felt i instantly foot broken.,20.219514079345966
243sentences.146,lowPMI,step running every on like felt spikes.,19.893719249189616
243sentences.147,lowPMI,doctor's afterward clearly fracture at the the the office x-ray showed.,25.238074290331596
243sentences.148,lowPMI,are different bone there of a few types fracture.,14.235059739241152
243sentences.149,lowPMI,closed fractures is skin intact in the the or but simple bone broken is.,39.24581677595694
243sentences.150,lowPMI,open fractures bone punctured produced wound in the and or the an compound broken has skin open.,58.13373492332988
243sentences.151,lowPMI,new piercings infected not cleaned can if ear become they're carefully.,19.459023751373284
243sentences.152,lowPMI,signs include swelling earlobe of around or the infection tenderness redness.,19.495813893286762
243sentences.153,lowPMI,you symptoms area ointment if the some these and see clean apply.,9.46323506316674
243sentences.154,lowPMI,redness don't contact health provider if and the away swelling go your care.,23.12964090523956
243sentences.155,lowPMI,local has new reduce a to hospital initiated measures infections.,19.54377260550325
243sentences.156,lowPMI,they improved washing ensured patients isolated patients and from that have hand habits infected are other.,18.49886350481988
243sentences.157,lowPMI,hospital seen rates new began the the since has infection drop measures.,16.720792002305373
243sentences.158,lowPMI,scrubbing soap delays increases infection a or the with which of wound alcohol healing risk.,38.26355787564845
243sentences.159,lowPMI,band-aids risk holding moisture can of in the by and increase infection heat.,19.55165630025812
243sentences.160,lowPMI,fortunately skin easily treated are can once most infections be they diagnosed.,15.95901310921013
243sentences.161,lowPMI,modern started sixteenth at of the the opera end century.,19.079340805648478
243sentences.162,lowPMI,it effort imitate tragic as to an and began rediscover greek performance.,31.60153945310794
243sentences.163,lowPMI,early opera tales their matter of for from founders chose antiquity subject.,19.915005066025422
243sentences.164,lowPMI,later branched sources musical out of into and operas different stories traditions.,23.675119934997323
243sentences.165,lowPMI,opera art singers perform combines music an which a and in and that is form musicians play words.,39.36045412528697
243sentences.166,lowPMI,it many spoken such scenery of of and the as incorporates elements theatre acting costumes.,31.0431850425226
243sentences.167,lowPMI,performances typically opera accompanied in and an an by are given house orchestra.,31.491484486543012
243sentences.168,lowPMI,opera has hard role production the the the to in singer worked win new.,17.126546191291354
243sentences.169,lowPMI,her is just about job not singing.,8.24353691666819
243sentences.170,lowPMI,acting presence interpretation critical and all stage musical are.,14.515626002152958
243sentences.171,lowPMI,her strong is star but of the the pure voice certainly show.,17.045353183334058
243sentences.172,lowPMI,painter many mind painting a in a must while keep elements completing.,16.1865198272326
243sentences.173,lowPMI,she use elements strong lighting to like of and has solid design composition.,12.0185769743872
243sentences.174,lowPMI,she execute strokes to with the has brush skill.,17.284113699685676
243sentences.175,lowPMI,most content reveal painter's the the a the of should of importantly painting glimpse soul.,10.274644576174989
243sentences.176,lowPMI,long painters employed skilled creative as as than ago were more artisans artists.,27.093991092212264
243sentences.177,lowPMI,however painters social scholars royal the and the of of prominent had status members court.,14.602869925182912
243sentences.178,lowPMI,they their decided subject established relationship patrons on and with and a signed work its imagery personal their.,28.94529856395512
243sentences.179,lowPMI,painter learned less scene painting as to the on a on and the i focus actual more itself.,27.208138287549115
243sentences.180,lowPMI,artist's is camera has everything field an that within a to of eye not lens record its vision.,27.881598895217277
243sentences.181,lowPMI,i nature useful more needed painting but for than a found provides information is good.,30.80048779517561
243sentences.182,lowPMI,eagle is bird the an owl impressive.,20.86106278532919
243sentences.183,lowPMI,it ear stick that like up has tufts horns.,15.159290867904152
243sentences.184,lowPMI,its orange are creepy they right and could like through large eyes downright look pierce you.,21.231198054259224
243sentences.185,lowPMI,owl night swiftly darkness this and the at through hunts flying silently.,32.023180928510655
243sentences.186,lowPMI,owl have endangered are while some species become others thriving.,20.24546468058264
243sentences.187,lowPMI,barred has well previous the beyond owl spread its habitat.,21.188625699146037
243sentences.188,lowPMI,early suggest have barred invasion that the may findings logging facilitated owl's.,18.823905828834242
243sentences.189,lowPMI,owl thick gripped her the a with on and landed branch it talons.,26.571374944220146
243sentences.190,lowPMI,she her her settled half-closing to an and pressed wings sides down eye.,11.027041597382988
243sentences.191,lowPMI,she been glow eyes might but the a for of have statue her.,16.018989615170565
243sentences.192,lowPMI,it's watch bear floating ice to across a unnerving polar stalk sea.,19.459583297860625
243sentences.193,lowPMI,it's worse are frigid directly animal when the the in beneath even you submerged waters huge.,28.64890824122249
243sentences.194,lowPMI,overhead paws ice bear its down the the on as giant set polar pursued prey.,32.06806747110229
243sentences.195,lowPMI,part crew bear i months shots as the a of for these film polar documentary spent capturing.,32.56953123362488
243sentences.196,lowPMI,polar are animals people other confusion one the will than of that for or bears few attack reasons fear.,30.967189085209252
243sentences.197,lowPMI,they hunger live environment may of in out because a attack they food-scarce.,17.868499255497735
243sentences.198,lowPMI,they people careful their will on up to sneak slowly conserve energy.,26.80017113504533
243sentences.199,lowPMI,seal important polar diet the of an the is part bear's.,18.84204588795278
243sentences.200,lowPMI,hunting wait breathing stalk are ice when by or on will a that the they seal's hole seals basking.,21.04731157088846
243sentences.201,lowPMI,polar crawl forward place looks the and when around will in the bear quietly freeze seal.,33.42863896408508
243sentences.202,lowPMI,medieval was structure primarily the for a castle not built defense.,25.088145521168293
243sentences.203,lowPMI,its was its to purpose dominate surroundings.,12.45359669479518
243sentences.204,lowPMI,castle control day's a within could a easily lands walk.,13.746081501987794
243sentences.205,lowPMI,times peasants property brought walls during and inside for of could the attack livestock be castle's protection.,31.821035973812194
243sentences.206,lowPMI,spectacular dramatic provide stormy many in of of a the castles locations record history regions.,26.709996768976318
243sentences.207,lowPMI,today stand rocky overlooking landscapes villages and they atop cliffs beautiful quaint.,36.72086740228088
243sentences.208,lowPMI,past were battles intrigue in to the and they home plots.,21.146856436547328
243sentences.209,lowPMI,leaving station saw hotel magnificent built upon above on the a a train we our looming castle cliff.,51.4351913621496
243sentences.210,lowPMI,thick walls inner hundreds river the of the an above outside sheltered courtyard feet.,49.18155215727023
243sentences.211,lowPMI,our rooms incredible scary an but tower had slightly view.,13.687424843994885
243sentences.212,lowPMI,climbing feet pyramid gestured small entranceway after the the into up of the a fifty side man me black.,35.96885236010627
243sentences.213,lowPMI,led pyramid's this the the into at chamber center.,12.753279925519323
243sentences.214,lowPMI,i him dark passage down the followed steep narrow.,15.319636353296156
243sentences.215,lowPMI,smell was air thick the the the inside and pyramid chalky was.,33.86755634326218
243sentences.216,lowPMI,more tomb pyramids pride than of the the the the of just king represented nation.,21.470964249262934
243sentences.217,lowPMI,care builders their is the the that in pyramid took craft evident.,14.104514248106186
243sentences.218,lowPMI,stones pyramid precisely together structure the and the the until covering were fitted polished gleamed.,26.413949988196467
243sentences.219,lowPMI,architects still solve pyramids constructed to of the how are working mysteries were.,22.794945712898752
243sentences.220,lowPMI,think were pyramid's raise blocks some the inside to ramps built walls stone.,23.43508997443421
243sentences.221,lowPMI,others ramps exterior pyramid that the the up of speculate zigzagged walls.,27.780326987815446
243sentences.222,lowPMI,even rock takes strength and beginner climbing courage.,15.197056256531965
243sentences.223,lowPMI,climbers learning try large who can the on are sport scrambling boulders.,20.134717639188622
243sentences.224,lowPMI,once comfortable begin ropes climb rock with can that to they're they using safely vertical faces.,20.87544876656669
243sentences.225,lowPMI,boys were rock all the the of on to trip new climbing.,25.42110878901775
243sentences.226,lowPMI,many afraid of were heights.,10.14734055264369
243sentences.227,lowPMI,having else their harnesses them down and someone check knots helped calm.,21.803818098084495
243sentences.228,lowPMI,adults climbing appropriate the for up set routes beginners.,22.596448351465725
243sentences.229,lowPMI,free-climbing particular rock one of is style climbing.,16.39898638246155
243sentences.230,lowPMI,climber solely skill strength rock the and a on to relies her physical ascend face.,24.36619735474978
243sentences.231,lowPMI,rope are equipment and the bolts only used.,14.830388503274321
243sentences.232,lowPMI,they meant stop she to if the are only climber falls.,29.709996435578514
243sentences.233,lowPMI,i skied trail buddies me down that the to hesitantly steep my convinced try.,16.94916834902698
243sentences.234,lowPMI,i bad i myself down a and made turn found tumbling.,18.39237865983818
243sentences.235,lowPMI,i came flat slope to at of a a the finally stop part.,14.560863659505308
243sentences.236,lowPMI,my were be my were snow hill to in up and a the skis nowhere found poles lodged drift.,25.610924469613384
243sentences.237,lowPMI,major professional is use poles a how of strength skiers they ski.,17.87780477453038
243sentences.238,lowPMI,proper ski improves balance flair skiing of to and use poles their adds their.,19.23541940391283
243sentences.239,lowPMI,it need body regain balance the to for while minimizes upper movements lost skiing.,18.423901132789567
243sentences.240,lowPMI,new designs boots skiers more and ski stiffer let turn quickly.,17.22139471417153
243sentences.241,lowPMI,faster turns twisting legs but the the and on tighter increase force.,27.04031166286343
243sentences.242,lowPMI,has more particularly skier's this to the to in led injuries ligaments knee.,23.540354682392095
384sentences.0,lowPMI,accordion portable instrument an with a two is musical keyboards.,24.488305451859567
384sentences.1,lowPMI,keyboard used notes chords one the for for is individual other.,15.563388964025206
384sentences.2,lowPMI,accordions sound blow reeds with through that produce bellows air.,16.89415330748033
384sentences.3,lowPMI,accordionist keyboards closing an while the both and plays opening bellows.,16.60071226525457
384sentences.4,lowPMI,apartment self-contained is building an that a a of is home part.,14.309419814939687
384sentences.5,lowPMI,apartment more as kitchen an one as and may or a a have rooms well bathroom.,22.179342204703037
384sentences.6,lowPMI,apartments single others some for for are people families.,17.09013656977995
384sentences.7,lowPMI,building garage facility storage the a or can a have laundry extra space.,40.10193445257093
384sentences.8,lowPMI,apple fruit green yellow an that or a can is be red.,37.365046507928135
384sentences.9,lowPMI,apples thin sweet seeds skin and a have crisp pulp inside.,28.27414817558942
384sentences.10,lowPMI,very apples used cider some to tart are make.,20.211057665691314
384sentences.11,lowPMI,apples eaten roasted pies can in or be raw baked.,30.576391713993853
384sentences.12,lowPMI,arson criminal burning wildland the a of or is act building.,16.473185329901007
384sentences.13,lowPMI,fire determines was accident a a or if by investigation fire caused arson.,20.40504673524702
384sentences.14,lowPMI,arson done damage collect can to to or be cause others insurance.,27.461311862506413
384sentences.15,lowPMI,severity depends were the the whether of on crime people harmed.,18.107481468483083
384sentences.16,lowPMI,automobile is vehicle passengers an a or for car wheeled transporting.,24.149134904477428
384sentences.17,lowPMI,car powered electric a by or can a be gasoline engine.,36.95121821304522
384sentences.18,lowPMI,driver car other just the on the steers roads passengers sit.,25.05570480666223
384sentences.19,lowPMI,automobiles size doors trunk in and of of the vary number type.,12.574312556980757
384sentences.20,lowPMI,axe tool split wood the to a and is used cut.,21.509940479594242
384sentences.21,lowPMI,axe consists attached the a a of to usually head handle.,5.677862486838959
384sentences.22,lowPMI,historically heads made then of and axe were stone metal.,17.485453980708314
384sentences.23,lowPMI,axes used firemen buildings by and are woodcutters entering.,21.14174452234556
384sentences.24,lowPMI,banana long grows soft inside a that with a in a is fruit bunchs edible.,46.92338784718854
384sentences.25,lowPMI,banana be purple have brown a can and when or ripe yellow red small spots.,42.367354453315265
384sentences.26,lowPMI,greatest are countries india the or as producers tropical such ecuador.,16.634148837890777
384sentences.27,lowPMI,unripe plantains staple often potatoes and like and bananas are foods cooked.,32.83749118726558
384sentences.28,lowPMI,bed piece used sleep sex a of a or a as to is furniture place have in.,13.415005156254727
384sentences.29,lowPMI,bed made box sheets covers a a a and of and plus is mattress spring pillows.,25.988436918649583
384sentences.30,lowPMI,waterbeds is water it filled in with in the and with mattress filled airbeds is air.,58.85050082113861
384sentences.31,lowPMI,type is fabric suspended another the above of a the bed hammock sling ground.,46.874924243015506
384sentences.32,lowPMI,bee flying black body a with and six a a and is insect yellow legs.,36.50788312335252
384sentences.33,lowPMI,bees pollen they make between nectar as to spread flowers collect honey.,16.940672200218163
384sentences.34,lowPMI,bees social live colony hive and a a in in are insects together located.,27.14625072622981
384sentences.35,lowPMI,many have attack feel and if can bees stingers they threatened.,18.528414856744874
384sentences.36,lowPMI,bicycle vehicle pedals a with and a a two on is wheels frame.,30.461274791046986
384sentences.37,lowPMI,bicycle propelled cyclist a the a the by of on is pedalling saddle.,31.580570348239423
384sentences.38,lowPMI,wheels rubber inner full the an with of have tires tube air.,32.36772727942991
384sentences.39,lowPMI,people bicycles recreation for and use transportation racing.,16.555183688805155
384sentences.40,lowPMI,blacksmith objects iron a or by creates forging steel.,20.319371857112092
384sentences.41,lowPMI,blacksmith bends iron change shape a on to and an hammers hot anvil its.,28.396279458978057
384sentences.42,lowPMI,blacksmiths thick handle tongs a the and with wears apron metal.,19.64013883514745
384sentences.43,lowPMI,blacksmiths objects horse iron like or make weapons shoes furniture.,20.11095876297964
384sentences.44,lowPMI,blender kitchen used ingredients food a to a or is appliance mix puree.,34.07874827853431
384sentences.45,lowPMI,blenders glass container blade a with in or a the have plastic rotating bottom.,32.32399007708688
384sentences.46,lowPMI,blenders used milk fruit to and are make shakes smoothies.,11.477504296648442
384sentences.47,lowPMI,blenders also make alcoholic crushed to with are used cold drinks ice.,20.56240804567078
384sentences.48,lowPMI,boy young child not puberty a who a is male has undergone.,21.51998215118906
384sentences.49,lowPMI,term used sex relative the to to is indicate distinctions girls.,23.00821300618284
384sentences.50,lowPMI,traditionally play games other like and each to with boys rough fight.,32.637140875334744
384sentences.51,lowPMI,adult behaving is referred an as to a male immaturely often boy.,33.32601277652948
384sentences.52,lowPMI,broccoli plant family a the in is cabbage.,16.402009631063713
384sentences.53,lowPMI,broccoli green head tough a a and has flower thick stalk.,27.641114629424155
384sentences.54,lowPMI,broccoli high fiber nutrients in and is vitamins other.,16.18629590044851
384sentences.55,lowPMI,broccoli boiled eaten can or be stir-fried raw.,36.146340181768316
384sentences.56,lowPMI,butterfly flying large a with a four is insect wings.,31.95009914278702
384sentences.57,lowPMI,wings be colorful the can of and butterflies very patterned.,16.727113120743255
384sentences.58,lowPMI,metamorphosis transformation butterfly the a a of into is caterpillar.,20.577012769111377
384sentences.59,lowPMI,people butterflies colorful some of because collect their wings.,27.659797510158352
384sentences.60,lowPMI,carpenter artist laborer wood a or with an who is manual works.,21.940770390769565
384sentences.61,lowPMI,carpenters repair furniture other and and build houses boats objects.,35.63004423737447
384sentences.62,lowPMI,carpenters tools hammers pliers as and use such saws planes.,23.00722986700533
384sentences.63,lowPMI,luthier carpenter repairs instruments a that a and is makes musical.,11.772867220262142
384sentences.64,lowPMI,cats small animals tail with and four a are furry legs.,27.335230096058332
384sentences.65,lowPMI,cats themselves their like by to groom licking fur.,17.65289759521765
384sentences.66,lowPMI,cats mice are fed owners can but or by hunt birds often their.,38.449491829782005
384sentences.67,lowPMI,claws are they sharp the so of that cats retractable keep.,31.273083711145016
384sentences.68,lowPMI,chair piece designed sit a of to a for on is furniture people.,14.470095581217949
384sentences.69,lowPMI,chairs seat floor supported of above a by consist raised level legs.,14.897409905190944
384sentences.70,lowPMI,chairs have arm as cushion can as and a also back rests well.,17.774965633771753
384sentences.71,lowPMI,seats fixed located places in in or like are chairs vehicles cinemas.,29.536647784008366
384sentences.72,lowPMI,clarinet woodwind instrument a a is musical.,17.137097419509402
384sentences.73,lowPMI,clarinet long tube bottom a with at a a the is black flare.,24.81994952844284
384sentences.74,lowPMI,player notes keys the and by chooses pressing holes.,18.59214270795017
384sentences.75,lowPMI,clarinet used classical the in both and is jazz music.,21.23132261214332
384sentences.76,lowPMI,cod fish colder atlantic a that the the a in of is lives areas.,21.184278515639086
384sentences.77,lowPMI,cod is mild-tasting easily and when and flesh white flakes cooked.,37.845786189627056
384sentences.78,lowPMI,fresh is fish salted elaborate for for and cod used chips cod dishes.,33.72798344835263
384sentences.79,lowPMI,cod been salted time and the the since of has caught traded vikings.,39.0555902504175
384sentences.80,lowPMI,coffee made beans coffee from of the the is coffee seeds plant.,42.553137877508554
384sentences.81,lowPMI,coffee popular many usually hot a and in is drink countries served.,12.038356966553524
384sentences.82,lowPMI,coffee mild called keeps awake a that contains drug caffeine people.,32.64289089621323
384sentences.83,lowPMI,coffee world's legal export the is seventh-largest agricultural.,17.180052153307763
384sentences.84,lowPMI,desert natural almost falls a where a no is environment rain.,19.477740605869766
384sentences.85,lowPMI,hot are filled dunes with or deserts usually sand rocks.,26.517493107775103
384sentences.86,lowPMI,animals have live some to and in plants adapted deserts.,25.67586955852893
384sentences.87,lowPMI,biggest desert sahara africa the in the hot is northern.,35.178797505696146
384sentences.88,lowPMI,desk piece used sometimes a of at a a for with is furniture working computer.,25.583092580672776
384sentences.89,lowPMI,desk flat be wood metal a and of a can or has surface made plastic.,20.66832118610392
384sentences.90,lowPMI,desk drawers supplies a to may and have store papers.,19.554187727320024
384sentences.91,lowPMI,cubicle desk partitions a a on of by three consists surrounded sides.,23.75630437789113
384sentences.92,lowPMI,door movable entrance enclosed a to from a or an is barrier exit area.,28.716677757388936
384sentences.93,lowPMI,most have control pass to to who through doors locks gets them.,18.95641809508505
384sentences.94,lowPMI,most are pushing handle are by a or after doors opened pulling they unlocked.,28.891267528032152
384sentences.95,lowPMI,other doors consist chamber of or a can of types slide revolving.,24.266639855824373
384sentences.96,lowPMI,dress piece women wear a of a that is clothing sometimes.,22.430703040504316
384sentences.97,lowPMI,dress shirt long skirt a a a like to is attached matching.,45.918080100969235
384sentences.98,lowPMI,dress usually formal such dance a as or at a a is worn occasions wedding.,37.34823387487406
384sentences.99,lowPMI,it hard stairs bike can or in to a a be climb ride dress.,16.326142319570717
384sentences.100,lowPMI,drunk is driving alcohol the under of of the driving act effects.,31.465244677255345
384sentences.101,lowPMI,drunk vehicle crime world of a of any in the driving is most.,21.590535953844388
384sentences.102,lowPMI,it role half deaths a of in all plays almost vehicle-related.,22.33667886373437
384sentences.103,lowPMI,drunk are field breathing by and drivers caught sobriety tests.,16.625774229750007
384sentences.104,lowPMI,drought persistent water caused rain a of by a the of is shortage supply lack.,47.87319633835383
384sentences.105,lowPMI,drought crops stop die will to and and cause plants growing.,18.0702370272141
384sentences.106,lowPMI,extreme eventually areas cause will and into drought turn desert famine.,20.6228860432516
384sentences.107,lowPMI,large people migrate bowls of away to from numbers have dust.,16.199127232770206
384sentences.108,lowPMI,eagles large prey day very eyesight of during and that the are birds hunt have good.,36.6338056974201
384sentences.109,lowPMI,eagles hooked tearing strong sharp for and have beaks flesh legs talons.,21.86368799326179
384sentences.110,lowPMI,eagles eyries eat others mammals in some and and live species fish small.,39.301516503808685
384sentences.111,lowPMI,bald has white is bird states the and of a the the eagle bright head national united.,31.907515823842264
384sentences.112,lowPMI,earthquakes ground buildings structures the can and and down shake knock other.,22.451460794791103
384sentences.113,lowPMI,shaking trigger volcanic the and can also landslides activity.,23.49928311999054
384sentences.114,lowPMI,most are release earth's by of the the in earthquakes caused energy crust.,23.96606346548632
384sentences.115,lowPMI,earthquake displace cause an can and at the a sea seabed tsunami.,23.989771168919678
384sentences.116,lowPMI,elephants largest land weighing tons the of are kind mammal several.,34.3525384359913
384sentences.117,lowPMI,elephant long called grab food an a can a which or has nose trunk things.,16.711565170312067
384sentences.118,lowPMI,elephant pair tusks objects trees the of or a for into has ivory moving digging.,31.150414192037704
384sentences.119,lowPMI,elephant its ears blood its the the and to in flaps large cool them body.,27.870466621865205
384sentences.120,lowPMI,eye organ light it cortex the for for an and the is sensing coding visual.,22.78578530625277
384sentences.121,lowPMI,most have eyes color texture which and can animals complex detect motion.,20.186046389777307
384sentences.122,lowPMI,fovea center eye sensitive it the of and of the the the is human most part.,17.13188424036168
384sentences.123,lowPMI,insects compound made units many up in of have eyes eye facing directions.,15.094972363860625
384sentences.124,lowPMI,farm land grow raise food a or to for is used plants animals.,28.911553366844274
384sentences.125,lowPMI,farmers people farm produce the the what who and to are run decide.,18.174962087454873
384sentences.126,lowPMI,farms have farmers barn a a a for and usually house silo.,16.492164729375364
384sentences.127,lowPMI,cooperative farm farmers land a where and a the is many share equipment.,30.78064616497283
384sentences.128,lowPMI,primates have thumb four a each and on usually fingers hand.,12.79334630304003
384sentences.129,lowPMI,fingers used writing other for and are grasping grooming activities.,18.36214424829353
384sentences.130,lowPMI,fingertips sensitive pressure the and to are temperature vibration.,15.321758400234271
384sentences.131,lowPMI,nail tip be decorated the of and or the the can protects finger grown.,17.501336300309617
384sentences.132,lowPMI,flood overflow water inhabited a of of an an that is expanse submerges land.,39.174506918423326
384sentences.133,lowPMI,flood caused rain snow as earthquakes can or at by as be heavy rapid melt well sea.,28.095869980883005
384sentences.134,lowPMI,flood flow its break levees in a of and a will or river out channel dams.,32.1207611696601
384sentences.135,lowPMI,flood evacuate water diseases during and a the people contaminated causes.,16.873265049975338
384sentences.136,lowPMI,floor horizontal building walking a inside for a a is surface used on.,33.9934817404308
384sentences.137,lowPMI,floors made concrete linoleum floorboards may or of be bare tile wooden.,23.067368463955674
384sentences.138,lowPMI,people put floor dampen on for to a and often carpets comfort noise.,14.054154455846888
384sentences.139,lowPMI,buildings often pipes wiring in and the under floor has electrical it.,18.763856781685842
384sentences.140,lowPMI,foot body end a on of a the a is part leg.,18.891713305982467
384sentences.141,lowPMI,people their walking standing when or use feet running straight.,20.04683964637147
384sentences.142,lowPMI,people use feet fighting to both in and also their kick sports.,13.433004593299811
384sentences.143,lowPMI,many have behavior feet for to cultures rules related.,4.045869074117446
384sentences.144,lowPMI,forest area density canopy a with of an a and is high trees cover.,35.909948682499596
384sentences.145,lowPMI,type depends rainfall location the on in of and forest temperature its.,24.198507869807365
384sentences.146,lowPMI,forest has types animals well plants a and of as ecosystem various trees as ground.,19.097757618873825
384sentences.147,lowPMI,deforestation cutting disregarding the of down is forests regeneration.,12.789199271112519
384sentences.148,lowPMI,fork tool solid handle tines a for a a with and is eating foods several.,38.123392513756095
384sentences.149,lowPMI,forks usually metal disposable of if or are made plastic.,19.770827319756858
384sentences.150,lowPMI,forks used food hold place to the to while to or in are lift mouth food cutting.,15.768945458003042
384sentences.151,lowPMI,forks used cultures special various in there and for are western are kinds foods.,18.335106222934904
384sentences.152,lowPMI,frying is pan sides a with a a and pan small sloping handle.,47.62376374693284
384sentences.153,lowPMI,frying is fry brown a and to pan used sear food.,31.308546877665727
384sentences.154,lowPMI,food cooked covering pan the the the on of is oil bottom.,29.689197908902948
384sentences.155,lowPMI,frying are iron steel of or pans made teflon-clad.,25.70505423515624
384sentences.156,lowPMI,girl female has yet maturity a who a is human not reached.,17.46319518711028
384sentences.157,lowPMI,body develops at the a that a puberty of into of girl woman.,18.931700942050327
384sentences.158,lowPMI,girls playing social like and with often dolls games.,19.82287753295044
384sentences.159,lowPMI,girls grow hair dresses and and sometimes long wear skirts.,30.384382525723243
384sentences.160,lowPMI,glove piece covers fingers a of the a that and is clothing hand.,21.42180854866191
384sentences.161,lowPMI,gloves cold made lined material to of against or protect are wool waterproof.,15.571971533916692
384sentences.162,lowPMI,disposable latex are shield germs or from to or rubber gloves used hands chemicals.,47.40120975745944
384sentences.163,lowPMI,mitten kind fingers covered a of the a where four is glove are together.,17.17479299786705
384sentences.164,lowPMI,hammer tool deliver object a to to a an an is used impact.,18.59982392085861
384sentences.165,lowPMI,hammer most used nails a into to is often drive wood.,19.223860009486756
384sentences.166,lowPMI,claw be remove the the to on can head used nails.,13.048793293145227
384sentences.167,lowPMI,hammers shape handle in of and the the vary head length.,11.734817675086056
384sentences.168,lowPMI,hand is used people a as against an a grenade explosive weapon.,35.9637722931157
384sentences.169,lowPMI,hand are timed bit and a to after grenades thrown explode that.,33.144774548370634
384sentences.170,lowPMI,grenades be rifles launchers can or from also fired shoulder.,8.627760296905835
384sentences.171,lowPMI,gas are middle disperse tear the a into of to grenades thrown mob it.,22.61085754508021
384sentences.172,lowPMI,horse large mammal muscular a with a four is hoofed long legs.,35.991271653889456
384sentences.173,lowPMI,horse tail its is gray a and on or a a and has mane neck usually brown.,31.80630361260354
384sentences.174,lowPMI,horses been draft travel for and have used work entertainment.,15.138323496163823
384sentences.175,lowPMI,human horse walks gallops a a or can while ride it trots.,21.887723594282697
384sentences.176,lowPMI,people hospitals healed are injured to when to or go be they sick.,23.36617738134316
384sentences.177,lowPMI,hospitals staffed physicians nurses by and are professional surgeons.,23.15544479106718
384sentences.178,lowPMI,patients there diagnosis leaving day some or for the go specialist therapy same.,20.189871158951366
384sentences.179,lowPMI,operations patients stay weeks for or for some to treatments have several.,23.43080974283917
384sentences.180,lowPMI,house permanent structure families in a or or a for to is building people live.,19.951987794201646
384sentences.181,lowPMI,house roof keep rain let in a and out and a to and to has walls cold windows light.,17.85878692878766
384sentences.182,lowPMI,house rooms sleeping washing a for or can like have purposes cooking.,21.73869157911489
384sentences.183,lowPMI,most leave work back eat the and to to at and people house come night sleep.,11.642730594094992
384sentences.184,lowPMI,igloo type made snow an of of a from by is shelter blocks inuit.,20.989714883299722
384sentences.185,lowPMI,igloos built snow land time in the the where of are places covers most.,40.74725660120186
384sentences.186,lowPMI,igloos often shape entrance in of with the a an are built dome tunnel.,22.79567462964991
384sentences.187,lowPMI,air snow space heat igloos in and the pockets insulate body warms.,24.891369324661536
384sentences.188,lowPMI,knife tool edge used things a with that a a to is sharp is cut.,28.435130946552817
384sentences.189,lowPMI,modern consist blade made of and of a a knives handle usually metal.,15.092966507623732
384sentences.190,lowPMI,knives also used instruments as in and have been weapons rituals.,27.08158726745105
384sentences.191,lowPMI,knife used slashing throwing a to or can by be attack stabbing.,25.575520100590936
384sentences.192,lowPMI,lentils seeds legume the a the of of are plant family.,24.938811187903706
384sentences.193,lowPMI,lentils red brown yellow can or be green black.,38.68978020352041
384sentences.194,lowPMI,lentils commonly indian cuisines in and are used mediterranean.,11.419756150815783
384sentences.195,lowPMI,lentils cooked are source by a and of are boiling great protein.,27.15908413987329
384sentences.196,lowPMI,lettuce biennial often temperate leaf a as in a is plant grown climates vegetable.,32.68609042956527
384sentences.197,lowPMI,lettuce eaten raw other cooked can in or and and be cold salads dishes.,38.805103521526064
384sentences.198,lowPMI,lettuce considered easy suitable beginners to a and for is fairly grow crop.,17.472239173197387
384sentences.199,lowPMI,most leaves bitter bred bitterness but to some the lettuce taste are remove.,28.338796866207804
384sentences.200,lowPMI,library place books media kept a where of a a and is collection documents is.,23.17970362332591
384sentences.201,lowPMI,librarians libraries experts organizing at at and and work are finding information.,13.821117341072977
384sentences.202,lowPMI,people public borrow take several can and for to to go libraries books home weeks.,22.97340656541777
384sentences.203,lowPMI,academic support research specialized and libraries scholarly have books.,47.10975335608997
384sentences.204,lowPMI,log is house round a from a cabin small built logs.,34.14512943391372
384sentences.205,lowPMI,log is american life origins a and of cabin symbol frontier humble.,21.89352274433763
384sentences.206,lowPMI,log were first european as by cabins used shelters settlers.,14.452795155939736
384sentences.207,lowPMI,log were using notch ends with the at cabins built logs joints.,33.319537842642944
384sentences.208,lowPMI,man male adult a a is human.,18.00869784823961
384sentences.209,lowPMI,boy man puberty a after a through becomes passing.,19.753152415535727
384sentences.210,lowPMI,manhood associated virility with and is masculinity.,14.766003387144572
384sentences.211,lowPMI,men women weight structure from and in differ height body.,9.358378965436886
384sentences.212,lowPMI,milk white produced mammals their a to by is liquid female feed young.,21.17390698182112
384sentences.213,lowPMI,newborn be milk eat food must can before animals fed they solid.,25.087234318385104
384sentences.214,lowPMI,dairy such butter made as from and products cheese are milk.,29.341642097428863
384sentences.215,lowPMI,liquid soybeans is called from and produced coconuts sometimes milk.,25.340723273956428
384sentences.216,lowPMI,mosquitos thin flying emit sound that a are small insects high-pitched.,30.029970687333428
384sentences.217,lowPMI,mosquitoes mouthparts skin animals for of the and have piercing plants.,14.245952606156987
384sentences.218,lowPMI,female bite animals their protein and for and mosquitoes people suck blood.,31.342517098745706
384sentences.219,lowPMI,mosquito spread fever other diseases can and bites yellow malaria parasite.,31.282909491018387
384sentences.220,lowPMI,mountain landform steeply land a that a above is rises surrounding.,17.93643307029362
384sentences.221,lowPMI,mountains higher sometimes snow than at and the rise hills have top.,23.250167330575422
384sentences.222,lowPMI,range forms tectonic collision a to of mountains due plate.,19.704368676633603
384sentences.223,lowPMI,mountaineers people hike who up or are climb mountains.,15.357003383152843
384sentences.224,lowPMI,mouth face we food eat the in the when is cavity put we.,23.701233552425954
384sentences.225,lowPMI,mouth teeth food it the and to with has chew mix saliva.,10.12542566573751
384sentences.226,lowPMI,mouth also kissing the and for is used talking.,18.919024255972953
384sentences.227,lowPMI,speech are tongue mouth by the in sounds controlled placement.,12.153079072515666
384sentences.228,lowPMI,mug sturdy handle hot a with for a a is cup drinking liquids.,50.4187989801179
384sentences.229,lowPMI,mug normally also made glass a can or but of is ceramic be metal.,18.736008708471527
384sentences.230,lowPMI,mug thick ring thermal a a and for is has base insulation.,21.61083330659954
384sentences.231,lowPMI,mugs plain drawings carved can or or on be have imprinted them.,16.106696176167322
384sentences.232,lowPMI,murder unlawful human intent the another of with is killing being.,21.38903812482775
384sentences.233,lowPMI,murder crime deprives their a the because of serious it victim existence.,14.922500372509395
384sentences.234,lowPMI,killing accidentally is considered in in or self-defense war not murder.,18.78640496763514
384sentences.235,lowPMI,convicted is given sentence penalty a or a the murderer often life death.,29.38044995327266
384sentences.236,lowPMI,orange is made orange a the from in juice drink liquid pulp.,25.129319429097325
384sentences.237,lowPMI,orange has acid contains vitamin a a and of juice sweet taste lot c.,36.67125208021851
384sentences.238,lowPMI,freshly orange often pulp as squeezed juice contains well.,27.99548219161833
384sentences.239,lowPMI,orange is drunk glass at a from juice often breakfast.,17.071570969026208
384sentences.240,lowPMI,parrot bird warm regions a that and a in is lives tropical.,22.520693566574376
384sentences.241,lowPMI,parrots brightly-colored sharp beak and a have feathers curved.,28.435089108254772
384sentences.242,lowPMI,parrots human they it can if the imitate voice hear repeatedly.,17.112847544706568
384sentences.243,lowPMI,their abilities them pets and appearance makes popular.,10.488773385165889
384sentences.244,lowPMI,peach orange-yellow characteristic a with an a is fruit smell.,25.066650237337964
384sentences.245,lowPMI,skin is covered fine the a in of and peach thin small hairs.,32.296562625406075
384sentences.246,lowPMI,peaches large stone seed a which inside the have red-brown contains.,36.008033740312435
384sentences.247,lowPMI,peaches sweet be ripening and must and after are delicate harvested.,10.94069269309451
384sentences.248,lowPMI,piano popular instrument means the by a a of is musical played keyboard.,33.7680542107293
384sentences.249,lowPMI,pressing key felt-tipped hit steel a to a a piano causes hammer vibrating string.,35.049512155727484
384sentences.250,lowPMI,piano enormous range change quality the and the an to has note pedals sound.,30.165653566039964
384sentences.251,lowPMI,piano is famous give concerts the can and repertoire large pianists solo.,27.555380232231165
384sentences.252,lowPMI,piranhas small fish south rivers that in are ferocious live american.,17.7706346645569
384sentences.253,lowPMI,piranhas attack are active and and the in during live schools most day.,30.906375372521023
384sentences.254,lowPMI,piranhas very teeth opportunistic and have sharp are carnivores.,10.546277655315182
384sentences.255,lowPMI,piranhas fish lizards carrion and eat insects mammals.,34.224291381918924
384sentences.256,lowPMI,raspberry fruit forest fields the that or a in is grows clearings.,23.987147607612076
384sentences.257,lowPMI,single consists small joined a of raspberry many fruits together.,22.08644775058333
384sentences.258,lowPMI,raspberries eaten cooked jam by with or into are themselves sugar.,31.714474709753507
384sentences.259,lowPMI,leaves are fresh herbal of or the in raspberry used dried teas.,35.05926114569134
384sentences.260,lowPMI,raven large bird many a that a in is black thrives climates.,27.44723192491513
384sentences.261,lowPMI,ravens carrion berries animals on or feed insects small.,32.273616643923745
384sentences.262,lowPMI,ravens large are problem and of have brains capable solving.,18.595564195658184
384sentences.263,lowPMI,folklore are ill-omen tricksters in and of ravens birds also.,31.573335760936438
384sentences.264,lowPMI,refrigerator cooling used preserve a to a and is device contain food.,17.660703156690445
384sentences.265,lowPMI,refrigerators small freezing some a can at have compartment temperature.,15.889381551951201
384sentences.266,lowPMI,refrigerator shelves compartments types a and of can for have small different food.,20.60784217531512
384sentences.267,lowPMI,refrigerator generally people put its a on and is white often magnets surface.,24.062572446401823
384sentences.268,lowPMI,rifle firearm shoulder barrel grooves a that the a a on and with is rests has twisting.,32.41396698789059
384sentences.269,lowPMI,grooves bullets rifle they air the around as the the the through make spin axis fly.,51.22516359493228
384sentences.270,lowPMI,rifles used shooting sometimes in with and are hunting sports scopes.,28.464755723197587
384sentences.271,lowPMI,assault fire are infantry can and in the rifles bursts standard weapon.,16.118874232382655
384sentences.272,lowPMI,salmon fish fresh ocean spawn a from the to that to and is migrates water back.,54.22303431125065
384sentences.273,lowPMI,salmon is red high content taste or and and a flesh orange has protein nice.,28.97599446799372
384sentences.274,lowPMI,salmon eaten sushi grilling other can or or in by in be raw cooked poaching ways.,39.382610747097615
384sentences.275,lowPMI,salmon most farmed it be wild the can the though in is common fish also caught.,32.641140127047485
384sentences.276,lowPMI,saw tool hard abrasive cut materials a that or a a to is uses blade wire hard.,38.58937167372443
384sentences.277,lowPMI,small points side are teeth the the the along of the sharp cutting saw called.,37.041693931993215
384sentences.278,lowPMI,saws worked powered motor engine can or an by by or be hand electric gas.,43.40469787593762
384sentences.279,lowPMI,saws used forestry carpentry in and are extensively construction medicine.,17.402795939363568
384sentences.280,lowPMI,scientist produces knowledge world a about and the studies new physical.,16.308000799446287
384sentences.281,lowPMI,scientist hypotheses experiments them a to and creates does test.,7.271305076210355
384sentences.282,lowPMI,physics biology classic sciences and of chemistry are examples.,19.271019490848204
384sentences.283,lowPMI,scientists their journals in and publish research conferences.,21.10955119901744
384sentences.284,lowPMI,scissors two-bladed used a for are instrument cutting.,14.67213800588793
384sentences.285,lowPMI,blades usually plastic handles the or with are metallic metal.,29.84478029570164
384sentences.286,lowPMI,depending format cut hair on and or the can size scissors paper fabric.,28.50932456831751
384sentences.287,lowPMI,shears large used shrubs metal for of or are scissors cutting pieces.,32.58310117082727
384sentences.288,lowPMI,screwdriver tool tightening something a for into a and is inserting screws.,31.13215630019891
384sentences.289,lowPMI,screwdrivers be remove they inserted can after to also used screws are.,21.55073490262832
384sentences.290,lowPMI,screwdriver applies rotating the from the the tip torque handle.,23.56348369342079
384sentences.291,lowPMI,major screwdrivers phillips the of two and types are flathead.,22.44790927229225
384sentences.292,lowPMI,shark large cartilage a with a a is fish skeleton.,37.81467242450672
384sentences.293,lowPMI,sharks streamlined large fin with a have bodies dorsal.,22.984725305062508
384sentences.294,lowPMI,most predate mammals jaws on with and sharks fish powerful.,23.165554687639563
384sentences.295,lowPMI,sharks very senses electrical and can have keen detect fields.,9.338669777915332
384sentences.296,lowPMI,ship large floats water a that on a and is vehicle travels.,24.719493318026014
384sentences.297,lowPMI,ship powered sails diesel a in by can the or be ocean steam engines.,40.935106703940626
384sentences.298,lowPMI,ships used ocean cargo to the to in and are fish transport containers.,23.50812783125359
384sentences.299,lowPMI,cruise are hotels people that between ships floating take cities.,20.946822502687255
384sentences.300,lowPMI,shoe clothing sole heel a the a and for with an a is foot outsole.,31.196203687139977
384sentences.301,lowPMI,shoes usually leather rubber of or are made canvas plastic.,21.96244516333673
384sentences.302,lowPMI,women's often high come styles and and in shoes have heels many colors.,17.936280701373214
384sentences.303,lowPMI,sneaker shoe athletic a for a and is sports activity.,30.151185119051746
384sentences.304,lowPMI,soldier member armed fights a of who a the on is national forces land.,20.826045218603802
384sentences.305,lowPMI,soldier wear usually a the a in must militia uniform camouflage.,19.880770988512715
384sentences.306,lowPMI,volunteer soldier paid her in a or a for army is his work.,26.639698796468505
384sentences.307,lowPMI,soldier using such grenades a and as fights weapons rifles.,22.47072033153085
384sentences.308,lowPMI,spears weapons pole head that a at of and one are consist sharpened end.,20.37503805485454
384sentences.309,lowPMI,spears most personal advent the the before of were common weapon firearms.,24.066664899338036
384sentences.310,lowPMI,spears used throwing war for when or in were stabbing fighting.,25.002744519685123
384sentences.311,lowPMI,native still spear fishing some for the and people use hunting.,27.539677182049978
384sentences.312,lowPMI,spiders insects make with that eight are legs silk.,21.933994561744758
384sentences.313,lowPMI,spiders webs use catch with to and build silk them insects.,29.95958627771475
384sentences.314,lowPMI,spiders venomous paralyse stuck to use fangs their prey.,34.25286326053874
384sentences.315,lowPMI,spiders as coin big can a as as or a be small as bird.,28.69096011339952
384sentences.316,lowPMI,swamps low land frequent to are spongy subject inundation.,19.062636852864053
384sentences.317,lowPMI,swamp covered water vegetation a and with is shallow mud.,22.379186624001694
384sentences.318,lowPMI,swamps nesting grounds reptiles and and for are breeding birds.,22.45257655831127
384sentences.319,lowPMI,farmers drain produce arable to often swamps fertile land.,20.014054086881945
384sentences.320,lowPMI,sweater heavy worn warmth a on for a the is garment torso.,37.421380754405234
384sentences.321,lowPMI,sweaters often wool is common from but are knitted cotton also.,33.73660911079516
384sentences.322,lowPMI,sweater front called a down a that the opens is cardigan.,14.678330628361996
384sentences.323,lowPMI,sweaters cut sleeve as decoration in as and differ collar shape well.,25.314355819127453
384sentences.324,lowPMI,table piece flat legs a of a a with and is furniture surface.,28.95530742219746
384sentences.325,lowPMI,are chairs people there a to around for usually table sit.,12.657727718223256
384sentences.326,lowPMI,people cutlery food eat together and a a on to set plates table meal.,25.22806223394964
384sentences.327,lowPMI,tables also surfaces write as or to are used work on.,15.782788596647814
384sentences.328,lowPMI,television appliance displays images a with that an a is screen moving.,26.662197287509635
384sentences.329,lowPMI,televisions mostly watching films for or are used programs.,22.57374109974151
384sentences.330,lowPMI,they used videogames game to to when a are play connected console.,11.853742165352902
384sentences.331,lowPMI,television be received internet can via or or content broadcast cable.,26.764033900360687
384sentences.332,lowPMI,theft taking property consent the without of is person's their.,28.374423363726997
384sentences.333,lowPMI,thieves own sell receivers to to or to steal something it.,24.807505936144732
384sentences.334,lowPMI,theft crime punishable fines a can or and with is be jail.,22.70226181441326
384sentences.335,lowPMI,industrial is ideas property of and espionage theft intellectual.,23.55556886287927
384sentences.336,lowPMI,toaster kitchen toasting using elements a for a is appliance bread heating.,31.671718973004758
384sentences.337,lowPMI,pop-up toast placed eject once the a in and toasters bread slot it done.,29.570842586297847
384sentences.338,lowPMI,toaster have side temperature a the within on a and ovens door tray control.,30.20852359545009
384sentences.339,lowPMI,they be toppings cheese bread with or to like allow cooked garlic.,29.405851405279122
384sentences.340,lowPMI,tomato shiny red savory the and a a with is smooth fruit taste.,41.75312103124931
384sentences.341,lowPMI,tomato changes green it more a from as and to softens color red gets ripe.,29.546507819631017
384sentences.342,lowPMI,tomatoes used salads ketchup well can or to as be make soup as sauce.,11.227054869384697
384sentences.343,lowPMI,are varieties different tastes there with of and many tomato sizes.,27.049457297987967
384sentences.344,lowPMI,train connected cars stations a of between a a that on is series moves track.,23.05697323487652
384sentences.345,lowPMI,train pulled powered electricity the a or by by is locomotive diesel.,29.247770308289095
384sentences.346,lowPMI,freight transports goods long a or of over train containers fuel distances.,27.897210918241388
384sentences.347,lowPMI,commuter transport suburbs city between inside and a trains people stations.,29.413406660261174
384sentences.348,lowPMI,train is passengers train a where or a a on off station place get.,29.058824680335952
384sentences.349,lowPMI,train have machines tickets or for stations counters purchasing.,21.292177296778476
384sentences.350,lowPMI,are rooms eat there to a and in waiting places station.,17.62256510350019
384sentences.351,lowPMI,passengers trains platform or a to from next the cargo enter line.,27.587194995411775
384sentences.352,lowPMI,tropical is formed tropical a over a cyclone storm warm sea.,26.683484335921847
384sentences.353,lowPMI,cyclones very winds rain can and produce powerful torrential.,16.561788181336798
384sentences.354,lowPMI,tropical also high coastal can and cyclone cause waves flooding.,14.451337919693497
384sentences.355,lowPMI,tropical move seriously property a and can cyclone inland damage.,11.701595429669524
384sentences.356,lowPMI,violin instrument is bow the with that a an four with is strings played.,26.021079596439613
384sentences.357,lowPMI,violin smallest pitched its the in and is highest instrument family.,20.73951522818696
384sentences.358,lowPMI,violinist instrument collarbone a between and the the the holds chin.,8.396876601946246
384sentences.359,lowPMI,different are fingering hand by with while the one notes made neck bowing.,23.679090551315625
384sentences.360,lowPMI,vultures scavenging feeding carcasses animals on of the are birds mostly dead.,53.31340428297105
384sentences.361,lowPMI,many have head losing a for without vultures bald feathers heat.,22.359433516507032
384sentences.362,lowPMI,vultures their wings miles to without for use large soar flapping.,17.371999325819854
384sentences.363,lowPMI,vultures attack animals wounded but the may or seldom healthy kill sick.,19.36532588594924
384sentences.364,lowPMI,wall solid defines protects a that an a and is structure sometimes area.,25.68894523734546
384sentences.365,lowPMI,walls building roof space a and into the the delineate support divide rooms.,33.64817163020217
384sentences.366,lowPMI,walls usually stone cement well of as or are made brick as drywall.,28.781168247781313
384sentences.367,lowPMI,retaining provide movement stone a of to or walls barrier earth water.,17.399150068163955
384sentences.368,lowPMI,water most liquid covering area the 70% on of is common earth its.,26.16774648005331
384sentences.369,lowPMI,plants people water live and in must to animals drink order.,21.867889993109387
384sentences.370,lowPMI,water low becomes ice at and a freezes temperature solid.,24.88631651653968
384sentences.371,lowPMI,rain water clouds are vapor that in which from the is falls sky condensed.,40.52906839435632
384sentences.372,lowPMI,whale very mammal ocean a that the a in is large lives.,18.204881655142422
384sentences.373,lowPMI,whales blowholes heads through when on breathe their surfacing.,14.95444932545723
384sentences.374,lowPMI,blubber serves reservoir the a an as in as and whale energy insulation.,28.33077446616298
384sentences.375,lowPMI,whales been meat oil for and have hunted whale ambergris.,23.818283636253625
384sentences.376,lowPMI,window transparent wall light a in to a a is opening let through.,33.295089772261804
384sentences.377,lowPMI,typical is sheets held frames a of by of in window made glass place.,23.82081854753423
384sentences.378,lowPMI,open also air through when will a and window let sound.,18.924051541417377
384sentences.379,lowPMI,windows multiple increase inside some to have panes insulation.,16.758148223012284
384sentences.380,lowPMI,woman female adult a a is human.,18.604391573213277
384sentences.381,lowPMI,woman stereotypically caregiver a a as is seen.,16.12191182125516
384sentences.382,lowPMI,woman pregnant children a and can become bear.,16.975589390088768
384sentences.383,lowPMI,woman different organs a a than has reproductive man.,14.611499548323872