243sentences.0,Original,beekeeping encourages the conservation of local habitats.,1.5184016292273161
243sentences.1,Original,it is in every beekeeper's interest to conserve local plants that produce pollen.,1.4134787495678158
243sentences.2,Original,as a passive form of agriculture it does not require that native vegetation be cleared to make way for crops.,1.5754162111208245
243sentences.3,Original,beekeepers also discourage the use of pesticides on crops because they could kill the honeybees.,1.450368754127696
243sentences.4,Original,artisanal beekeepers go to extremes for their craft but their product is worth the effort.,1.2386310105277702
243sentences.5,Original,artisanal honey-making emphasizes quality and character over quantity and consistency.,1.3654317092614925
243sentences.6,Original,to produce the finest honey beekeepers become micromanagers of their honeybees.,1.6902991172888786
243sentences.7,Original,they scout the fields know when nectar flows and select the best ways to extract honey.,1.167738900339726
243sentences.8,Original,as the beekeeper opens the hive the deep hum of 40000 bees fills the air.,1.81994002694433
243sentences.9,Original,the beekeeper checks honey stores pollen supplies and the bee nursery.,1.3415996418899108
243sentences.10,Original,bees crawl across his bare arms and hands but they don't sting because they're gentle.,2.1591565326179905
243sentences.11,Original,i have a recurring dream about exams even though i'm no longer in college.,1.3714710786622615
243sentences.12,Original,in my dream it's the day of my final exam and i suddenly realize i've never gone to class.,1.048373758342783
243sentences.13,Original,i've never even done any of the reading assignments.,0.9690977350927713
243sentences.14,Original,i know many other people who have the same nightmare.,1.5596945540305118
243sentences.15,Original,each morning participants in the study had to write down their dream experience from the previous night.,1.6969083715937232
243sentences.16,Original,they recorded if they recalled any dreams and described each dream and its emotional intensity.,0.8537420291333956
243sentences.17,Original,participants then assigned each dream to a category such as a flying dream a bad dream or a nightmare.,1.9521360533654895
243sentences.18,Original,every night while we sleep our minds are as active as when we are awake.,1.5190076814318896
243sentences.19,Original,we dream throughout the night in cycles of about ninety minutes each.,1.221942969554023
243sentences.20,Original,images feelings stories and strange combinations of characters and places can fill our dreams.,1.4968310542226075
243sentences.21,Original,when i decided to start playing cards things went from bad to worse.,1.3772582953058565
243sentences.22,Original,gambling was something i had to do and i had already spent close to $10000 doing it.,1.0273255047656331
243sentences.23,Original,my friends were sick of watching me gamble my savings away.,1.553616511846042
243sentences.24,Original,the hardest part was the horror of leaving a casino after losing money i did not have.,1.5702231914058145
243sentences.25,Original,good data on the social and economic effects of legalized gambling are hard to come by.,1.474715339259305
243sentences.26,Original,some studies indicate that having a casino nearby makes gambling problems more likely.,2.133098191031301
243sentences.27,Original,gambling may also be associated with personal bankruptcies and marriage problems.,1.8617929603519026
243sentences.28,Original,over the past generation there has been a dramatic expansion of legalized gambling.,1.6163480579670007
243sentences.29,Original,most states have instituted lotteries and many have casinos as well.,2.039361602463219
243sentences.30,Original,gambling has become very big but controversial business.,1.4182679202493744
243sentences.31,Original,the wind from the hurricane shook the house shattering a window in the kitchen.,1.5267619097196437
243sentences.32,Original,we ran in grabbed some food slammed the door and surrendered the kitchen to the hurricane.,1.4143575993134345
243sentences.33,Original,i was afraid our house would be ripped from its foundation.,1.1356004199440082
243sentences.34,Original,later that night with the wind shaking the house we fell asleep huddled on the sofa.,1.7250185157387223
243sentences.35,Original,hurricanes can tear limbs off of trees and suck houses off their foundations.,1.2990045642654875
243sentences.36,Original,they dump heavy rains that can trigger floods and mudslides.,1.7549455791790771
243sentences.37,Original,hurricanes can also bring a storm surge a wall of ocean water that lurches onto land.,1.8797437666046362
243sentences.38,Original,scientists use several methods to look for evidence of ancient hurricanes.,1.4132060662587815
243sentences.39,Original,the strongest storms deposited layers of windblown beach sand at the bottoms of coastal lakes.,2.394192417470751
243sentences.40,Original,trees drenched by passing hurricanes preserve a record of each storm in their growth rings.,1.2288919652548878
243sentences.41,Original,american ice cream is exported around the world but different countries have different preferences.,1.585023832641093
243sentences.42,Original,many people enjoy their ice cream flavored with local delicacies.,2.5375010683346493
243sentences.43,Original,in some tropical places vanilla ice cream is topped with bananas and fresh mangos.,2.748204061948435
243sentences.44,Original,i remember making ice cream at home as a child.,1.445007482686446
243sentences.45,Original,we poured the cream mixture into a frozen tub then start turning the crank to expose it to the cold.,1.8152220549085958
243sentences.46,Original,eventually it froze enough that i couldn't turn the hand crank any more.,0.9905479728568738
243sentences.47,Original,then i put the container of half-frozen ice cream into the freezer to harden.,1.7921421021257546
243sentences.48,Original,ice cream is a mixture of milk or cream sugar flavorings and up to half whipped-in air.,2.175673771158843
243sentences.49,Original,the butterfat in milk and cream is what makes it smooth and silky.,1.8103856875079354
243sentences.50,Original,high-priced premium ice cream is loaded with butterfat and natural flavorings.,2.0375933505819046
243sentences.51,Original,when i use the riding lawn mower the uncomfortable chair makes my back hurt.,1.9549624399104555
243sentences.52,Original,i use the two levers in front of me to control the machine.,1.2968374691171918
243sentences.53,Original,the sharp blades underneath the lawn mower precisely sever each blade of grass.,1.8415499142904268
243sentences.54,Original,mowing the lawn is a long task and it has taught me patience.,1.6590329356314066
243sentences.55,Original,a lawn mower is a machine with revolving blades that cut grass to an even height.,2.0564742571658963
243sentences.56,Original,the blades may be powered by muscle or the machine may have a motor.,1.3249888626368191
243sentences.57,Original,the most common power source for lawn mowers is a small gas engine.,1.9199213257614203
243sentences.58,Original,electric lawnmowers are better for the environment because they do not create emissions.,1.5469878019996126
243sentences.59,Original,they also need less maintenance and are less expensive to run.,1.6104401919355629
243sentences.60,Original,electric lawn mowers use as much electricity as an ordinary toaster.,2.406451524344729
243sentences.61,Original,astronauts train a long time for their spacewalks.,1.9438162266524581
243sentences.62,Original,much of their training is conducted underwater.,1.168273522642296
243sentences.63,Original,they may spend 8 to 10 hours in the pool for every hour they will spend floating in space.,1.3330675114984227
243sentences.64,Original,astronauts practice to be able to perform construction and repair work on the outside of the space station.,1.8232195027989226
243sentences.65,Original,the commanders of shuttle flights are always pilots and many have backgrounds as military test pilots.,1.4449507847518712
243sentences.66,Original,other astronauts are trained as doctors engineers and scientists who can run experiments in space.,1.89635189924175
243sentences.67,Original,early crews were all young men but astronauts now are much more diverse.,1.5795425169254973
243sentences.68,Original,the team of astronauts floated out together to the exterior of the space shuttle.,1.4827533403254205
243sentences.69,Original,they carried tools needed to repair the broken part on the huge telescope.,1.581304075554808
243sentences.70,Original,one astronaut loosened the bolts on the pipe while the other fitted the replacement part into place.,1.1632622508068542
243sentences.71,Original,computers have been used in art for a long time by experimental artists.,1.5848391326538382
243sentences.72,Original,now that computers are more affordable and widespread computer graphics have entered the mainstream art world.,2.059957453928224
243sentences.73,Original,some computer science conferences have art exhibitions that showcase the latest graphics technology.,1.6756184795267268
243sentences.74,Original,brand new conferences have sprung up that are devoted to bridging the two cultures.,1.3892721725513844
243sentences.75,Original,the computer graphics specialist works with doctors to visualize medical conditions and surgical procedures.,2.1317178232241485
243sentences.76,Original,she uses digital animation to help doctors understand structures within a patient's body.,1.57346130236736
243sentences.77,Original,seeing the internal structures in an animation on a screen is much clearer than squinting at x-rays.,1.6142516077706581
243sentences.78,Original,modern digital animation is a powerful tool for education.,2.161749601292751
243sentences.79,Original,as the field of computer graphics broadens we must ask if graphics actually help students.,1.4626206829355757
243sentences.80,Original,research does suggest that vivid and engaging digital imagery can be effective in the classroom.,1.4233735875118727
243sentences.81,Original,the reason he came to law school in the first place was cliche.,1.468133659614949
243sentences.82,Original,he wanted to change things for the better.,1.4375747984179454
243sentences.83,Original,he recalled one evening at law school when he and the program director had pulled an all-nighter.,1.3567357653980279
243sentences.84,Original,they finally finished drafting a petition for several evicted families at sunrise.,2.050883067818199
243sentences.85,Original,over the past four decades the cost of legal education has gone up relentlessly.,1.8564878456766192
243sentences.86,Original,private law school tuition increased by a factor of four since the 1970s.,1.6091636436967607
243sentences.87,Original,the market for admission to law school and for new lawyers could eventually crash.,1.4715718917747584
243sentences.88,Original,law school faculty often have minimal experience in actually practicing law.,1.5793173578655313
243sentences.89,Original,professors focus on writing law review articles for prestigious journals.,1.60703931488926
243sentences.90,Original,law schools often emphasize the theoretical with classes on topics like property law in feudal england.,1.2628345997927493
243sentences.91,Original,pharmacists are increasingly involved in preventive care.,2.1661664294538494
243sentences.92,Original,they are becoming front-line health advisers because people go to pharmacies often.,1.0611064260933343
243sentences.93,Original,pharmacists are often a good source of information about public health.,1.7178012961247886
243sentences.94,Original,doctors consult with pharmacists because they know a lot about drug interactions and side effects.,1.6224385886758224
243sentences.95,Original,pharmacists dispense prescription drugs to patients and offer advice about the safe use of medications.,2.1385742934777836
243sentences.96,Original,they also conduct health and wellness screenings and provide vaccines.,2.210416454563
243sentences.97,Original,pharmacists must have professional degrees and pass two exams in order to be licensed.,1.59082842702023
243sentences.98,Original,i think the pharmacy profession chose me as much as i chose to be a pharmacist.,1.1558130355140348
243sentences.99,Original,i was fascinated by the neatly arranged bottles in pharmacies as a child.,1.7518516551678407
243sentences.100,Original,i know it's cliche but i love the impact that i have on lives of my patients.,0.6829345835900047
243sentences.101,Original,each person has his or her own response to potentially stressful situations.,1.7934460584948606
243sentences.102,Original,one person may be devastated by unemployment while another may find working fulltime stressful.,1.604106682496015
243sentences.103,Original,there are everyday stresses like being stuck in traffic.,1.475902250325454
243sentences.104,Original,there are also traumatic stresses such as divorce or loss of a child.,1.543143655352485
243sentences.105,Original,some people can adapt to different levels of stress.,1.5232905949199458
243sentences.106,Original,if not dealt with effectively though stress can take a real toll on health.,1.603373516855951
243sentences.107,Original,remember that it's your reaction to stress that determines if it will be harmful or beneficial.,1.6220338937389944
243sentences.108,Original,when my company was downsizing i felt incredibly stressed and worried.,1.2440111276379493
243sentences.109,Original,my heart would race for no reason and i even felt dizzy at times.,1.4015307005241138
243sentences.110,Original,then i started taking yoga to try to manage my stress level.,1.936750831310726
243sentences.111,Original,the man wore a jet black tuxedo with satin stripes.,3.4440540822306964
243sentences.112,Original,it was made with rich fabric cut in the latest style.,1.8522993835159232
243sentences.113,Original,clearly he had it tailored as it fit the man perfectly.,1.0464419898062904
243sentences.114,Original,it looked like something a professional stylist would have picked out for a formal event.,1.4777214059117088
243sentences.115,Original,while the tuxedo is still preferred today's grooms are making personal statements in wedding attire.,1.1712188622761175
243sentences.116,Original,shorter jackets are on the cutting edge of wedding fashion for men.,1.5094678132678587
243sentences.117,Original,grooms are also jazzing up their tuxedos with colorful shirts and satin ties.,2.4882986595294376
243sentences.118,Original,a tuxedo jacket is a tailless dinner jacket with black silk lapels.,3.265983809559144
243sentences.119,Original,black tie trousers should be a perfect match to the tuxedo jacket.,1.8433885527803608
243sentences.120,Original,the shirt should always be plain white and the tie should be black and match the jacket lapels.,1.3385021348269814
243sentences.121,Original,the concert pianist went blind in adulthood.,1.8454636519578456
243sentences.122,Original,her blindness was caused by a genetic condition that slowly damaged the eyes.,1.566019093770517
243sentences.123,Original,she told interviewers that being blind was an advantage to a pianist.,1.5275458536177926
243sentences.124,Original,she had no visual distractions so she could concentrate more fully on her music.,1.6857063131925014
243sentences.125,Original,the government defines blindness as vision insufficient for the ordinary activities of life.,1.3309878156413861
243sentences.126,Original,by establishing the parameters of legal blindness resources can be focused on the legally blind.,1.6383441955977858
243sentences.127,Original,this may overlook those who have vision problems but who do not meet the standard.,1.3590622147591647
243sentences.128,Original,in developing countries blindness in children is usually caused by infectious disease and nutritional deficiencies.,2.1689949442446412
243sentences.129,Original,these causes can often be prevented by medicine and vitamin supplements.,1.4533169240225046
243sentences.130,Original,in developed countries blindness is more likely to be caused by genetic problems.,1.9076616362269494
243sentences.131,Original,no one really knows exactly how a taste gets from your mouth to your brain.,2.0011724018995927
243sentences.132,Original,scientists think the process begins when a molecule of food touches a taste bud cell.,1.4251408570634758
243sentences.133,Original,the cell carries a taste message to taste nerves beneath the cell.,1.5053647164663204
243sentences.134,Original,it was once believed that each taste bud responded to one of the four basic tastes.,1.7081815420804751
243sentences.135,Original,that is a taste bud on the tip of the tongue would respond only if you were eating something sweet.,1.8311691961277257
243sentences.136,Original,scientists now think that a single taste bud can be sensitive to all of the basic tastes.,1.6344914071250214
243sentences.137,Original,my sense of taste isn't very good so i tend to eat foods with very strong flavors.,1.4366388827363097
243sentences.138,Original,i like lots of hot sauce and i drink my coffee with no cream so it's very bitter.,1.387212289378443
243sentences.139,Original,i can't even taste sweetness well so when i make cookies i add extra sugar.,1.0496097908317972
243sentences.140,Original,hip fractures are a real problem for aging individuals.,1.781338580980906
243sentences.141,Original,patients are faced with the pain of the break and the difficult process of healing.,1.3155930360122858
243sentences.142,Original,families have to adjust to the patient's loss of independence.,2.0727760453189035
243sentences.143,Original,and for society hip fractures involve substantial expense and time in the hospital.,1.4542651127037436
243sentences.144,Original,halfway through the race i heard a sound like someone snapping their fingers.,1.8204753411408612
243sentences.145,Original,i felt a crunch and i knew instantly that my foot was broken.,0.9017899677146296
243sentences.146,Original,every step felt like running on spikes.,1.3508214087661685
243sentences.147,Original,at the doctor's office afterward the x-ray clearly showed the fracture.,0.7070318595817432
243sentences.148,Original,there are a few different types of bone fracture.,1.7212935818344401
243sentences.149,Original,in closed or simple fractures the bone is broken but the skin is intact.,1.6938965391912235
243sentences.150,Original,in open or compound fractures the broken bone has punctured the skin and produced an open wound.,1.7442883127384397
243sentences.151,Original,new ear piercings can become infected if they're not carefully cleaned.,1.626881623721199
243sentences.152,Original,signs of infection include tenderness swelling or redness around the earlobe.,2.128669762242336
243sentences.153,Original,if you see these symptoms clean the area and apply some ointment.,1.2549242219155121
243sentences.154,Original,if the redness and swelling don't go away contact your health care provider.,1.4714419894852495
243sentences.155,Original,a local hospital has initiated new measures to reduce infections.,1.4875496189340323
243sentences.156,Original,they have improved hand washing habits and ensured that infected patients are isolated from other patients.,1.5598865176121113
243sentences.157,Original,the hospital has seen infection rates drop since the new measures began.,1.165882866310046
243sentences.158,Original,scrubbing a wound with soap or alcohol delays healing which increases the risk of infection.,1.6332965078461537
243sentences.159,Original,band-aids can increase the risk of infection by holding in heat and moisture.,1.3030208541027202
243sentences.160,Original,fortunately most skin infections can easily be treated once they are diagnosed.,1.8965376862901715
243sentences.161,Original,modern opera started at the end of the sixteenth century.,1.470351077320301
243sentences.162,Original,it began as an effort to rediscover and imitate greek tragic performance.,1.858290926534191
243sentences.163,Original,early founders of opera chose tales from antiquity for their subject matter.,1.2009783864446082
243sentences.164,Original,later operas branched out into different sources of stories and musical traditions.,1.4802347236162061
243sentences.165,Original,opera is an art form in which singers and musicians perform a play that combines words and music.,1.679931427997927
243sentences.166,Original,it incorporates many of the elements of spoken theatre such as acting scenery and costumes.,1.5619131358410376
243sentences.167,Original,performances are typically given in an opera house and accompanied by an orchestra.,1.6453859714363839
243sentences.168,Original,the opera singer has worked hard to win the role in the new production.,1.722216496137646
243sentences.169,Original,her job is not just about singing.,1.3104967469363407
243sentences.170,Original,acting stage presence and musical interpretation are all critical.,1.1370682422626022
243sentences.171,Original,but her pure strong voice is certainly the star of the show.,1.2484713087420012
243sentences.172,Original,a painter must keep many elements in mind while completing a painting.,1.429037180274715
243sentences.173,Original,she has to use solid elements of design like strong composition and lighting.,0.9666896119535497
243sentences.174,Original,she has to execute the brush strokes with skill.,1.9225290485323998
243sentences.175,Original,most importantly the content of the painting should reveal a glimpse of the painter's soul.,1.652672397269398
243sentences.176,Original,long ago painters were employed more as skilled artisans than as creative artists.,1.8746409160452122
243sentences.177,Original,however prominent painters had the social status of scholars and members of the royal court.,1.3169048602079143
243sentences.178,Original,they signed their work decided on its subject and imagery and established a personal relationship with their patrons.,1.5142602221229788
243sentences.179,Original,as a painter i learned to focus less on the actual scene and more on the painting itself.,1.1015857868980714
243sentences.180,Original,an artist's eye is not a camera lens that has to record everything within its field of vision.,1.4679406583131778
243sentences.181,Original,i found nature provides useful information but more than is needed for a good painting.,1.78126363445587
243sentences.182,Original,the eagle owl is an impressive bird.,2.7836679918296006
243sentences.183,Original,it has ear tufts that stick up like horns.,1.2938307969035387
243sentences.184,Original,its large orange eyes are downright creepy and look like they could pierce right through you.,2.16059383707223
243sentences.185,Original,this owl hunts at night flying swiftly and silently through the darkness.,2.2339633933704355
243sentences.186,Original,while some owl species have become endangered others are thriving.,2.1696139229921276
243sentences.187,Original,the barred owl has spread well beyond its previous habitat.,1.8127427739354467
243sentences.188,Original,early findings suggest that logging may have facilitated the barred owl's invasion.,1.9046084230941542
243sentences.189,Original,the owl landed on a thick branch and gripped it with her talons.,1.5513379096486075
243sentences.190,Original,she pressed her wings to her sides and settled down half-closing an eye.,1.6245030768393518
243sentences.191,Original,she might have been a statue but for the glow of her eyes.,1.3057366634493304
243sentences.192,Original,it's unnerving to watch a polar bear stalk across floating sea ice.,1.438697604279543
243sentences.193,Original,it's even worse when you are submerged in the frigid waters directly beneath the huge animal.,1.7819991870274352
243sentences.194,Original,overhead giant paws set down on the ice as the polar bear pursued its prey.,1.8556244148071532
243sentences.195,Original,as part of the film crew for a polar bear documentary i spent months capturing these shots.,1.4630259472560756
243sentences.196,Original,polar bears are one of the few animals that will attack people for reasons other than fear or confusion.,1.4335542112439772
243sentences.197,Original,they may attack out of hunger because they live in a food-scarce environment.,1.4170491064097166
243sentences.198,Original,they will sneak up on people slowly careful to conserve their energy.,1.4600059293865038
243sentences.199,Original,the seal is an important part of the polar bear's diet.,1.9077928481111686
243sentences.200,Original,when hunting they will wait by a seal's breathing hole or stalk seals that are basking on the ice.,1.499699098737128
243sentences.201,Original,the polar bear will crawl quietly forward and freeze in place when the seal looks around.,1.568092422589035
243sentences.202,Original,the medieval castle was not a structure built primarily for defense.,1.7183174320096104
243sentences.203,Original,its purpose was to dominate its surroundings.,1.166685381580986
243sentences.204,Original,a castle could easily control lands within a day's walk.,1.4394520641596118
243sentences.205,Original,during times of attack peasants livestock and property could be brought inside the castle's walls for protection.,1.3472119624437324
243sentences.206,Original,spectacular castles in dramatic locations provide a record of the stormy history of many regions.,1.644969878028157
243sentences.207,Original,today they stand atop rocky cliffs overlooking beautiful landscapes and quaint villages.,2.830617928496565
243sentences.208,Original,in the past they were home to battles plots and intrigue.,0.9557307942455112
243sentences.209,Original,upon leaving the train station we saw our hotel looming above a magnificent castle built on a cliff.,1.985660161580804
243sentences.210,Original,the thick outside walls sheltered an inner courtyard hundreds of feet above the river.,2.0608996696709863
243sentences.211,Original,our tower rooms had an incredible but slightly scary view.,1.4083127572382461
243sentences.212,Original,after climbing fifty feet up the side of the pyramid the man gestured me into a small black entranceway.,1.4575323331950758
243sentences.213,Original,this led into the chamber at the pyramid's center.,1.6296224903689354
243sentences.214,Original,i followed him down the steep dark narrow passage.,1.6446979423833268
243sentences.215,Original,the smell inside the pyramid was chalky and the air was thick.,1.220293612778133
243sentences.216,Original,more than just the tomb of the king pyramids represented the pride of the nation.,1.4327874377032792
243sentences.217,Original,the care that the pyramid builders took in their craft is evident.,1.2806406220735775
243sentences.218,Original,the stones covering the pyramid were precisely fitted together and polished until the structure gleamed.,1.4836045320296045
243sentences.219,Original,architects are still working to solve the mysteries of how pyramids were constructed.,1.6905765840668092
243sentences.220,Original,some think ramps were built inside the pyramid's walls to raise stone blocks.,1.4502520129971177
243sentences.221,Original,others speculate that ramps zigzagged up the exterior walls of the pyramid.,1.8674705823406337
243sentences.222,Original,even beginner rock climbing takes courage and strength.,1.3113812489863566
243sentences.223,Original,climbers who are learning the sport can try scrambling on large boulders.,0.9328653637498757
243sentences.224,Original,once they're comfortable with that they can begin using ropes to safely climb vertical rock faces.,1.6072396713492125
243sentences.225,Original,all of the boys on the trip were new to rock climbing.,1.0286283073172329
243sentences.226,Original,many were afraid of heights.,1.4002741664559697
243sentences.227,Original,having someone else check their knots and harnesses helped them calm down.,1.4296230405619212
243sentences.228,Original,the adults set up climbing routes appropriate for beginners.,1.6123296349836012
243sentences.229,Original,free-climbing is one particular style of rock climbing.,1.2958915439291967
243sentences.230,Original,the climber relies solely on her skill and physical strength to ascend a rock face.,1.682896372940417
243sentences.231,Original,rope and bolts are the only equipment used.,0.9091502464196252
243sentences.232,Original,they are meant only to stop the climber if she falls.,1.643130687108808
243sentences.233,Original,i hesitantly skied down the steep trail that my buddies convinced me to try.,1.866187624453916
243sentences.234,Original,i made a bad turn and i found myself tumbling down.,0.9940925752321346
243sentences.235,Original,i finally came to a stop at a flat part of the slope.,1.3472177832660026
243sentences.236,Original,my skis were nowhere to be found and my poles were lodged in a snow drift up the hill.,1.5028769524261798
243sentences.237,Original,a major strength of professional skiers is how they use ski poles.,1.0148591072316175
243sentences.238,Original,proper use of ski poles improves their balance and adds flair to their skiing.,1.6749814684451527
243sentences.239,Original,it minimizes the need for upper body movements to regain lost balance while skiing.,1.4949931764986304
243sentences.240,Original,new ski designs and stiffer boots let skiers turn more quickly.,1.2873038011116467
243sentences.241,Original,but faster and tighter turns increase the twisting force on the legs.,1.4602616001772406
243sentences.242,Original,this has led to more injuries particularly to ligaments in the skier's knee.,1.4729615453851823
384sentences.0,Original,an accordion is a portable musical instrument with two keyboards.,1.8353489735912853
384sentences.1,Original,one keyboard is used for individual notes the other for chords.,1.3425978660970068
384sentences.2,Original,accordions produce sound with bellows that blow air through reeds.,1.5877996905249725
384sentences.3,Original,an accordionist plays both keyboards while opening and closing the bellows.,1.9284049513156536
384sentences.4,Original,an apartment is a self-contained home that is part of a building.,1.0076996507163944
384sentences.5,Original,an apartment may have one or more rooms as well as a kitchen and a bathroom.,1.3418838965883506
384sentences.6,Original,some apartments are for single people others for families.,1.2271212625408747
384sentences.7,Original,the building can have a garage a laundry facility or extra storage space.,1.8509118392906565
384sentences.8,Original,an apple is a fruit that can be green red or yellow.,1.2778037680133745
384sentences.9,Original,apples have thin skin a crisp sweet pulp and seeds inside.,2.077938251687213
384sentences.10,Original,some very tart apples are used to make cider.,2.032419218239165
384sentences.11,Original,apples can be eaten raw roasted or baked in pies.,2.5155307909314923
384sentences.12,Original,arson is the criminal act of burning a building or wildland.,1.6619110205575836
384sentences.13,Original,a fire investigation determines if a fire was caused by accident or arson.,1.5187342738972942
384sentences.14,Original,arson can be done to cause damage to others or collect insurance.,1.8792456170594565
384sentences.15,Original,the severity of the crime depends on whether people were harmed.,1.61932813857959
384sentences.16,Original,an automobile or car is a wheeled vehicle for transporting passengers.,2.4197329837677395
384sentences.17,Original,a car can be powered by a gasoline or electric engine.,1.8768180396991747
384sentences.18,Original,the driver steers the car on roads other passengers just sit.,1.8225022559986874
384sentences.19,Original,automobiles vary in size number of doors and the type of trunk.,1.3238738488548871
384sentences.20,Original,the axe is a tool used to split and cut wood.,1.246894333741964
384sentences.21,Original,the axe usually consists of a head attached to a handle.,1.0392192709522712
384sentences.22,Original,historically axe heads were made of stone and then metal.,1.143786541863949
384sentences.23,Original,axes are used by woodcutters and firemen entering buildings.,1.7768463003322084
384sentences.24,Original,a banana is a long fruit that grows in bunchs with a soft edible inside.,1.381806791494088
384sentences.25,Original,a banana when ripe can be yellow purple or red and have small brown spots.,1.7721611064096776
384sentences.26,Original,the greatest producers are tropical countries such as india or ecuador.,1.681332179645749
384sentences.27,Original,unripe bananas and plantains are staple foods and often cooked like potatoes.,2.5440709598252984
384sentences.28,Original,a bed is a piece of furniture used as a place to sleep or have sex in.,1.25397111089261
384sentences.29,Original,a bed is made of a mattress and a box spring plus sheets pillows and covers.,1.3903617493486347
384sentences.30,Original,in waterbeds the mattress is filled with water and in airbeds it is filled with air.,1.3989997206393818
384sentences.31,Original,another type of bed is the hammock a fabric sling suspended above the ground.,1.9853388731391712
384sentences.32,Original,a bee is a flying insect with a black and yellow body and six legs.,1.711419419231462
384sentences.33,Original,bees spread pollen between flowers as they collect nectar to make honey.,1.7061375287160585
384sentences.34,Original,bees are social insects and live together in a colony located in a hive.,1.873736027048316
384sentences.35,Original,many bees have stingers and can attack if they feel threatened.,1.4306742441914662
384sentences.36,Original,a bicycle is a vehicle with two wheels and pedals on a frame.,1.746179945078726
384sentences.37,Original,a bicycle is propelled by the pedalling of a cyclist on the saddle.,1.7956350764187412
384sentences.38,Original,the wheels have rubber tires with an inner tube full of air.,1.6683632681308755
384sentences.39,Original,people use bicycles for transportation recreation and racing.,1.4630723498980074
384sentences.40,Original,a blacksmith creates objects by forging iron or steel.,1.7935686390597734
384sentences.41,Original,a blacksmith hammers and bends hot iron on an anvil to change its shape.,1.8780626190326766
384sentences.42,Original,blacksmiths wears a thick apron and handle the metal with tongs.,1.532803631782819
384sentences.43,Original,blacksmiths make objects like weapons horse shoes or iron furniture.,1.4508728242557343
384sentences.44,Original,a blender is a kitchen appliance used to mix ingredients or puree food.,2.2220007182231845
384sentences.45,Original,blenders have a glass or plastic container with a rotating blade in the bottom.,2.490483719279452
384sentences.46,Original,blenders are used to make milk shakes and fruit smoothies.,1.9336108049236158
384sentences.47,Original,blenders are also used to make cold alcoholic drinks with crushed ice.,2.0654174549250994
384sentences.48,Original,a boy is a young male child who has not undergone puberty.,2.39352575574928
384sentences.49,Original,the term is used to indicate sex distinctions relative to girls.,1.502909030431917
384sentences.50,Original,traditionally boys like to play rough games and fight with each other.,1.9218776798379194
384sentences.51,Original,an adult male behaving immaturely is often referred to as a boy.,2.0812341916290564
384sentences.52,Original,broccoli is a plant in the cabbage family.,1.6731154053455526
384sentences.53,Original,broccoli has a green flower head and a thick tough stalk.,1.8683861005783542
384sentences.54,Original,broccoli is high in vitamins fiber and other nutrients.,1.1515148870835357
384sentences.55,Original,broccoli can be boiled stir-fried or eaten raw.,2.4245512286212993
384sentences.56,Original,a butterfly is a flying insect with four large wings.,1.978206507360359
384sentences.57,Original,the wings of butterflies can be very colorful and patterned.,1.277033332670299
384sentences.58,Original,metamorphosis is the transformation of a caterpillar into a butterfly.,1.622903256297339
384sentences.59,Original,some people collect butterflies because of their colorful wings.,1.657831155997417
384sentences.60,Original,a carpenter is an artist or manual laborer who works with wood.,1.6566488543310272
384sentences.61,Original,carpenters build and repair houses furniture boats and other objects.,2.235487587010245
384sentences.62,Original,carpenters use tools such as hammers saws pliers and planes.,2.0200466332000326
384sentences.63,Original,a luthier is a carpenter that makes and repairs musical instruments.,1.5686599061121784
384sentences.64,Original,cats are small furry animals with four legs and a tail.,2.240132952963642
384sentences.65,Original,cats like to groom themselves by licking their fur.,1.9698451785449145
384sentences.66,Original,cats can hunt mice or birds but are often fed by their owners.,1.657636351381466
384sentences.67,Original,the claws of cats are retractable so that they keep sharp.,1.3179333696840165
384sentences.68,Original,a chair is a piece of furniture designed for people to sit on.,1.6644729288760378
384sentences.69,Original,chairs consist of a seat raised above floor level supported by legs.,1.5699097497375434
384sentences.70,Original,chairs can also have back and arm rests as well as a cushion.,1.393493798091122
384sentences.71,Original,seats are fixed chairs located in vehicles or in places like cinemas.,1.3572151796255083
384sentences.72,Original,a clarinet is a woodwind musical instrument.,1.8596704973852616
384sentences.73,Original,a clarinet is a long black tube with a flare at the bottom.,1.7199366700508432
384sentences.74,Original,the player chooses notes by pressing keys and holes.,1.3783507701623212
384sentences.75,Original,the clarinet is used both in jazz and classical music.,1.3628447332620925
384sentences.76,Original,a cod is a fish that lives in the colder areas of the atlantic.,1.5864032169841649
384sentences.77,Original,cod flesh is white and mild-tasting and flakes easily when cooked.,1.5532699756578585
384sentences.78,Original,fresh cod is used for fish and chips salted cod for elaborate dishes.,2.1059359870342935
384sentences.79,Original,cod has been caught salted and traded since the time of the vikings.,1.4472460748110807
384sentences.80,Original,coffee is made from coffee beans the seeds of the coffee plant.,1.742175433354689
384sentences.81,Original,coffee is a popular drink in many countries and usually served hot.,1.2859526023552565
384sentences.82,Original,coffee contains a mild drug called caffeine that keeps people awake.,1.6489874698088907
384sentences.83,Original,coffee is the world's seventh-largest legal agricultural export.,1.60292391588434
384sentences.84,Original,a desert is a natural environment where almost no rain falls.,1.5001210630115651
384sentences.85,Original,hot deserts are usually filled with sand dunes or rocks.,2.489936459968764
384sentences.86,Original,some animals and plants have adapted to live in deserts.,1.6651619719678703
384sentences.87,Original,the biggest hot desert is the sahara in northern africa.,2.2454767697121327
384sentences.88,Original,a desk is a piece of furniture used for working at sometimes with a computer.,1.3357417837941856
384sentences.89,Original,a desk has a flat surface and can be made of wood plastic or metal.,1.3961298275781842
384sentences.90,Original,a desk may have drawers to store supplies and papers.,1.4381932191507982
384sentences.91,Original,a cubicle consists of a desk surrounded by partitions on three sides.,1.4308018164642826
384sentences.92,Original,a door is a movable barrier to entrance or exit from an enclosed area.,1.7654929332410565
384sentences.93,Original,most doors have locks to control who gets to pass through them.,1.3740550704478942
384sentences.94,Original,most doors are opened by pushing or pulling a handle after they are unlocked.,1.5103178801776267
384sentences.95,Original,other types of doors can slide or consist of a revolving chamber.,1.4145612785832227
384sentences.96,Original,a dress is a piece of clothing that women sometimes wear.,1.247115340572193
384sentences.97,Original,a dress is like a shirt attached to a long matching skirt.,1.3435021915598626
384sentences.98,Original,a dress is usually worn at formal occasions such as a wedding or a dance.,1.6781670030307987
384sentences.99,Original,it can be hard to climb stairs or ride a bike in a dress.,2.1117880232717643
384sentences.100,Original,drunk driving is the act of driving under the effects of alcohol.,1.5448835681950033
384sentences.101,Original,drunk driving of any vehicle is a crime in most of the world.,1.609471557287733
384sentences.102,Original,it plays a role in almost half of all vehicle-related deaths.,1.7924946950665026
384sentences.103,Original,drunk drivers are caught by field sobriety and breathing tests.,1.7885487885746143
384sentences.104,Original,a drought is a persistent shortage of the water supply caused by lack of rain.,2.113699163840936
384sentences.105,Original,drought will cause crops and plants to stop growing and die.,1.3988960229376826
384sentences.106,Original,extreme drought will eventually turn areas into desert and cause famine.,1.5080447978233922
384sentences.107,Original,large numbers of people have to migrate away from dust bowls.,1.8663006267535396
384sentences.108,Original,eagles are large birds of prey that hunt during the day and have very good eyesight.,1.466678608529523
384sentences.109,Original,eagles have hooked beaks for tearing flesh strong legs and sharp talons.,1.7112428609881052
384sentences.110,Original,eagles live in eyries and some species eat fish and others small mammals.,1.7427871720156636
384sentences.111,Original,the bald eagle has a bright white head and is the national bird of the united states.,1.6516411321428452
384sentences.112,Original,earthquakes shake the ground and can knock down buildings and other structures.,1.489993413935344
384sentences.113,Original,the shaking can also trigger landslides and volcanic activity.,2.018029325503361
384sentences.114,Original,most earthquakes are caused by the release of energy in the earth's crust.,2.097923904946505
384sentences.115,Original,an earthquake at sea can displace the seabed and cause a tsunami.,1.2946007602338045
384sentences.116,Original,elephants are the largest kind of land mammal weighing several tons.,2.0300163945606617
384sentences.117,Original,an elephant has a long nose called a trunk which can grab things or food.,1.3658499825320143
384sentences.118,Original,the elephant has a pair of ivory tusks for moving objects or digging into trees.,1.5779552128734136
384sentences.119,Original,the elephant flaps its large ears to cool the blood in them and its body.,1.3489763424891104
384sentences.120,Original,the eye is an organ for sensing light and coding it for the visual cortex.,1.383934585571101
384sentences.121,Original,most animals have complex eyes which can detect color motion and texture.,1.2311161967779227
384sentences.122,Original,the fovea is the center of the human eye and the most sensitive part of it.,1.790507901599539
384sentences.123,Original,insects have compound eyes made up of eye units facing in many directions.,1.0687853000386343
384sentences.124,Original,a farm is land used to grow plants or raise animals for food.,1.4954290459434314
384sentences.125,Original,farmers are the people who run the farm and decide what to produce.,1.3983609088385667
384sentences.126,Original,farms usually have a house for farmers a silo and a barn.,1.2615947634302993
384sentences.127,Original,a cooperative is a farm where many farmers share the land and equipment.,1.4510897557177085
384sentences.128,Original,primates usually have four fingers and a thumb on each hand.,1.1867498258462637
384sentences.129,Original,fingers are used for grasping writing grooming and other activities.,1.4534748275230023
384sentences.130,Original,the fingertips are sensitive to temperature pressure and vibration.,1.453570408839691
384sentences.131,Original,the nail protects the tip of the finger and can be grown or decorated.,1.4237474994455774
384sentences.132,Original,a flood is an overflow of an expanse of water that submerges inhabited land.,1.8602396628297007
384sentences.133,Original,flood can be caused by heavy rain or rapid snow melt as well as earthquakes at sea.,1.866314467608132
384sentences.134,Original,in a flood a river will flow out of its channel or break dams and levees.,1.5972282596726661
384sentences.135,Original,during a flood people evacuate and the contaminated water causes diseases.,1.4616757763070038
384sentences.136,Original,a floor is a horizontal surface inside a building used for walking on.,1.540298372163207
384sentences.137,Original,floors may be made of bare concrete tile linoleum or wooden floorboards.,2.3598973486586865
384sentences.138,Original,people often put carpets on a floor for comfort and to dampen noise.,1.4686900535206002
384sentences.139,Original,in buildings the floor often has pipes and electrical wiring under it.,1.1820950597765352
384sentences.140,Original,a foot is a body part on the end of a leg.,1.3521193199312067
384sentences.141,Original,people use their feet when walking running or standing straight.,1.2144688033002187
384sentences.142,Original,people also use their feet to kick in both fighting and sports.,1.1879758687197597
384sentences.143,Original,many cultures have rules for behavior related to feet.,1.2984784943194154
384sentences.144,Original,a forest is an area with a high density of trees and canopy cover.,1.7953045924226987
384sentences.145,Original,the type of forest depends on temperature and rainfall in its location.,1.610012225819756
384sentences.146,Original,a forest ecosystem has various types of trees and animals as well as ground plants.,1.81546512004752
384sentences.147,Original,deforestation is the cutting down of forests disregarding regeneration.,1.4760053892152507
384sentences.148,Original,a fork is a tool for eating solid foods with a handle and several tines.,1.784912542368179
384sentences.149,Original,forks are usually made of metal or plastic if disposable.,1.3539945640260755
384sentences.150,Original,forks are used to lift food to the mouth or to hold food in place while cutting.,1.1239415736246516
384sentences.151,Original,forks are used in western cultures and there are special kinds for various foods.,1.650686771079892
384sentences.152,Original,a frying pan is a small pan with sloping sides and a handle.,2.4141664957675792
384sentences.153,Original,a frying pan is used to fry sear and brown food.,2.3160203146673584
384sentences.154,Original,the food is cooked on oil covering the bottom of the pan.,1.6217742873196213
384sentences.155,Original,frying pans are made of iron or teflon-clad steel.,1.9055692497303542
384sentences.156,Original,a girl is a female human who has not yet reached maturity.,1.6821427405238325
384sentences.157,Original,at puberty the body of a girl develops into that of a woman.,1.4342789976004986
384sentences.158,Original,girls often like playing with dolls and social games.,1.9645710607892346
384sentences.159,Original,girls sometimes grow long hair and wear dresses and skirts.,2.167087330493398
384sentences.160,Original,a glove is a piece of clothing that covers the hand and fingers.,1.245132464261849
384sentences.161,Original,gloves to protect against cold are made of wool or lined waterproof material.,1.637795409337726
384sentences.162,Original,disposable rubber or latex gloves are used to shield hands from germs or chemicals.,2.593141257154918
384sentences.163,Original,a mitten is a kind of glove where the four fingers are covered together.,1.3533484940546046
384sentences.164,Original,a hammer is a tool used to deliver an impact to an object.,1.7212334597749945
384sentences.165,Original,a hammer is most often used to drive nails into wood.,1.9839583750181413
384sentences.166,Original,the claw on the head can be used to remove nails.,1.3691084723672615
384sentences.167,Original,hammers vary in the shape of the head and handle length.,1.4413735208551046
384sentences.168,Original,a hand grenade is an explosive used as a weapon against people.,2.226395243794355
384sentences.169,Original,hand grenades are thrown and timed to explode a bit after that.,1.6790153710838707
384sentences.170,Original,grenades can also be fired from rifles or shoulder launchers.,1.7190865553840464
384sentences.171,Original,tear gas grenades are thrown into the middle of a mob to disperse it.,2.064449193021903
384sentences.172,Original,a horse is a large hoofed mammal with four long muscular legs.,2.13959888944521
384sentences.173,Original,a horse has a tail and a mane on its neck and is usually gray or brown.,1.3966603653114915
384sentences.174,Original,horses have been used for draft work travel and entertainment.,1.2585602686098407
384sentences.175,Original,a human can ride a horse while it walks trots or gallops.,1.5190949611809375
384sentences.176,Original,people go to hospitals to be healed when they are sick or injured.,1.5401890979891286
384sentences.177,Original,hospitals are staffed by professional physicians surgeons and nurses.,2.167731539921541
384sentences.178,Original,some patients go there for specialist diagnosis or therapy leaving the same day.,0.9553841925059947
384sentences.179,Original,for some operations or treatments patients have to stay for several weeks.,1.0927155525672752
384sentences.180,Original,a house is a permanent building or structure for people or families to live in.,1.677790742977399
384sentences.181,Original,a house has a roof and walls to keep out cold and rain and windows to let light in.,1.3612889926189544
384sentences.182,Original,a house can have rooms for purposes like sleeping cooking or washing.,1.3185316966786864
384sentences.183,Original,most people leave the house to work and come back at night to eat and sleep.,1.5355804438540794
384sentences.184,Original,an igloo is a type of shelter made from blocks of snow by inuit.,1.3874870035731557
384sentences.185,Original,igloos are built in places where snow covers the land most of the time.,2.0281089036133753
384sentences.186,Original,igloos are often built in the shape of a dome with an entrance tunnel.,1.7066906135255364
384sentences.187,Original,air pockets in snow insulate the space and body heat warms igloos.,1.7481688097661003
384sentences.188,Original,a knife is a tool with a sharp edge that is used to cut things.,1.6788403065650193
384sentences.189,Original,modern knives consist of a handle and a blade usually made of metal.,1.0309733199582287
384sentences.190,Original,knives have also been used as weapons and instruments in rituals.,1.5776805429746437
384sentences.191,Original,a knife can be used to attack by slashing stabbing or throwing.,2.2999247550164483
384sentences.192,Original,lentils are the seeds of a plant of the legume family.,1.7906962815128205
384sentences.193,Original,lentils can be red green brown black or yellow.,1.5247098253610916
384sentences.194,Original,lentils are commonly used in indian and mediterranean cuisines.,2.3452845627337684
384sentences.195,Original,lentils are cooked by boiling and are a great source of protein.,1.4993063708301486
384sentences.196,Original,lettuce is a biennial plant often grown in temperate climates as a leaf vegetable.,1.7889314291071718
384sentences.197,Original,lettuce can be eaten cold and raw in salads and other dishes or cooked.,2.093374495937601
384sentences.198,Original,lettuce is considered fairly easy to grow and a suitable crop for beginners.,1.8386633121415767
384sentences.199,Original,most lettuce leaves taste bitter but some are bred to remove the bitterness.,1.639733803752861
384sentences.200,Original,a library is a place where a collection of books documents and media is kept.,1.2269480199186888
384sentences.201,Original,librarians work at libraries and are experts at finding and organizing information.,1.2578804439996631
384sentences.202,Original,people can go to public libraries and borrow books to take home for several weeks.,1.54731687281431
384sentences.203,Original,academic libraries support scholarly research and have specialized books.,2.8758792417968486
384sentences.204,Original,a log cabin is a small house built from round logs.,2.157918617792051
384sentences.205,Original,log cabin is a symbol of american frontier life and humble origins.,1.8404566576124504
384sentences.206,Original,log cabins were used as first shelters by european settlers.,1.9502840084706117
384sentences.207,Original,log cabins were built using logs with notch joints at the ends.,2.231546500980276
384sentences.208,Original,a man is a male human adult.,1.4983693535728626
384sentences.209,Original,a boy becomes a man after passing through puberty.,1.9122674511802598
384sentences.210,Original,manhood is associated with masculinity and virility.,1.8363346118805213
384sentences.211,Original,men differ from women in height weight and body structure.,1.7406141956871937
384sentences.212,Original,milk is a white liquid produced by female mammals to feed their young.,1.517971811697418
384sentences.213,Original,newborn animals must be fed milk before they can eat solid food.,1.900098471828933
384sentences.214,Original,dairy products such as cheese and butter are made from milk.,1.7585413207240308
384sentences.215,Original,liquid produced from soybeans and coconuts is sometimes called milk.,1.7239509652440124
384sentences.216,Original,mosquitos are thin small flying insects that emit a high-pitched sound.,2.164644826733068
384sentences.217,Original,mosquitoes have mouthparts for piercing the skin of plants and animals.,1.6163194898819715
384sentences.218,Original,female mosquitoes bite people and animals and suck their blood for protein.,1.8191613921463425
384sentences.219,Original,mosquito bites can spread yellow fever malaria and other parasite diseases.,2.6617275009768764
384sentences.220,Original,a mountain is a landform that rises steeply above surrounding land.,1.8655428931415523
384sentences.221,Original,mountains rise higher than hills and sometimes have snow at the top.,1.5925071602206626
384sentences.222,Original,a range of mountains forms due to tectonic plate collision.,1.6356629133201483
384sentences.223,Original,mountaineers are people who climb or hike up mountains.,2.035622965941563
384sentences.224,Original,the mouth is the face cavity we put food in when we eat.,0.9433246936102825
384sentences.225,Original,the mouth has teeth to chew food and mix it with saliva.,1.2871485634352047
384sentences.226,Original,the mouth is also used for kissing and talking.,1.2245896919522044
384sentences.227,Original,speech sounds are controlled by tongue placement in the mouth.,1.5729734976402805
384sentences.228,Original,a mug is a sturdy cup with a handle for drinking hot liquids.,1.8018947755655863
384sentences.229,Original,a mug is normally ceramic but can also be made of metal or glass.,1.5673585675240427
384sentences.230,Original,a mug is thick and has a ring base for thermal insulation.,1.4983090830346757
384sentences.231,Original,mugs can be plain or have drawings imprinted or carved on them.,1.1902658636313421
384sentences.232,Original,murder is the unlawful killing of another human being with intent.,1.8675364304922994
384sentences.233,Original,murder a serious crime because it deprives the victim of their existence.,1.5982282264439152
384sentences.234,Original,killing in self-defense accidentally or in war is not considered murder.,1.101941229416796
384sentences.235,Original,a convicted murderer is often given a life sentence or the death penalty.,1.960938509562272
384sentences.236,Original,orange juice is a drink made from the liquid in orange pulp.,1.8585121905566935
384sentences.237,Original,orange juice has a sweet acid taste and contains a lot of vitamin c.,2.012169853487819
384sentences.238,Original,freshly squeezed orange juice often contains pulp as well.,3.537507494093098
384sentences.239,Original,orange juice is often drunk at breakfast from a glass.,1.661574343442048
384sentences.240,Original,a parrot is a bird that lives in warm and tropical regions.,1.7649738980248846
384sentences.241,Original,parrots have brightly-colored feathers and a sharp curved beak.,1.7410544746427468
384sentences.242,Original,parrots can imitate the human voice if they hear it repeatedly.,1.5425210990393543
384sentences.243,Original,their appearance and abilities makes them popular pets.,1.1869595041128547
384sentences.244,Original,a peach is an orange-yellow fruit with a characteristic smell.,1.1675371722705299
384sentences.245,Original,the skin of a peach is thin and covered in small fine hairs.,1.2763397974292956
384sentences.246,Original,peaches have a large red-brown stone inside which contains the seed.,1.1926015040239368
384sentences.247,Original,peaches are sweet and delicate and must be harvested after ripening.,1.7277704064891173
384sentences.248,Original,the piano is a popular musical instrument played by means of a keyboard.,1.8631967658225395
384sentences.249,Original,pressing a piano key causes a felt-tipped hammer to hit a vibrating steel string.,1.6716540041327066
384sentences.250,Original,the piano has an enormous note range and pedals to change the sound quality.,1.1202113873110626
384sentences.251,Original,the piano repertoire is large and famous pianists can give solo concerts.,1.6690722604236363
384sentences.252,Original,piranhas are small ferocious fish that live in south american rivers.,1.6715035043279316
384sentences.253,Original,piranhas live and attack in schools and are most active during the day.,1.6924887701958953
384sentences.254,Original,piranhas have very sharp teeth and are opportunistic carnivores.,1.702813042456543
384sentences.255,Original,piranhas eat fish insects lizards mammals and carrion.,2.4044837253427227
384sentences.256,Original,the raspberry is a fruit that grows in forest clearings or fields.,2.0363341096477954
384sentences.257,Original,a single raspberry consists of many small fruits joined together.,1.312707269156751
384sentences.258,Original,raspberries are eaten by themselves or cooked with sugar into jam.,1.8032863095678366
384sentences.259,Original,leaves of the raspberry are used fresh or dried in herbal teas.,1.7216979446891802
384sentences.260,Original,a raven is a large black bird that thrives in many climates.,2.058602426426123
384sentences.261,Original,ravens feed on carrion insects berries or small animals.,3.0156460426378935
384sentences.262,Original,ravens have large brains and are capable of problem solving.,1.398200840856461
384sentences.263,Original,in folklore ravens are birds of ill-omen and also tricksters.,1.2353547000919787
384sentences.264,Original,a refrigerator is a cooling device used to contain and preserve food.,1.6614335600617312
384sentences.265,Original,some refrigerators can have a small compartment at freezing temperature.,1.7400658575555947
384sentences.266,Original,a refrigerator can have shelves and small compartments for different types of food.,1.5123886093136985
384sentences.267,Original,a refrigerator is generally white and people often put magnets on its surface.,1.43847170254696
384sentences.268,Original,a rifle is a firearm that rests on the shoulder and has a barrel with twisting grooves.,1.4354459478740684
384sentences.269,Original,the grooves make the bullets spin around the rifle axis as they fly through the air.,1.3077643230493075
384sentences.270,Original,rifles are used in hunting and shooting sports sometimes with scopes.,1.5139718022558621
384sentences.271,Original,assault rifles can fire in bursts and are the standard infantry weapon.,1.3026470909309185
384sentences.272,Original,salmon is a fish that migrates from fresh water to the ocean and back to spawn.,1.649903262200788
384sentences.273,Original,salmon flesh is orange or red and has high protein content and a nice taste.,1.7984399268016784
384sentences.274,Original,salmon can be eaten raw in sushi or cooked by grilling poaching or in other ways.,1.9578854656176357
384sentences.275,Original,salmon is the most common farmed fish though it can also be caught in the wild.,1.5907805302426392
384sentences.276,Original,a saw is a tool that uses a hard blade or abrasive wire to cut hard materials.,1.7187312216162423
384sentences.277,Original,the small sharp points along the cutting side of the saw are called the teeth.,1.4723498557929986
384sentences.278,Original,saws can be worked by hand or powered by an electric motor or gas engine.,1.9904492474240327
384sentences.279,Original,saws are used extensively in forestry construction carpentry and medicine.,2.18361620131842
384sentences.280,Original,a scientist studies and produces new knowledge about the physical world.,1.528638834186635
384sentences.281,Original,a scientist creates hypotheses and does experiments to test them.,1.0953559373571171
384sentences.282,Original,physics chemistry and biology are classic examples of sciences.,1.78688856960267
384sentences.283,Original,scientists publish their research in journals and conferences.,2.2458754765055113
384sentences.284,Original,scissors are a two-bladed instrument used for cutting.,0.9783282672336748
384sentences.285,Original,the blades are usually metallic with plastic or metal handles.,1.8124510560828113
384sentences.286,Original,depending on the size and format scissors can cut paper hair or fabric.,1.7153865221850386
384sentences.287,Original,shears are large scissors used for cutting shrubs or pieces of metal.,1.9670659909698933
384sentences.288,Original,a screwdriver is a tool for inserting and tightening screws into something.,2.575879811432704
384sentences.289,Original,screwdrivers can also be used to remove screws after they are inserted.,1.892331995133977
384sentences.290,Original,the screwdriver tip applies the torque from rotating the handle.,1.975557016398846
384sentences.291,Original,the two major types of screwdrivers are phillips and flathead.,2.320749610631561
384sentences.292,Original,a shark is a large fish with a cartilage skeleton.,2.1186521475310793
384sentences.293,Original,sharks have streamlined bodies with a large dorsal fin.,1.8756098086964688
384sentences.294,Original,most sharks predate on fish and mammals with powerful jaws.,0.9932498693414269
384sentences.295,Original,sharks have very keen senses and can detect electrical fields.,1.6998152222272873
384sentences.296,Original,a ship is a large vehicle that floats and travels on water.,1.620397190401321
384sentences.297,Original,a ship can be powered in the ocean by sails steam or diesel engines.,1.513399090810146
384sentences.298,Original,ships are used to fish in the ocean and to transport cargo containers.,1.7941976521828713
384sentences.299,Original,cruise ships are floating hotels that take people between cities.,1.4556048403459945
384sentences.300,Original,a shoe is clothing for the foot with a sole an outsole and a heel.,1.1770388228739372
384sentences.301,Original,shoes are usually made of leather canvas rubber or plastic.,1.5997069748123047
384sentences.302,Original,women's shoes often have high heels and come in many styles and colors.,1.0538973076805922
384sentences.303,Original,a sneaker is a shoe for sports and athletic activity.,2.2413336814220384
384sentences.304,Original,a soldier is a member of the national armed forces who fights on land.,1.8147578224787617
384sentences.305,Original,a soldier in the militia must wear a uniform usually camouflage.,1.5291185581011666
384sentences.306,Original,in a volunteer army a soldier is paid for his or her work.,1.6612402534957167
384sentences.307,Original,a soldier fights using weapons such as rifles and grenades.,1.5749987592766725
384sentences.308,Original,spears are weapons that consist of a pole and sharpened head at one end.,1.2431542496411607
384sentences.309,Original,spears were the most common personal weapon before the advent of firearms.,1.420528701905409
384sentences.310,Original,spears were used for stabbing or throwing when fighting in war.,1.2393836073183735
384sentences.311,Original,some native people still use the spear for hunting and fishing.,1.6055931306229114
384sentences.312,Original,spiders are insects with eight legs that make silk.,1.1651310513729423
384sentences.313,Original,spiders build webs with silk and use them to catch insects.,1.966468841559296
384sentences.314,Original,spiders use venomous fangs to paralyse their stuck prey.,2.685037367418615
384sentences.315,Original,spiders can be as small as a coin or as big as a bird.,1.5571466846871336
384sentences.316,Original,swamps are low spongy land subject to frequent inundation.,1.3573702215588939
384sentences.317,Original,a swamp is covered with shallow water mud and vegetation.,2.152184971575694
384sentences.318,Original,swamps are nesting and breeding grounds for birds and reptiles.,2.1379405538743357
384sentences.319,Original,farmers often drain swamps to produce fertile arable land.,2.05568118268289
384sentences.320,Original,a sweater is a heavy garment worn on the torso for warmth.,2.0000936731607566
384sentences.321,Original,sweaters are often knitted from wool but cotton is also common.,2.192338371964942
384sentences.322,Original,a sweater that opens down the front is called a cardigan.,1.195591015805183
384sentences.323,Original,sweaters differ in cut collar and sleeve shape as well as decoration.,1.4544021994487706
384sentences.324,Original,a table is a piece of furniture with a flat surface and legs.,1.5336863483489798
384sentences.325,Original,there are usually chairs around a table for people to sit.,1.2043515472684245
384sentences.326,Original,people set cutlery plates and food on a table to eat a meal together.,1.1531134193988255
384sentences.327,Original,tables are also used as surfaces to work or write on.,1.6426278948450306
384sentences.328,Original,a television is an appliance with a screen that displays moving images.,1.4626687271869072
384sentences.329,Original,televisions are mostly used for watching programs or films.,1.6058438369509886
384sentences.330,Original,they are used to play videogames when connected to a game console.,1.2496010031115905
384sentences.331,Original,television content can be broadcast or received via cable or internet.,2.014734746743452
384sentences.332,Original,theft is the taking of person's property without their consent.,0.9641941578553294
384sentences.333,Original,thieves steal to own something or to sell it to receivers.,1.6926576211810564
384sentences.334,Original,theft is a crime and can be punishable with jail or fines.,1.2465350627507388
384sentences.335,Original,industrial espionage is theft of ideas and intellectual property.,1.6372656243487065
384sentences.336,Original,a toaster is a kitchen appliance for toasting bread using heating elements.,1.9939385493671056
384sentences.337,Original,pop-up toasters toast the bread placed in a slot and eject it once done.,1.6656985204811177
384sentences.338,Original,toaster ovens have a door on the side a tray within and temperature control.,1.6405929685681624
384sentences.339,Original,they allow bread to be cooked with toppings like garlic or cheese.,1.3961209972014674
384sentences.340,Original,the tomato is a shiny and smooth red fruit with a savory taste.,2.3986198795786637
384sentences.341,Original,a tomato softens and changes color from green to red as it gets more ripe.,1.3783382691293249
384sentences.342,Original,tomatoes can be used to make salads soup or ketchup as well as sauce.,1.8431630017783205
384sentences.343,Original,there are many varieties of tomato with different sizes and tastes.,1.9228216109606489
384sentences.344,Original,a train is a connected series of cars that moves between stations on a track.,1.406530286628573
384sentences.345,Original,the train is pulled by a locomotive powered by diesel or electricity.,2.8599233572483787
384sentences.346,Original,a freight train transports containers of goods or fuel over long distances.,1.8303285723838818
384sentences.347,Original,commuter trains transport people between suburbs and stations inside a city.,1.7014451662430505
384sentences.348,Original,a train station is a place where passengers get on or off a train.,1.5799165183550494
384sentences.349,Original,train stations have counters or machines for purchasing tickets.,1.5419363679909424
384sentences.350,Original,there are waiting rooms and places to eat in a station.,1.4902798175969423
384sentences.351,Original,passengers or cargo trains enter from a platform next to the line.,1.3913977192462614
384sentences.352,Original,a tropical cyclone is a storm formed over warm tropical sea.,2.2331850064263907
384sentences.353,Original,cyclones can produce very powerful winds and torrential rain.,2.148464453791808
384sentences.354,Original,tropical cyclone can also cause high waves and coastal flooding.,1.6960964935671934
384sentences.355,Original,a tropical cyclone can move inland and seriously damage property.,1.7897726294791487
384sentences.356,Original,the violin is an instrument with four strings that is played with a bow.,1.4308242183236177
384sentences.357,Original,violin is the smallest and highest pitched instrument in its family.,1.3459808031774987
384sentences.358,Original,a violinist holds the instrument between the chin and the collarbone.,1.299255788862452
384sentences.359,Original,different notes are made by fingering the neck with one hand while bowing.,1.246975760189874
384sentences.360,Original,vultures are scavenging birds feeding mostly on the carcasses of dead animals.,2.4434717395557004
384sentences.361,Original,many vultures have a bald head without feathers for losing heat.,1.846630500039267
384sentences.362,Original,vultures use their large wings to soar for miles without flapping.,1.1345089677447588
384sentences.363,Original,vultures seldom attack healthy animals but may kill the wounded or sick.,1.1498685682325946
384sentences.364,Original,a wall is a solid structure that defines and sometimes protects an area.,1.5976302739998685
384sentences.365,Original,walls delineate a building support the roof and divide the space into rooms.,1.6897645787495335
384sentences.366,Original,walls are usually made of stone brick or cement as well as drywall.,1.7009102170480295
384sentences.367,Original,retaining walls provide a barrier to movement of earth stone or water.,1.4978332708512976
384sentences.368,Original,water is the most common liquid on earth covering 70% of its area.,1.61161773544282
384sentences.369,Original,plants animals and people must drink water in order to live.,1.2843489212729164
384sentences.370,Original,water freezes at a low temperature and becomes solid ice.,1.9995429698386076
384sentences.371,Original,rain is water that falls from clouds in the sky which are condensed vapor.,1.5795594611087043
384sentences.372,Original,a whale is a very large mammal that lives in the ocean.,1.815941258674331
384sentences.373,Original,whales breathe through blowholes on their heads when surfacing.,1.8706262296977552
384sentences.374,Original,the blubber in a whale serves as an energy reservoir and as insulation.,1.6493069377401333
384sentences.375,Original,whales have been hunted for meat whale oil and ambergris.,2.8930725817415257
384sentences.376,Original,a window is a transparent opening in a wall to let light through.,1.2715185893401175
384sentences.377,Original,a typical window is made of sheets of glass held in place by frames.,1.2635349337011796
384sentences.378,Original,when open a window will also let air and sound through.,1.1480158862020682
384sentences.379,Original,some windows have multiple panes to increase insulation inside.,1.536993182194937
384sentences.380,Original,a woman is a female human adult.,1.5410897736775075
384sentences.381,Original,a woman is stereotypically seen as a caregiver.,1.8495645223213113
384sentences.382,Original,a woman can become pregnant and bear children.,1.8170782367500307
384sentences.383,Original,a woman has different reproductive organs than a man.,1.7030916203566746