243sentences.0,random_poscontrolled,legs emphasize to jacket up throwing large.,15.037953928800494
243sentences.1,random_poscontrolled,mountaineers cool on a spent waters small a in gambling surroundings composition went.,25.618215027855424
243sentences.2,random_poscontrolled,to in is as backgrounds unlocked streamlined a decoration wood can turn can sand is house spread slammed a internal.,26.955108073553017
243sentences.3,random_poscontrolled,have animal television and studies and need one the the sometimes dark cooking can start.,16.683211579964375
243sentences.4,random_poscontrolled,a volunteer desk and scrambling down and structures forks making ice is care personal to.,41.61625069850627
243sentences.5,random_poscontrolled,pass with the supplies piece or their small drugs eat.,12.368664590301254
243sentences.6,random_poscontrolled,shallow artisans awake determines it a a a cookies cell raspberry.,8.070025095335982
243sentences.7,random_poscontrolled,the weight an piranhas given have sharks and i a used of her powered large race.,20.425550097594655
243sentences.8,random_poscontrolled,in for or within best used when problems walls it glass tropical the the is.,20.30000550370601
243sentences.9,random_poscontrolled,temperature woman a expose places or lentils the earthquakes part piece.,18.910259420768636
243sentences.10,random_poscontrolled,an were studies sunrise soybeans people does day dominate a the knives for horse man.,14.197566501670039
243sentences.11,random_poscontrolled,later can ear smooth taste cream the immaturely holding because tastes four both victim.,14.09640603535795
243sentences.12,random_poscontrolled,are out games spear with a the keen set suspended food a courage falls line skilled ships to very.,30.996468024521118
243sentences.13,random_poscontrolled,of as live materials legally a that lawn wheels.,10.24581892472387
243sentences.14,random_poscontrolled,is plants offer basic a lives white to prominent facility.,14.124017653397388
243sentences.15,random_poscontrolled,arm be cell or of profession to grows the astronauts formal draft reptiles the men or the.,22.585766161338835
243sentences.16,random_poscontrolled,or the cause keyboards rests pyramid faced the had to their advice trees from small.,33.94274834214957
243sentences.17,random_poscontrolled,meant stereotypically though by colorful taste is matter sahara controversial their insulation wellness in and an or there by.,20.154589858023197
243sentences.18,random_poscontrolled,detect bright location blenders racing sometimes status the owners is be axe the of to.,11.096461961027487
243sentences.19,random_poscontrolled,a and to books catch energy they carrion pedals that develops a.,14.436714347286637
243sentences.20,random_poscontrolled,to murderer mammal to are special dairy painter commanders than a cyclone quantity bud.,16.38550846685431
243sentences.21,random_poscontrolled,in violinist the black used taste are insulate is as must handle stone.,15.851725782992633
243sentences.22,random_poscontrolled,a to led is coffee were usually foods of migrate tend made luthier nation defines are sometimes.,20.26642942455198
243sentences.23,random_poscontrolled,tongue giant casino examples weighing of torque most wear people attack.,22.126675060270543
243sentences.24,random_poscontrolled,is normally environment on when environment a professional let cold farm made be there turn she any.,20.190984200933087
243sentences.25,random_poscontrolled,fishing and a a people infected the wings attached much turns fractures rich active female to.,23.600041048532596
243sentences.26,random_poscontrolled,when are drawers run is longer to cooked tool before mammal satin small.,22.60045786403986
243sentences.27,random_poscontrolled,have a face and very clothing manhood or beginner lettuce computer.,26.303673210106282
243sentences.28,random_poscontrolled,at to a world's caused on spin chalky scene kinds plantains single and.,14.272830669286666
243sentences.29,random_poscontrolled,revolving applies the they're family major retaining ivory are canvas the.,4.95163855663168
243sentences.30,random_poscontrolled,fit freshly instruments give polar murder the such.,8.868490798131932
243sentences.31,random_poscontrolled,caused gone on shirts and a the and boy in chamber tuxedos the cream.,27.689077900819164
243sentences.32,random_poscontrolled,astronauts talking i at to because is in be healing brown silk animation like as and.,18.197032376597317
243sentences.33,random_poscontrolled,watch of her they ice investigation at having is brick different.,10.654400424817814
243sentences.34,random_poscontrolled,toasting talons of arson and that a and also was trots by was bud well house.,22.606552088360303
243sentences.35,random_poscontrolled,of with friends nectar flapping espionage use be containers relentlessly the or body.,9.984031951212726
243sentences.36,random_poscontrolled,unlawful rain consult seed of shortage a of exams licking.,24.81524858186149
243sentences.37,random_poscontrolled,and pollen camera a uncomfortable salmon furniture plant and to are operas sound a preferred two.,27.126021575408853
243sentences.38,random_poscontrolled,other their fracture spawn be a webs it by the it.,10.405459238996588
243sentences.39,random_poscontrolled,into other actual is rooms one use of undergone drunk at sick grenades four to.,28.472579899385238
243sentences.40,random_poscontrolled,adults with a decide storm fields it cultures blindness that fish relies sloping a can.,20.753697431484404
243sentences.41,random_poscontrolled,tool metal felt-tipped should to army a are areas color filled handle concrete experimental.,17.884708772043954
243sentences.42,random_poscontrolled,eye sex for grass nearby balance cream is sensing i.,12.819899667469647
243sentences.43,random_poscontrolled,tenderness the opens free-climbing of it's to place ingredients landform range or crisp closing.,21.98770791004465
243sentences.44,random_poscontrolled,train motion and a equipment fish broccoli underneath legs particular.,18.8456079189652
243sentences.45,random_poscontrolled,conduct carries bathroom of pharmacists can keep less by is a layers grabbed doors the while in rooms nail they.,37.55393845687094
243sentences.46,random_poscontrolled,be a orange be is manage a banana and grab after surface never.,16.234823016724516
243sentences.47,random_poscontrolled,the nerves vary asleep a to man head water afraid is a floors for.,16.4696823504928
243sentences.48,random_poscontrolled,channel the station and and farm grooming tool legal be emissions used a the then puberty center.,34.73026979982929
243sentences.49,random_poscontrolled,hip have in think dream coin movement visual if a with the she.,10.975078473060574
243sentences.50,random_poscontrolled,water tip animals fresh have and shrubs a popular hand used.,18.525886528388536
243sentences.51,random_poscontrolled,should caught are vision eaten rifles from down we play vivid is disposable movable.,23.808564277339848
243sentences.52,random_poscontrolled,art to and care the all dishes weapon when by families gasoline thrown.,18.284107539895977
243sentences.53,random_poscontrolled,the to climates more or lentils part that me tropical drug most the.,17.78472134101589
243sentences.54,random_poscontrolled,for nectar look passengers fish buildings the has grow gets produced gambling a.,10.432064409369218
243sentences.55,random_poscontrolled,the produce their mosquitoes as the rooms flying a infection bike ice and steal to a.,27.435275965952286
243sentences.56,random_poscontrolled,using an lapels on sport of use with taste in today girls of on.,23.537594328349158
243sentences.57,random_poscontrolled,computer other used even vultures pulp people edge origins and strange in could.,9.621727195820842
243sentences.58,random_poscontrolled,or also is of knots large imagery has finished a attack attire elements.,20.142822186921453
243sentences.59,random_poscontrolled,motor had used extensively risk more there healthy and of fighting.,25.0162525044108
243sentences.60,random_poscontrolled,machine full from are mowers furniture coastal a woman on surgical.,14.522694033198777
243sentences.61,random_poscontrolled,vehicle-related that insects breeding rates in them space.,13.559075650680057
243sentences.62,random_poscontrolled,not hunting must silk is early mountain.,3.7687154062861055
243sentences.63,random_poscontrolled,inside a law that lawn a but hammer of can playing to been bridging doctor's a reservoir through measures.,35.73270742027605
243sentences.64,random_poscontrolled,a the to and food by color ship only bottom crawl consent founders writing others to critical the.,16.27898630158697
243sentences.65,random_poscontrolled,lift that while also art torso pan sheltered that air wings rooms a less race key.,12.058824762482397
243sentences.66,random_poscontrolled,dorsal to would slope that live part thin the become treatments with feet expanse drivers.,16.99484826680978
243sentences.67,random_poscontrolled,often electricity be even infected long nutritional night man works a the much.,16.635134811541054
243sentences.68,random_poscontrolled,is by cinemas inside vegetation an journals or halfway to a replacement shape for.,13.799795146778068
243sentences.69,random_poscontrolled,on and students of eaten sell straight ice activities sensitive i and owl.,12.7954467374073
243sentences.70,random_poscontrolled,windblown hotel each matching a stalk in of put a cultures tomato or silky by control that.,27.841888480183165
243sentences.71,random_poscontrolled,that first are the orange program unnerving chips the damage the long seabed.,14.91781294552338
243sentences.72,random_poscontrolled,more shooting plastic sick the mugs as hoofed suggest or many other i mouth wall with.,20.705008577090105
243sentences.73,random_poscontrolled,is alcoholic jacket sweater is of objects mattress voice at crawl this generation.,18.361776016958533
243sentences.74,random_poscontrolled,volcanic execute the has a at throwing to doctors salted vitamin linoleum the seeing.,19.78334031176386
243sentences.75,random_poscontrolled,digital string engine if used astronaut round powerful the alcohol a be sweet another.,12.534852402454007
243sentences.76,random_poscontrolled,wood earthquakes chamber table elaborate produce bowing has law the as a more.,17.644880397018518
243sentences.77,random_poscontrolled,with after the stabbing there for extreme school women's formal down an on write importantly many are.,29.144148656954613
243sentences.78,random_poscontrolled,called process visual molecule brown firemen newborn or and.,11.083597307245817
243sentences.79,random_poscontrolled,makes taking the desert to painting back and property considered field and activity a the.,22.0773924898428
243sentences.80,random_poscontrolled,or and a initiated a grooms is where drywall bear common crop hold have cold.,16.327760949540696
243sentences.81,random_poscontrolled,the sugar to used a sleeping air carpentry vanilla folklore of many grounds.,16.524053387044273
243sentences.82,random_poscontrolled,place are of are water dream of the.,9.906012993012697
243sentences.83,random_poscontrolled,and that softens protects casinos machine as an temperature hurricanes stalk place gamble the tool and believed.,19.830919050061368
243sentences.84,random_poscontrolled,torrential frames that others well live can to broccoli are small foot.,20.472532421886452
243sentences.85,random_poscontrolled,of behavior a faculty two-bladed mower taste such for in a been after up.,27.6533368907165
243sentences.86,random_poscontrolled,city of where are eight covers a the my who lawn to yellow.,20.236549079648423
243sentences.87,random_poscontrolled,in history the growth bears or the and pollen mouth vehicle precisely uniform the.,22.72363677340689
243sentences.88,random_poscontrolled,white me cats close has piece like blenders insufficient even is.,9.70046342394571
243sentences.89,random_poscontrolled,grows hum represented toll banana first inside wheels animals a.,10.581170101705547
243sentences.90,random_poscontrolled,knew producers musical an tools a neck and a two largest release wedding cheese most symptoms.,11.626528374257003
243sentences.91,random_poscontrolled,is train usually kissing basic of shuttle.,6.751449099756622
243sentences.92,random_poscontrolled,equipment the is pool to fresh your darkness his the cutting transport.,16.23549382902087
243sentences.93,random_poscontrolled,types digital food earth could is of much to popular beekeepers.,10.96940109258837
243sentences.94,random_poscontrolled,of shape by barrier pan used effort a a felt space broken instrument that the.,13.854905038861277
243sentences.95,random_poscontrolled,the butterfat the cooling to night raise on deficiencies cod grass education surge use and.,16.034102530617105
243sentences.96,random_poscontrolled,seal silently of them tickets acting bee the ask legs.,10.513093353972296
243sentences.97,random_poscontrolled,around and and for saliva scissors and cliff frontier characteristic pulling make others cyclist.,17.1724542252927
243sentences.98,random_poscontrolled,animals individual climb fill half the knife it admission and without their only a grown clarinet.,24.167501214342007
243sentences.99,random_poscontrolled,a to collect from easily developing ocean there pulp are the down eye.,25.481547216491666
243sentences.100,random_poscontrolled,a cooked a a of sweater the wheeled is has hand shape play climbing furniture are industrial.,14.2135402822185
243sentences.101,random_poscontrolled,computers is soldier act cutting cardigan whale never and the drink may.,7.6143894197278374
243sentences.102,random_poscontrolled,the of to objects and legs small in a painter's walks are appropriate organizing.,27.29898886107798
243sentences.103,random_poscontrolled,started for box overlook is or shiny can birds.,11.52600747963367
243sentences.104,random_poscontrolled,a presence sea hammers ski an with self-defense or flaps eventually for settlers.,13.001029628541737
243sentences.105,random_poscontrolled,lettuce sports and can has a heavy the potatoes.,12.634588194566557
243sentences.106,random_poscontrolled,research used and other her of the as know often honeybees to can not.,19.119286016576204
243sentences.107,random_poscontrolled,the went abilities life described i times inside to a and divide common their powered the.,14.835209348648524
243sentences.108,random_poscontrolled,and slowly lodged wings knock flower used bred adjust into fin.,10.763871263352424
243sentences.109,random_poscontrolled,or eyries an walking skis a hills an lives books past ago swamps and.,9.429423550111808
243sentences.110,random_poscontrolled,provide to house easily fed repair tomato trigger sugar bird a species.,16.797233647772824
243sentences.111,random_poscontrolled,and is can nightmare oil tropical blindness to front transformation.,6.787147621701783
243sentences.112,random_poscontrolled,forms on around the person a small most business come is.,23.49310175048442
243sentences.113,random_poscontrolled,sweetness points also with they dispense shattering scientists are in their.,18.7882488654748
243sentences.114,random_poscontrolled,types stop up emphasizes eyes in architects and mug the new in are clearer and.,16.909622545147986
243sentences.115,random_poscontrolled,very the washing pyramid unemployment the are is to difficult it employed hospitals blenders solve.,34.47793919711491
243sentences.116,random_poscontrolled,shaking found red a a specialist and house tool as blood are.,20.033104559766752
243sentences.117,random_poscontrolled,than earth's not trains poured collect pain between ancient taste fabric large on.,10.610911797705423
243sentences.118,random_poscontrolled,traumatic hurricanes my washing a the conferences will are salmon musical travels.,14.595788650323017
243sentences.119,random_poscontrolled,transparent careful has the sides grooms can a a rain body computer.,7.882173700163432
243sentences.120,random_poscontrolled,for raven very is will member the are with the passive he shorter downsizing a bird because enormous.,19.967056609168132
243sentences.121,random_poscontrolled,consists of the documentary wild over hospital.,13.030074383567083
243sentences.122,random_poscontrolled,can is fiber seriously diverse if a he parrot jazzing tuxedo cooked a.,24.82235580926132
243sentences.123,random_poscontrolled,the one of therapy started level cover the indicate sports rotating topics.,18.323032180136153
243sentences.124,random_poscontrolled,establishing its to of tongue body incredibly often are her tart and for senses.,25.5861722218949
243sentences.125,random_poscontrolled,carpenters a c often the barn own from the apples tropical drawings by.,14.443572370053179
243sentences.126,random_poscontrolled,in taking of bad attack a nightmare and use objects often school and the do.,26.705873403671614
243sentences.127,random_poscontrolled,butterfly technology bolts the because can are eaten the and are the always consists and.,19.752255734334426
243sentences.128,random_poscontrolled,enjoy all-nighter driving and doors safe lettuce a opera the vultures one earlobe live more.,28.15204488662996
243sentences.129,random_poscontrolled,when intensity is the her but tub a sushi be actually.,21.048731385830063
243sentences.130,random_poscontrolled,able fertile boulders a being crews the to controlled solid commonly indicate food.,16.135764332674302
243sentences.131,random_poscontrolled,they most kitchen food as at notes and eyes over the chairs a falls grow.,18.01662546156929
243sentences.132,random_poscontrolled,tuxedo or heart submerged mountains the graphics hand people a scopes of that drain cabbage.,25.32319665038505
243sentences.133,random_poscontrolled,that some the metamorphosis clothing the is the damage human to snow.,19.427846353758095
243sentences.134,random_poscontrolled,an and men in two electric bee joints covering measures for is two flying also for.,21.889568091725703
243sentences.135,random_poscontrolled,shirt and focused must countries ravens evening may everything i built a is once be interviewers the of the and.,25.717356645630908
243sentences.136,random_poscontrolled,overlooking ambergris whipped-in kind that of edible a of the are poles that sometimes parrots wooden of.,45.72565841729562
243sentences.137,random_poscontrolled,sharp big effective a cyclone almost the cold a even heat with woman lined beach is goods.,39.61880353910112
243sentences.138,random_poscontrolled,the skiers for hard sky long cold animals with land been logs most owl and large boys were.,32.73481484972007
243sentences.139,random_poscontrolled,crash ice legs stressed war owl steep broken deforestation as most imprinted incredible better more.,10.664687319079333
243sentences.140,random_poscontrolled,while water mountains food across is ordinary put glass.,7.45680211038969
243sentences.141,random_poscontrolled,because and maintenance breathing their for connected a distances on my mud the sharp a.,28.31444286045893
243sentences.142,random_poscontrolled,above some conserve people teeth in that swamps water unripe.,19.013482815987363
243sentences.143,random_poscontrolled,landscapes and away shoulder walking makes as neck and for blocks final cream.,23.24712727717562
243sentences.144,random_poscontrolled,exterior when above reason are usually in made i has cabins bed like.,22.32333137910755
243sentences.145,random_poscontrolled,responded forks and feel cod engineers related most wanted can the crops person.,15.648265075531445
243sentences.146,random_poscontrolled,the have there ligaments igloos eat in.,4.538512165925608
243sentences.147,random_poscontrolled,rituals to royal the carefully or once provider frozen running or.,15.631949095314637
243sentences.148,random_poscontrolled,kitchen parasite or criminal keeps many for during my.,13.652489105180146
243sentences.149,random_poscontrolled,can run a military for the killing were home or dealt affordable stop i.,24.924854563358526
243sentences.150,random_poscontrolled,to their professional nose its apply cooked as doctors see a of flood or is social inside.,27.227728348115008
243sentences.151,random_poscontrolled,sofa the eventually new due high if appliance early used are.,10.65022179365061
243sentences.152,random_poscontrolled,raw are a or thick insulation step is the can't or.,26.095733868644825
243sentences.153,random_poscontrolled,a yellow its is role is in floor down chairs of the.,19.688589649745378
243sentences.154,random_poscontrolled,the will hunts food of advantage start patients artist log used desk when.,12.518383105943732
243sentences.155,random_poscontrolled,infectious insects is are which american they the is soap.,18.48849774243065
243sentences.156,random_poscontrolled,painting above sixteenth is using used timed mug hand realize are a flakes the cider many.,17.559078797237675
243sentences.157,random_poscontrolled,container a stones heads small type running and is in grown is.,21.132561066346323
243sentences.158,random_poscontrolled,by lurches cut anvil in world i the flowers vibrating sharks mug of or and.,18.07308353274792
243sentences.159,random_poscontrolled,people plant can are freight is that refrigerator tip a the in an.,20.500764240300086
243sentences.160,random_poscontrolled,is good coffee flavors well common steeply licensed if without looked soar.,13.90555873855355
243sentences.161,random_poscontrolled,the the varieties a large red lawnmowers is plates to.,13.141262021508973
243sentences.162,random_poscontrolled,american and the head the be jet are fractures colony the have.,18.084101968727545
243sentences.163,random_poscontrolled,painters roof lot stop cavity evident i'm every quality a of their.,8.302288403266173
243sentences.164,random_poscontrolled,while fashion who cruise large single clearly passing in that back problem.,14.862579840409444
243sentences.165,random_poscontrolled,a a on does school a foundations rains well locomotive a fingers instruments with spend things shook an.,16.6018721320309
243sentences.166,random_poscontrolled,theoretical a good branched repair gallops term other physics of review of plastic and the.,26.66069834840597
243sentences.167,random_poscontrolled,the up use skill journals head suddenly cost decided in this ride to.,18.42705239273787
243sentences.168,random_poscontrolled,the pierce gambling to programs be used with traditionally several in a they ways.,32.753808201944146
243sentences.169,random_poscontrolled,nowhere are bud experience waterbeds plain of.,11.821113992683728
243sentences.170,random_poscontrolled,food walls produce love pans for furry satin a.,8.101751519510342
243sentences.171,random_poscontrolled,cause a clouds pyramid's that sometimes sea creates much cream and and.,12.687578683072807
243sentences.172,random_poscontrolled,can likely people skier's 8 dried a libraries go tines as a.,4.26846230030413
243sentences.173,random_poscontrolled,are in or colorful trees by flat styles coffee spiders to training become.,8.251076940907202
243sentences.174,random_poscontrolled,on bankruptcies beekeeping with a heat building redness tomb.,21.023747539107998
243sentences.175,random_poscontrolled,through for sound often diagnosis scientist and to is with sand these in more pan.,18.758835173289796
243sentences.176,random_poscontrolled,owl effort has tough independence are a the usually between even clearly inserted.,15.793184786657722
243sentences.177,random_poscontrolled,as to sharks swamp shelves next use the cold and the beak eagles small storms.,37.44581498284161
243sentences.178,random_poscontrolled,animals piranhas films courtyard means the that in firearms that a speculate in saw cliche rock windows mammals.,29.560571847576153
243sentences.179,random_poscontrolled,out about i a accidentally handle tuition puree lizards out and food of various have in a fired.,24.453665755245574
243sentences.180,random_poscontrolled,pedalling shoes a the to farmers bow potentially a has that hospital to cooked bees chose is habitat.,25.81621680648383
243sentences.181,random_poscontrolled,rock fell extremes black of or the it's most of ties looming months often hammock.,18.97361103541285
243sentences.182,random_poscontrolled,i farm a many than are theatre.,10.78016902606109
243sentences.183,random_poscontrolled,liquids used creative and orchestra metal in and music.,12.355944337612861
243sentences.184,random_poscontrolled,soup it vegetable and huge warm the metal some bicycle not sturdy are used wood as.,45.80050389425006
243sentences.185,random_poscontrolled,always can breathe on the playing fork puberty blindness then by that.,20.2471287217485
243sentences.186,random_poscontrolled,should loosened engaging boots surface more big where contact ripped.,0.40320371049055753
243sentences.187,random_poscontrolled,caused recorded specialist that seeds interactions often and rocks honey-making.,12.23204123760427
243sentences.188,random_poscontrolled,thin the large pipe savings produce served is bald a an found.,20.55916238819584
243sentences.189,random_poscontrolled,leave are every off gloves handle handle wind will latest in to mitten.,12.741622089455618
243sentences.190,random_poscontrolled,families fruit a area chemicals symbol ice then the use live knitted or.,10.416030102185525
243sentences.191,random_poscontrolled,the drunk impact the wait with in view climb accordion the a my.,15.572676413834655
243sentences.192,random_poscontrolled,depending stress and her are supplies and must use quaint orange-yellow piranhas.,31.076878882016963
243sentences.193,random_poscontrolled,of be now brightly-colored light not contain a practice freeze for very and small horror an.,24.695910915353586
243sentences.194,random_poscontrolled,for and under covering complex black sugar property the whale brain causes levees but is.,21.353065363030698
243sentences.195,random_poscontrolled,a tires strongest since things about opera and and climb in vitamins steel several foundation many experience.,19.73473935469104
243sentences.196,random_poscontrolled,floor and used a cabins colorful fingers what pilots as court for for isn't protect and such or cell.,12.018819895472408
243sentences.197,random_poscontrolled,in evidence dream a a few the my hike or bitter wedding after.,30.242644225792073
243sentences.198,random_poscontrolled,window the metal most decorated graphics a of land solely or be.,26.064986715770665
243sentences.199,random_poscontrolled,singers butterfly dolls a retractable the the cabin trained the recurring.,18.125399139251293
243sentences.200,random_poscontrolled,is require cause up a up a sound that has kind pets like surface of shirt pressing property a.,25.030982954504537
243sentences.201,random_poscontrolled,some the are to with one or maturity is may drinks usually product spoken up air.,21.842369387089448
243sentences.202,random_poscontrolled,it with for people record silk for night most is slightly.,15.92313522703531
243sentences.203,random_poscontrolled,articles consist something compound can are they.,5.048966982502181
243sentences.204,random_poscontrolled,classroom together stabbing and milk to to farmers their for.,12.468047694648877
243sentences.205,random_poscontrolled,as stores eat pliers screws smell germs of feet have in on and on we taught a.,12.253668587935843
243sentences.206,random_poscontrolled,x-ray flare different hands such can and ear repairs that as colder and shears screen.,23.443943301782497
243sentences.207,random_poscontrolled,were in media female stuck diagnosed pan from buddies good scientists beekeepers.,18.427514376937484
243sentences.208,random_poscontrolled,they to pipes can are it i take to eye when.,16.841607400841937
243sentences.209,random_poscontrolled,air front with plays the iron to time made by harmed weapon have of seeds delays the is.,39.42755029727493
243sentences.210,random_poscontrolled,animals may wings but a regeneration hard connected which rings red people suck and.,19.276871182969902
243sentences.211,random_poscontrolled,gambling during drive type for foot stress long more several.,10.979718224249346
243sentences.212,random_poscontrolled,most for a though with on entranceway as traded castle overhead infections people active the a is vehicle hive.,27.22594655022221
243sentences.213,random_poscontrolled,by as is crops wiring a decades of your.,8.958731150770003
243sentences.214,random_poscontrolled,new boiling man tip castles stressful machine the of.,3.8190994412184778
243sentences.215,random_poscontrolled,in broccoli iron librarians differ for vertical in who to vehicle match.,10.005144684168629
243sentences.216,random_poscontrolled,often pollen skin my from countries can their by in generally or than the given.,17.96232851363528
243sentences.217,random_poscontrolled,emotional are we broken of a supply incorporates eye something the and.,22.39159005887089
243sentences.218,random_poscontrolled,is deserts blades in punctured not by eventually with away working area the wildland an.,34.95659645023196
243sentences.219,random_poscontrolled,have well murder lentils minimizes birds respond made that bird can of and.,13.631780055580887
243sentences.220,random_poscontrolled,called about blacksmiths worth include the care is adulthood on opening house have.,16.06083412333865
243sentences.221,random_poscontrolled,or provides they extract many walls the bottom the a who land.,12.554274004933566
243sentences.222,random_poscontrolled,made faces used also appliance the opera other.,15.473805671818381
243sentences.223,random_poscontrolled,on sever has cuisines farmed nails for each with a has carnivores.,18.46348508197332
243sentences.224,random_poscontrolled,buildings and not with hurricane mob are differ deep an of forward bees is reproductive great.,10.246792890845281
243sentences.225,random_poscontrolled,the at a ideas has by can battles powered plants legalized with.,16.173664569140332
243sentences.226,random_poscontrolled,me finding high height in.,6.222812277887822
243sentences.227,random_poscontrolled,recalled traffic usually barrel don't is held is a i it glow.,10.418015600053362
243sentences.228,random_poscontrolled,insects ensured into was instrument know or a it.,8.274625831880206
243sentences.229,random_poscontrolled,behaving insulation counters a land a medieval small.,5.201676746265213
243sentences.230,random_poscontrolled,that apartments patterned that often and masculinity storm used small middle the of produced animals.,23.049989575473827
243sentences.231,random_poscontrolled,good singing live no control space a fighting.,8.882129830264187
243sentences.232,random_poscontrolled,is finally physicians have screws pulled in or brown of skin.,15.359117479250088
243sentences.233,random_poscontrolled,spent are above murder for well drink cream as health soul by tear i.,11.304404169073964
243sentences.234,random_poscontrolled,keep place snow player of produced into hot construction diseases screwdriver.,3.769110427668503
243sentences.235,random_poscontrolled,juice are since side and of we down subject swiftly the physical by.,15.91518251747326
243sentences.236,random_poscontrolled,beaks its safely is a changes protein one cats as healing and are leg write down have of flying.,22.9783189046279
243sentences.237,random_poscontrolled,many bear's gestured with play but to patient's passengers heavy skiing images.,23.34493301407886
243sentences.238,random_poscontrolled,along orange size fifty are train hard heights instrument he an doctors eat to.,10.530403505134446
243sentences.239,random_poscontrolled,food castle comfort adapted genetic hunting the cutting which in whale mammal hunted some.,32.60902197792733
243sentences.240,random_poscontrolled,have information ecosystem modern advent climates underwater also is sit a.,8.405603985112938
243sentences.241,random_poscontrolled,of of the a then ground attack at countries own console using.,19.6446095014309
243sentences.242,random_poscontrolled,exactly people or level the is done punishable the the africa piano in.,15.089399991525067
384sentences.0,random_poscontrolled,a pop-up four feeding occasions polar a a cargo flavorings.,18.33617120385069
384sentences.1,random_poscontrolled,bad a referred company boy part a of with multiple are.,27.615161818751503
384sentences.2,random_poscontrolled,signed venomous contains a test the a world mixture owl.,24.10049231819862
384sentences.3,random_poscontrolled,to a tearing of our eaten having documents and on grenades.,23.78348751602697
384sentences.4,random_poscontrolled,be climbers time dream feed on in the of agricultural and igloos.,19.48294644555704
384sentences.5,random_poscontrolled,historically evacuate of when pieces a compound for flood in of a different the also family.,24.329144185495664
384sentences.6,random_poscontrolled,passing infection and of from head same sauce expense.,11.465256889983431
384sentences.7,random_poscontrolled,artist's sails of strong fabric door walls are a a that determines that.,21.165710085137196
384sentences.8,random_poscontrolled,and hand house few as are can many by and felt cut.,14.851020216341912
384sentences.9,random_poscontrolled,design be beautiful toasters one animals be the steel and hair.,10.160073767831946
384sentences.10,random_poscontrolled,rise made different are in to fish often bananas.,11.062682576623484
384sentences.11,random_poscontrolled,stone are bunchs will made killing of thin or patience.,5.184122701388343
384sentences.12,random_poscontrolled,the loss size a a has fine heat a conducted length.,24.56772516311303
384sentences.13,random_poscontrolled,used inland were or leaving of a of entrance cyclone carcasses bursts no.,18.057217847878714
384sentences.14,random_poscontrolled,makes scholars a tales increases of ice is train as feet a.,11.387899604668153
384sentences.15,random_poscontrolled,of entertainment information have feathers blind a 10 new but lost.,12.779450357916957
384sentences.16,random_poscontrolled,shoes preferences between diet hours strong has in create as on.,10.568643233779524
384sentences.17,random_poscontrolled,is to refrigerators be work of can axe can and polar.,10.741752656718264
384sentences.18,random_poscontrolled,wounded help steel is so the inuit hesitantly a accident government.,8.794525242375373
384sentences.19,random_poscontrolled,skiers shoes cultures the adult is base the water and with and.,16.117846794599195
384sentences.20,random_poscontrolled,riding or be windows be house jazz while four a think.,13.067452985543444
384sentences.21,random_poscontrolled,broadens to fuel plays to trigger plants also or water a.,14.769244232445644
384sentences.22,random_poscontrolled,live modern reveal not dishes of for publish also it.,9.553045746521564
384sentences.23,random_poscontrolled,to are the they it wind change crust combines.,10.57899169833347
384sentences.24,random_poscontrolled,make dinner iron to harmful the at important in is suck or to mild-tasting young.,36.50837456316106
384sentences.25,random_poscontrolled,treated cup ordinary greek high-priced nutrients for directions for the a woman the such is.,33.53854988778598
384sentences.26,random_poscontrolled,smell a detect all butterflies afraid sheets ski new at cats.,13.284830134606809
384sentences.27,random_poscontrolled,mostly makes i leaves bone with proper as other caught schools with.,10.981702746749985
384sentences.28,random_poscontrolled,material used to to of and drought the needed receivers eye as carpenters used as i subject.,36.42363384163631
384sentences.29,random_poscontrolled,a for ropes a covering eject weapons series screen the for can a its its reeds.,20.824223172472678
384sentences.30,random_poscontrolled,can fight used repeatedly do skeleton petition rubber into time to of and a scientists borrow.,17.014706724411855
384sentences.31,random_poscontrolled,must be or their countries a have to law be to but stone milk.,26.73609750360117
384sentences.32,random_poscontrolled,and stations apron or help local infections came bone many an can the to to.,21.82825929285492
384sentences.33,random_poscontrolled,a store beekeeper as are repair lots juice has for may me.,17.397955454534213
384sentences.34,random_poscontrolled,eagle sides that caused the and furniture to flying can professional salmon are not.,18.109270291719902
384sentences.35,random_poscontrolled,a human floating one fracture worried piercings she is horse as.,11.045410530661158
384sentences.36,random_poscontrolled,of with as are penalty around a fovea metal intent four the rifle.,11.25564847699498
384sentences.37,random_poscontrolled,a land picked the vehicle flooding sleep by on the an earth can.,27.127765528218344
384sentences.38,random_poscontrolled,exit if eagle research something but or patrons by pass stir-fried good.,24.30707394543287
384sentences.39,random_poscontrolled,have of garage table prescription from they stingers.,3.2590293240300894
384sentences.40,random_poscontrolled,provide driver weapons above it a we a is.,3.207401005583364
384sentences.41,random_poscontrolled,outside for poles experiments boiled polar for and or taste children pyramids and chin.,22.95818062547793
384sentences.42,random_poscontrolled,northern a is food the dizzy those bitterness theft of refrigerator.,17.66387376796465
384sentences.43,random_poscontrolled,berries the accordions peasants numbers can environment is experiments body.,10.123060967726174
384sentences.44,random_poscontrolled,day's from losing vultures through arson exported wear small beginners skin stresses some.,9.45136891386898
384sentences.45,random_poscontrolled,car a blood blender on are fruit in stone she or transports can for.,27.21949132223851
384sentences.46,random_poscontrolled,traditions is calm and school prey come the violin condition.,12.30644147168502
384sentences.47,random_poscontrolled,cycles or ceramic arranged blindness live topped a young building tuxedo barred.,18.883563532199425
384sentences.48,random_poscontrolled,a fruit sciences be sharp a a most individuals school kill almost.,14.771900641263686
384sentences.49,random_poscontrolled,what be displace of try is to frying cooked people cream.,8.265039784548769
384sentences.50,random_poscontrolled,shaking computer lives that knowledge head or or biennial of down a.,18.933640277211737
384sentences.51,random_poscontrolled,often flesh has with certainly make wall an musicians can some remove.,17.94083063185007
384sentences.52,random_poscontrolled,we can partitions pianist to in side think.,10.371583430666195
384sentences.53,random_poscontrolled,contaminated loss a bare of blades seeds reached their and more.,23.102501141110917
384sentences.54,random_poscontrolled,was hot revolving sweaters instrument the shoe serious all.,10.545670643183335
384sentences.55,random_poscontrolled,sound caused divorce can to have job single.,11.47363188253678
384sentences.56,random_poscontrolled,the a been stressful are warms seal in gray an.,11.518709373369148
384sentences.57,random_poscontrolled,some that slowly an gets me them hot a people.,14.656480766862902
384sentences.58,random_poscontrolled,twisting the a of pillows chairs collision team or the.,13.314583228622283
384sentences.59,random_poscontrolled,are earthquake on your yellow crime the energy of.,12.969839851768864
384sentences.60,random_poscontrolled,to artists as is early they and grenades or my made can.,17.527714345892264
384sentences.61,random_poscontrolled,made for leaf cushion focus confusion existence soft three desk.,7.942918774419814
384sentences.62,random_poscontrolled,mattress sharpened its participants and hill the hammer forest flying.,21.618873390478022
384sentences.63,random_poscontrolled,and mammals wears their record personal the cooked of be and.,20.60161489176748
384sentences.64,random_poscontrolled,can toaster can and many station red control half them may.,10.985125850308082
384sentences.65,random_poscontrolled,she finger a on are displays carpenter that brand.,17.371207424457836
384sentences.66,random_poscontrolled,a stick games of leaves to working together cotton on swamps mix patients.,25.650845122205656
384sentences.67,random_poscontrolled,the heel will heels by compartments use it powerful an used.,8.84768792195089
384sentences.68,random_poscontrolled,is while degrees in of by she tricksters become the or i keys.,12.825624965077772
384sentences.69,random_poscontrolled,to sports factor eat cards are the a dams of end farmers.,12.906329467448135
384sentences.70,random_poscontrolled,in just peach the right furniture bit showcase often or as cubicle most.,19.211605572963585
384sentences.71,random_poscontrolled,and or shots have and regions content forest people check froze during.,18.92271749628168
384sentences.72,random_poscontrolled,are a they by small tool other.,9.07875268694499
384sentences.73,random_poscontrolled,several local in overflow levers suggest marriage may and where and regions the.,21.548384312888462
384sentences.74,random_poscontrolled,fields a in were building mammals climbing is some.,17.70253554086201
384sentences.75,random_poscontrolled,parrots have beneath greatest covers on dress a in property.,12.76784732235538
384sentences.76,random_poscontrolled,rifles flair and the the some find micromanagers some milk perfectly in in disregarding.,20.466913641385936
384sentences.77,random_poscontrolled,and make cyclones crushed when less green a structures agriculture talons.,12.34849853116536
384sentences.78,random_poscontrolled,are different and savory blades or building remember the national themselves new made.,21.98300183943915
384sentences.79,random_poscontrolled,nails the i formed the and are field took gone from digging plus.,13.40957457381845
384sentences.80,random_poscontrolled,a spears and vision female a horns them the predate called morning.,29.11153870256905
384sentences.81,random_poscontrolled,received and hardest also spiders explosive horse began his engine in to.,20.13386653410846
384sentences.82,random_poscontrolled,wound inside combinations being the and south gas contains bellows needed.,21.0189003193536
384sentences.83,random_poscontrolled,long ski extra large and felt hammers college.,22.49235342607237
384sentences.84,random_poscontrolled,car through trail of ice now bud and a produces front-line.,20.422479203023975
384sentences.85,random_poscontrolled,war found increase also for made different honey my by.,16.174633746309663
384sentences.86,random_poscontrolled,source a or accompanied may in wall rainfall use uses.,13.644343071843613
384sentences.87,random_poscontrolled,match a intellectual a cut the participants liquid upper such.,11.89555300497447
384sentences.88,random_poscontrolled,plants transporting a very on and rain injuries in a opera are that chooses or.,24.45739937226868
384sentences.89,random_poscontrolled,a who cream natural of are weeks and the are of forests recreation cooperative dump.,24.678182389034863
384sentences.90,random_poscontrolled,our the one people its on are form played up.,8.61566056863956
384sentences.91,random_poscontrolled,milk are outsole temperature and of a causes miles and and a.,17.181222614235615
384sentences.92,random_poscontrolled,work logging half-frozen to let could eagles as and that my are sheets if.,21.489939089710248
384sentences.93,random_poscontrolled,furniture with century frequent when builders be is need several like the.,12.125642127318972
384sentences.94,random_poscontrolled,on is located through process space set space athletic of there be the perfect.,20.22680969224794
384sentences.95,random_poscontrolled,sobriety several land as the earthquakes make building worked on a of.,16.167819332945612
384sentences.96,random_poscontrolled,is effects roasted spots a tables often can a insects like.,10.051959841834735
384sentences.97,random_poscontrolled,that planes voice a because death flow hot with to made well.,13.057765033227657
384sentences.98,random_poscontrolled,astronauts a spread even or teflon-clad desk there back law cutting an of height beyond.,23.103926062620705
384sentences.99,random_poscontrolled,is is from a floating boats to in fur thriving door of an object.,25.44252535325748
384sentences.100,random_poscontrolled,deserts be their instrument in of cities and move insects the some.,25.287651945625928
384sentences.101,random_poscontrolled,professors put the and place a under small about to sharp speech their.,21.675429956983074
384sentences.102,random_poscontrolled,bird hurt comfortable some and driving and its not shield the.,16.893043532045517
384sentences.103,random_poscontrolled,market migrates has craft while glass that canopy my girl.,17.862063194843802
384sentences.104,random_poscontrolled,horizontal on joined climber remove a animals paper my fire or in to resources and.,17.025772748313127
384sentences.105,random_poscontrolled,air a a was to is harnesses you for worse flathead.,13.269076615793274
384sentences.106,random_poscontrolled,snow clearings blacksmith a still bellows findings as made popular a.,13.883053108314348
384sentences.107,random_poscontrolled,in the are groom she stress and field bitter for assignments.,19.828937073750204
384sentences.108,random_poscontrolled,often prey use placement statue honey a such end long a who for peaches have a.,19.52452591766841
384sentences.109,random_poscontrolled,kick the be at physical hand been ground gas new sound scary.,13.044484379068097
384sentences.110,random_poscontrolled,bowls cut can of acid production art plastic soldier the ascend the long.,29.742803086365065
384sentences.111,random_poscontrolled,is if legal animals and hard without opportunistic showed carpets chose local dress beekeepers to the and.,20.42326254813982
384sentences.112,random_poscontrolled,i open themselves a the on walls is were its of the.,18.16917554985017
384sentences.113,random_poscontrolled,on on painter poaching signs of sweet often launchers.,10.185956742519684
384sentences.114,random_poscontrolled,is craft and a open crunch steers to construction chair a rain the.,16.113996175699686
384sentences.115,random_poscontrolled,used support have of the of a or jacket clothing winds the.,18.604022966561676
384sentences.116,random_poscontrolled,and young strokes attack notch is blindness the together gas insects.,10.48969414609558
384sentences.117,random_poscontrolled,between these like ravens temperature of strength is fish artisanal learned and plate or freezing.,31.361756422339568
384sentences.118,random_poscontrolled,are to the houses act and adult up grow legs axe by to are smoothies.,23.63847401459756
384sentences.119,random_poscontrolled,pilots called a orange cars rooms is prestigious steam or or can or rifle exam.,17.46329220937845
384sentences.120,random_poscontrolled,their with out a curved them cutting their some computer have the when strength are.,34.91837512480739
384sentences.121,random_poscontrolled,natural travel of grilling crew broccoli increase they in because highest passengers.,17.856498577582467
384sentences.122,random_poscontrolled,used with who the cortex pyramid drug of a a effectively ends law bald most the.,24.05897768989869
384sentences.123,random_poscontrolled,people to logs are hot be home images down orange walls routes of.,10.512496412455839
384sentences.124,random_poscontrolled,a content does butterfat also leaving in is eagles of a takes land.,19.471760273276356
384sentences.125,random_poscontrolled,would flesh the spend about a are are exams structure to of convicted.,24.98175190883871
384sentences.126,random_poscontrolled,well and the the and is vehicles a film surfacing my astronauts.,16.844301973715623
384sentences.127,random_poscontrolled,or meal bear fingertips any stormy cooked being surgeons honey in a must.,16.053936750969157
384sentences.128,random_poscontrolled,used frame will bread ripening a objects as later pyramid a.,8.951950591456052
384sentences.129,random_poscontrolled,water medicine is been is up purchasing most from scientist.,6.575658524135483
384sentences.130,random_poscontrolled,power slot which appliance polar on a enclosed sneak.,11.991041675503942
384sentences.131,random_poscontrolled,polished of entrance broadcast of is mane a her or from and within entered.,28.081486943699122
384sentences.132,random_poscontrolled,or and director and firearm knife like a used was place followed top a.,26.564049788387972
384sentences.133,random_poscontrolled,reasons knee or of smooth increasingly a can had with mostly handles plant evicted heavy girls drink.,23.04842533025285
384sentences.134,random_poscontrolled,of over lawyers its most mammals a lakes and something protects through of ecuador for metal.,31.518002800545446
384sentences.135,random_poscontrolled,a american because to deprives sweet i surrounding situations for they.,3.58446644074211
384sentences.136,random_poscontrolled,research have gripped be tons if a when a tusks and downright taste.,13.335333539701805
384sentences.137,random_poscontrolled,gambling and sweet most scholarly can places drop deliver stripes by shark.,17.825889654422944
384sentences.138,random_poscontrolled,log mudslides conservation done very and worn states on of each from station.,19.52338727476084
384sentences.139,random_poscontrolled,the for iron people vegetation a to felt exhibitions their yet latest.,11.358238290542126
384sentences.140,random_poscontrolled,with i made and children states study blind as a a to.,21.4286567196636
384sentences.141,random_poscontrolled,it is scissors education glove that beneath let was used.,10.610548191472786
384sentences.142,random_poscontrolled,jackets are dream and can style sting elements often water in and.,16.111913237330278
384sentences.143,random_poscontrolled,honeybees turn dramatic wool be to rock the were.,11.854749447126032
384sentences.144,random_poscontrolled,the for art stand a the a atop plants commuter they for saw glimpse.,22.869907224397622
384sentences.145,random_poscontrolled,floats in all trousers blade station the in shakes units and black.,21.848002813689952
384sentences.146,random_poscontrolled,only deposited area at warmth they electric the with it through apple purple then handle.,19.718825413638122
384sentences.147,random_poscontrolled,inside and the to adapt its hammers vary explode.,26.089314463293785
384sentences.148,random_poscontrolled,or was widespread the both day everyday of seat of are parameters carrion accordionist could.,44.1582558452305
384sentences.149,random_poscontrolled,covered fangs typically as eyes a sea have adult but.,14.006640738078483
384sentences.150,random_poscontrolled,plants have from like a and had is freezer problems are lack sense against sounds a can.,17.4629241675152
384sentences.151,random_poscontrolled,nursery while solid or were tongs narrow it's the peaches claw open polar but.,23.98636127279004
384sentences.152,random_poscontrolled,with insect with people moisture dead off seldom defense seal's this lens and.,16.37990849451272
384sentences.153,random_poscontrolled,consistency genetic and i cheese is with the worked economic assigned.,21.238866141976192
384sentences.154,random_poscontrolled,of stations designed of they about passengers have built the its the.,7.947663784666249
384sentences.155,random_poscontrolled,river saws be after something as common texture atlantic.,8.972426647292094
384sentences.156,random_poscontrolled,and also usually bicycle opening mower beans consist used portable the from.,7.565703730754603
384sentences.157,random_poscontrolled,and operations they the spears a during in from have for a to.,12.508033989370539
384sentences.158,random_poscontrolled,more a have oil purpose long blubber and of.,12.616663947000248
384sentences.159,random_poscontrolled,apples fever well if used male steep from purposes green.,3.4327581060888765
384sentences.160,random_poscontrolled,the an and have as ravens that the castle data fire day used.,17.135857537830127
384sentences.161,random_poscontrolled,twisting a breakfast by finest have by child like have drinking they trunk.,12.91065912149431
384sentences.162,random_poscontrolled,her carpenter covers with new latex on is or walls and use made they.,21.049234052931098
384sentences.163,random_poscontrolled,it flows two chairs prey and some a and place the has are feathers.,21.489791661650703
384sentences.164,random_poscontrolled,or imitate can can for is of today's types are fear animation in.,16.856228496020023
384sentences.165,random_poscontrolled,for motor law not still played law a become and baked.,16.702874537410352
384sentences.166,random_poscontrolled,and the woman and the prevented shelters been facing surface after.,21.14833645348461
384sentences.167,random_poscontrolled,are dome or area health and apartment the or animation each.,24.018529025901195
384sentences.168,random_poscontrolled,and fish and on cliche a bed as raspberries eaten is automobiles.,28.900136196992413
384sentences.169,random_poscontrolled,with birds with soldier considered trip were scenery the at cut eat.,16.434856989790237
384sentences.170,random_poscontrolled,drenched just star blade the have her the expansion the.,7.7839492069098615
384sentences.171,random_poscontrolled,and involved or in in disease over eating diseases spiders fines an made tail.,17.543006517144857
384sentences.172,random_poscontrolled,arable rubber when painters an or bees i've trees each meet armed.,10.434466840893057
384sentences.173,random_poscontrolled,crank consist bodies mainstream a to carved and other others and liquid already as a tie or.,29.7935641124988
384sentences.174,random_poscontrolled,preserve music pianist and isolated game that water orange healed.,12.101778750019454
384sentences.175,random_poscontrolled,how looks he would has huge part a cats injured inside of.,29.53142924236568
384sentences.176,random_poscontrolled,people on were tuxedo cement of tumbling control eyes rediscover to one fresh.,18.397065399087673
384sentences.177,random_poscontrolled,has on screwdriver body various that made rifles rope.,10.928002606763632
384sentences.178,random_poscontrolled,trunk have and singer frying eat preventive to inner which to fairly procedures.,11.724540449093679
384sentences.179,random_poscontrolled,a staple casino hundreds the ocean stations built that a can driving.,25.36632584756069
384sentences.180,random_poscontrolled,squinting the and grooves beneficial screwdrivers of understand our to libraries the eat and serves.,28.46760120702319
384sentences.181,random_poscontrolled,built the tufts of can and fulltime sit were a black force have ship buildings and the brains can.,27.860875368868278
384sentences.182,random_poscontrolled,the and igloo band-aids in rivers information caused in yellow in thrown.,19.790450015622483
384sentences.183,random_poscontrolled,property is disperse the of same also another with drafting a they're settled the man used.,23.55100481717103
384sentences.184,random_poscontrolled,people in that the land cutlery their if interpretation the foot ran the gambling.,27.679938843838304
384sentences.185,random_poscontrolled,mouth blade a to mosquitoes and nesting is that musical pressed thick to you.,13.841852435466015
384sentences.186,random_poscontrolled,the collarbone the beekeeper throughout completing the is juice may of stalk once pharmacists.,33.801889035750285
384sentences.187,random_poscontrolled,night ripe by when concentrate protection tropical his facilitated thick each militia.,13.053858163088087
384sentences.188,random_poscontrolled,making into balance are build imitate a past thieves someone each no by no bees.,11.89694678651367
384sentences.189,random_poscontrolled,hotels internet a the fully and have dust problems locks the and national.,18.242908043847528
384sentences.190,random_poscontrolled,still way preserve content is is and may dress or her.,14.812054265813252
384sentences.191,random_poscontrolled,moving be the is and has house and another floating working from.,13.493660281185996
384sentences.192,random_poscontrolled,the people from out the bear or storage they has through.,21.173182470441326
384sentences.193,random_poscontrolled,yellow i high together opens involve high on the.,5.499696567135361
384sentences.194,random_poscontrolled,blade typical in electrical table together has be of.,9.164869230108035
384sentences.195,random_poscontrolled,a trees fry transport at of slashing a elephant their was he.,14.739543315390753
384sentences.196,random_poscontrolled,fish types sit of piano fed so coffee strength women the part by so.,12.827396329488458
384sentences.197,random_poscontrolled,window electric law frigid from via the flesh the consists butterflies water are a.,17.83358773318249
384sentences.198,random_poscontrolled,head a tube many elephant large of is be associated to the just.,21.670354906161492
384sentences.199,random_poscontrolled,try ring begin hard is dreams is the home clean of an the.,10.185245983567102
384sentences.200,random_poscontrolled,a spring the videogames as skin and cliffs limbs floated painting teeth weapons of the.,24.990275300733582
384sentences.201,random_poscontrolled,toast to your fills depends they was the as burning floods a.,17.53568517770899
384sentences.202,random_poscontrolled,and social run message fruit was the or type for becoming scissors upon meat easy.,17.79935389874565
384sentences.203,random_poscontrolled,like were social go artisanal i infection fabric is.,0.8543894799735215
384sentences.204,random_poscontrolled,chemistry of done crime 40000 storm seventh-largest skirt record perform the.,14.690808664071334
384sentences.205,random_poscontrolled,red laundry people worse i food scientists airbeds who a up role.,9.28528485887961
384sentences.206,random_poscontrolled,reason a that brown life red-brown tools conserve different is.,15.849987680574571
384sentences.207,random_poscontrolled,using magnificent walk of the soldier pair hurricanes called notes tightening and.,12.215127919804631
384sentences.208,random_poscontrolled,roads lapels other a dramatic will emit.,6.912040218088591
384sentences.209,random_poscontrolled,words blades and the are climbing an structures a.,11.824320042884908
384sentences.210,random_poscontrolled,must plant eyes specialized think shoe the.,7.239624590649288
384sentences.211,random_poscontrolled,space work but sensitive with patients reduce a we laborer.,14.59524990618908
384sentences.212,random_poscontrolled,elephant on of do house be professional doors to health legal instrument feed.,9.143753700208293
384sentences.213,random_poscontrolled,used class by long are pure engine their that can large climber.,10.40083152868742
384sentences.214,random_poscontrolled,the to pyramids caregiver take i in format patient's acting patients.,18.230172791535974
384sentences.215,random_poscontrolled,televisions go of are hunt as automobile and landslides cleared.,13.143059442689681
384sentences.216,random_poscontrolled,are muscular i've mix to tropical chew advisers trees a hive.,10.275103907579583
384sentences.217,random_poscontrolled,boy from to began it would mouthparts brought salmon air the.,14.436399740725278
384sentences.218,random_poscontrolled,bare after that you i their girls the mowing quickly male pulp.,10.643652655542487
384sentences.219,random_poscontrolled,food-scarce risk mosquitos how it to tragic we has forks i.,13.922638829913593
384sentences.220,random_poscontrolled,a a powered moves regain however by to countries tsunami keyboard.,6.902616503833131
384sentences.221,random_poscontrolled,with ketchup into platform scrubbing and look areas people precisely thick and.,13.955710187473546
384sentences.222,random_poscontrolled,herbal a better it piano four a public conferences blacksmiths.,16.102437653921175
384sentences.223,random_poscontrolled,myself scientists the relative habitats can four carried delineate.,6.198821128221658
384sentences.224,random_poscontrolled,branch i by collection animals covered with performances it hit door may these.,17.773094047327753
384sentences.225,random_poscontrolled,woodcutters i shoulder cause the and are the snow wedding snapping with.,15.8491204845524
384sentences.226,random_poscontrolled,child very instituted in animals the in camouflage are.,20.098179442108574
384sentences.227,random_poscontrolled,are with set someone sentence a weapons to train magnets.,13.011604451912145
384sentences.228,random_poscontrolled,a the a imagery dream theft ride large person's houses a a produce.,15.008511316548221
384sentences.229,random_poscontrolled,things often some dress on usually is an enough previous is and raised supplements.,22.449706209646227
384sentences.230,random_poscontrolled,doing with an flat desert window die to wire a seen low.,21.097102201838577
384sentences.231,random_poscontrolled,rubber a directly floorboards for and filled they covered is a her.,17.98659060813323
384sentences.232,random_poscontrolled,ferocious to hospital losing ocean a mouth when inhabited refrigerator the.,10.043280988026314
384sentences.233,random_poscontrolled,allow cream them primates plots and stories costumes should solid a an.,18.81396874920813
384sentences.234,random_poscontrolled,becomes device puberty cargo but afterward a moving actually have outside.,18.189025662672066
384sentences.235,random_poscontrolled,owl's stiffer hooked mosquito rules milk nature of the members at the has.,31.10551581359412
384sentences.236,random_poscontrolled,a it body ramps crime a and a improved pesticides jacket let.,15.467309854217806
384sentences.237,random_poscontrolled,libraries forest classical gleamed or have bad a as quality the world taste heard.,31.056785533535113
384sentences.238,random_poscontrolled,aging alcohol of are character very trains as cod.,14.689735452049648
384sentences.239,random_poscontrolled,metallic freezes where places life of the zigzagged bites usually.,26.850668214303404
384sentences.240,random_poscontrolled,x-rays tie fascinated that human the of are or pride the keyboard.,18.841957298762388
384sentences.241,random_poscontrolled,spectacular manual and rifles pharmacist be could hot people.,14.527792386378934
384sentences.242,random_poscontrolled,i patients dance built the energy white is a use from.,13.110142701639473
384sentences.243,random_poscontrolled,chords concerts saws used surfaces a toaster tailless.,13.295618834935842
384sentences.244,random_poscontrolled,characters of the go lawn with whales waterproof and black.,26.699355201849542
384sentences.245,random_poscontrolled,spread western and in sources in and high england four harvested legalized library.,23.464860806253782
384sentences.246,random_poscontrolled,at cream is and structure in minimal are and form more.,18.10953898524489
384sentences.247,random_poscontrolled,a knows places by in by attached real standard mouth has.,6.015943371634856
384sentences.248,random_poscontrolled,garlic hammer at at raw saddle and in time was to fractures bite.,16.395519244744285
384sentences.249,random_poscontrolled,remember were and are of musical wings river into ninety leather remove as walls.,8.664668437436179
384sentences.250,random_poscontrolled,is they it's inundation stylist from were impressive organs or of to a blacksmith.,21.367137097135146
384sentences.251,random_poscontrolled,take and a tastes flavorings coconuts a flights know intact red drunk.,13.172396029791756
384sentences.252,random_poscontrolled,beginners indian sharp raw used mice bananas for win to other.,10.317639408497927
384sentences.253,random_poscontrolled,it the large $10000 than face add dreams primarily to a the increase.,7.312001179078681
384sentences.254,random_poscontrolled,drought honey is there disposable have well holes such.,12.320941845599808
384sentences.255,random_poscontrolled,food legs ripe water electric nice their the.,2.001366784232544
384sentences.256,random_poscontrolled,change a jail a change can and other a distinctions bread knives.,20.004831102671336
384sentences.257,random_poscontrolled,and night warm used others native a medical home be.,16.26641574515613
384sentences.258,random_poscontrolled,vibration were in select to in patients is garment that shape.,18.01450299713069
384sentences.259,random_poscontrolled,are raspberry worn the support a bread people private a extra and.,9.859154059677891
384sentences.260,random_poscontrolled,it to vitamin the long cabin an a abrasive climbing are personal.,19.972698784371072
384sentences.261,random_poscontrolled,lotteries caffeine methods previous over floor cleaned can cartilage.,9.244159335591146
384sentences.262,random_poscontrolled,tropical against social it's spikes of rock area be metal.,9.170436279631813
384sentences.263,random_poscontrolled,brush are pharmacies down toppings faster barred of in strings.,7.068369306740921
384sentences.264,random_poscontrolled,food of thick is and hunt uses violin an solving growing each.,14.044051217072226
384sentences.265,random_poscontrolled,a livestock type for make for a loaded concert shuttle.,17.87623299304108
384sentences.266,random_poscontrolled,kitchen and and skirts and snow poles pharmacists staffed by by more log.,33.400987738874036
384sentences.267,random_poscontrolled,thermal have tests stay the also hairs they to by schools also its.,11.51896697297637
384sentences.268,random_poscontrolled,raise at to into delicacies for have tile or rock the note of who paralyse hand caused.,30.66373070391149
384sentences.269,random_poscontrolled,swelling arson intrigue within and go fruit work the for sauce to and causes saw with.,27.494046112532608
384sentences.270,random_poscontrolled,surrounded and cutting neatly ovens with rotating have money lighting in.,21.793988673651672
384sentences.271,random_poscontrolled,mediterranean on coffee of waiting classes through collect noise with hospitals may.,13.829212033853908
384sentences.272,random_poscontrolled,off notes no with like strong opened in things mangos is of used of roof even.,18.973401882546714
384sentences.273,random_poscontrolled,part piranhas woodwind chair high-pitched or a large clarinet is on ointment an are exterior.,37.34143178845454
384sentences.274,random_poscontrolled,was other is a the their light can provide are ramps with and who improves pharmacists.,30.156551079520934
384sentences.275,random_poscontrolled,different our filled elephants and had like caught as low usually diesel the of or become.,23.50558819830778
384sentences.276,random_poscontrolled,blocks can car distractions white sneaker around attack whether biggest a tectonic severity don't that tailored that.,18.01931497520819
384sentences.277,random_poscontrolled,paws and the black and have has who be horses times a on lot human.,27.390952190656108
384sentences.278,random_poscontrolled,blowholes subject skill an a it to a legs people an make came contains the.,8.74247623677988
384sentences.279,random_poscontrolled,the wool coding an sometimes bear tomato is source coffee.,6.953438787101389
384sentences.280,random_poscontrolled,a many expensive vaccines be their of they beekeeper's the a.,9.472861444058468
384sentences.281,random_poscontrolled,whales and show temperate are reaction sleep to shake a.,18.780640038881092
384sentences.282,random_poscontrolled,and a female break screwdrivers species coffee thumb have.,9.011923956975075
384sentences.283,random_poscontrolled,through a body conferences premium hand she depends.,6.221830394028327
384sentences.284,random_poscontrolled,different melt taste problem pursued jaws and of.,5.977918935586027
384sentences.285,random_poscontrolled,but also some it redness category vision academic has or.,13.823967536238682
384sentences.286,random_poscontrolled,a they i gentle and might and all works devoted range sick cod.,10.890907964280142
384sentences.287,random_poscontrolled,log fingering families are but sear painting no it dampen container that.,14.39049028000388
384sentences.288,random_poscontrolled,as have are supported fish for to elements fingers the relationship of.,18.039886878793368
384sentences.289,random_poscontrolled,usually the pedals to is or work standard other have is liquid.,15.251132576517962
384sentences.290,random_poscontrolled,people the be the have before theft graphics side and.,5.01234980207669
384sentences.291,random_poscontrolled,pole density rocky or eating as barrier and into touches.,12.526043766872032
384sentences.292,random_poscontrolled,in build the center hole birds it the a green.,15.330137666642033
384sentences.293,random_poscontrolled,of snow make i with compartment tool fractures castle's.,13.064746693750976
384sentences.294,random_poscontrolled,and inner of fruit handle a child we rapid be.,11.63405328882537
384sentences.295,random_poscontrolled,often is make its musical they in other and liquid.,14.474392265607536
384sentences.296,random_poscontrolled,famine new its a of away about paid minutes so break head.,10.4576435208496
384sentences.297,random_poscontrolled,nurses order handle animals a like adds but contains by ships but permanent the.,20.31604363622743
384sentences.298,random_poscontrolled,and in it slide a powered to butter a have sea heating lives.,15.651196503865194
384sentences.299,random_poscontrolled,at and creates opera appearance was sprung waves habits claws.,9.014158966528658
384sentences.300,random_poscontrolled,for the as in and axes for papers in air established the their has grooves.,22.071963461318525
384sentences.301,random_poscontrolled,glass apartment it make that can as black cut practicing.,16.70325583991393
384sentences.302,random_poscontrolled,water rises graphics end of easily a local chose raspberry hunger in mild.,22.410416095016913
384sentences.303,random_poscontrolled,temperature of 70% white are a they health the they.,12.92430611658146
384sentences.304,random_poscontrolled,real their or split fish and screenings dunes on organ in with in know.,26.99170360919829
384sentences.305,random_poscontrolled,a spacewalks or fresh into is cod to as pushing to.,9.02258002329276
384sentences.306,random_poscontrolled,men bicycles mountains for had the while a ice lands like capturing saws.,16.65360256901757
384sentences.307,random_poscontrolled,but across with india pharmacy musical pharmacists stress science united.,5.077361731327447
384sentences.308,random_poscontrolled,the effects have some a of flood society wore peach pressure the clarinet an.,32.34253377249526
384sentences.309,random_poscontrolled,spongy in stone classic a fruits hour music fitted in that quietly.,17.457420930301726
384sentences.310,random_poscontrolled,have how recalled spears is the like is the with shelter.,17.91242568921765
384sentences.311,random_poscontrolled,a is surrendered much mouth can can grenades many both girl.,7.289279244187009
384sentences.312,random_poscontrolled,hurricane sleeve or keyboards performance thrives cable the to.,10.802969420068212
384sentences.313,random_poscontrolled,pressing in mysteries are sides that once forging people ill-omen they.,26.893952581584344
384sentences.314,random_poscontrolled,increased statements plastic health is together body of sharp.,6.138041821881208
384sentences.315,random_poscontrolled,to very finally building harden the event public in out ice a substantial at.,25.107315793323615
384sentences.316,random_poscontrolled,they wear bone is feudal passage have drought for.,9.198764323305523
384sentences.317,random_poscontrolled,around muscle may have law weeks to drunk huddled suburbs.,14.130850140672019
384sentences.318,random_poscontrolled,the had astronauts ground was a is and they levels.,12.482859894079326
384sentences.319,random_poscontrolled,train modern back track that squeezed impact climbing powerful.,8.516288285018364
384sentences.320,random_poscontrolled,or and have of a personal a have pies containers products my.,15.533996145950272
384sentences.321,random_poscontrolled,fortunately fitted digital try skiing with virility checks it's stairs to.,20.66160824235144
384sentences.322,random_poscontrolled,is be hip an has or with jam of share a.,14.965080171029422
384sentences.323,random_poscontrolled,it very to patients farmers sling consist a weapon to are more.,13.10167975160286
384sentences.324,random_poscontrolled,order the had the any legume pianists large can or kitchen doors the.,17.195377774901253
384sentences.325,random_poscontrolled,for and its for also stresses is threatened with blow of.,25.97325690283446
384sentences.326,random_poscontrolled,protein for four this of fish inserting response keep the man bees mixture birds.,21.48530770190873
384sentences.327,random_poscontrolled,a grasping piece milk sometimes closed horse propelled of have and.,10.436235168373102
384sentences.328,random_poscontrolled,writing to used led doctors milk the the and train as used.,21.88386160324162
384sentences.329,random_poscontrolled,engines when really gets feet is cause the fixed.,9.775775889626996
384sentences.330,random_poscontrolled,seen interest convinced in sex me yoga or an have perform with.,16.327731417931016
384sentences.331,random_poscontrolled,ocean dresses axis of put to which and constructed is salted.,13.050007203098028
384sentences.332,random_poscontrolled,human when experts falls to silo and damaged export antiquity.,15.457374208862277
384sentences.333,random_poscontrolled,on on focus a sizes work of is tray dream panes.,29.626673504415283
384sentences.334,random_poscontrolled,lentils part between with to instrument use flavored european and time and.,10.637180692082303
384sentences.335,random_poscontrolled,pregnant smallest half-closing in fire biology likely bird could.,9.061333113746093
384sentences.336,random_poscontrolled,handle plants and as drift number mowers of is they get hands.,14.0488346309156
384sentences.337,random_poscontrolled,and usually farms a bring small six did have taste to stories they protein.,20.197978190737324
384sentences.338,random_poscontrolled,juice on side within a two are minds the lettuce plastic him bottoms and.,27.423388233315137
384sentences.339,random_poscontrolled,decided of spiders of in use than fly caterpillar ears piano a.,12.060542235023982
384sentences.340,random_poscontrolled,delicate a kitchen some useful our though child stage a black a produce.,21.948092594845242
384sentences.341,random_poscontrolled,to activity fingers like by is hear that is solo human past bed the encourages.,19.62023660080589
384sentences.342,random_poscontrolled,is the but are so cream scout attack each ways and well was leaving.,12.551408949693137
384sentences.343,random_poscontrolled,persistent with bends orange becomes the ice a piece people as.,19.39905561424985
384sentences.344,random_poscontrolled,where of 1970s families sharp artists every kill to swelling to they forestry bolts in.,14.27873315923787
384sentences.345,random_poscontrolled,and for is and many the to pitched insect used structure frying.,5.083140987391943
384sentences.346,random_poscontrolled,with i television used vapor use light and an onto she window.,8.358828598608197
384sentences.347,random_poscontrolled,that skin locations have a hypotheses assault source place and and.,8.28766699523053
384sentences.348,random_poscontrolled,the desert foods in and to their and machines piece and were couldn't and.,26.409898305439235
384sentences.349,random_poscontrolled,itself edge fingers a is feelings day that devastated.,6.936878714067811
384sentences.350,random_poscontrolled,when can tear people structure if told on is movements have.,7.798962588676421
384sentences.351,random_poscontrolled,into can turning phillips in breathing when air the as house vultures.,24.96359176647474
384sentences.352,random_poscontrolled,igloos solid each creepy if humble work by office watching capable.,9.36563212329504
384sentences.353,random_poscontrolled,tighter the usually plain bottles wood repertoire have of.,10.376181718088741
384sentences.354,random_poscontrolled,the developed many by invasion activities green ocean submerges now.,23.754840399241015
384sentences.355,random_poscontrolled,go a the usually teeth seals higher its skied the.,15.770646277728073
384sentences.356,random_poscontrolled,of train is eyesight night and to any of their a hunting at defines.,23.45347778060238
384sentences.357,random_poscontrolled,conditions made associated electrical for can kept infantry crank to crime.,14.922508513652918
384sentences.358,random_poscontrolled,tastes of the of every begins in forces on for part.,17.414204829387113
384sentences.359,random_poscontrolled,enter is my at to books awake to a salads ice on is.,17.832947260948952
384sentences.360,random_poscontrolled,colors is visualize effects the transportation and particularly human be to collar.,21.221453551279016
384sentences.361,random_poscontrolled,structure can watching broken flood flat pyramid with a standing tunnel.,19.960841010864982
384sentences.362,random_poscontrolled,arms a blind in drink villages designs is is most the.,11.699712145108776
384sentences.363,random_poscontrolled,is will also is i of graphics hair famous a the solid.,17.959515636972927
384sentences.364,random_poscontrolled,usually the built piercing gloves elements into a the helped to king thick.,19.627735923049322
384sentences.365,random_poscontrolled,until entering fields dream sleep they're an cut can i a types the.,8.144289234064827
384sentences.366,random_poscontrolled,have instantly reading also male family inside and scavenging in not to you.,11.493605496048618
384sentences.367,random_poscontrolled,task into electricity food tomatoes has at for a test insects we.,17.465536667530987
384sentences.368,random_poscontrolled,infection to bullets else basking like pulled they style many while computers one.,15.499151574501889
384sentences.369,random_poscontrolled,pharmacies the a up used deaths mind sweaters of is foods.,6.710217393051421
384sentences.370,random_poscontrolled,than major to condensed wound stuck native vikings women or.,12.157711710321362
384sentences.371,random_poscontrolled,holds mower who floor placed and at a foods is rain often i turn.,23.040968902506496
384sentences.372,random_poscontrolled,while of pockets also sensitive a makes for skin a their is.,22.19976306773497
384sentences.373,random_poscontrolled,bottom people world lawn toaster on or will made.,5.963230772780397
384sentences.374,random_poscontrolled,space in in feet malaria the medicine as on insurance common for for.,26.073722465408025
384sentences.375,random_poscontrolled,medications for sole tower rests be built pyramid's a suitable.,25.464502756621542
384sentences.376,random_poscontrolled,and is problems land a that a teas are coastal raw to fights.,10.265963547189623
384sentences.377,random_poscontrolled,taste seats that a and is self-contained are to a fights i telescope discourage.,7.490903733897721
384sentences.378,random_poscontrolled,the air glove places have boys to on the often crops.,15.888870758348862
384sentences.379,random_poscontrolled,be lawn heads bear and rough salads located for.,14.593041769987895
384sentences.380,random_poscontrolled,taste to diesel a long simple be.,12.64226671577619
384sentences.381,random_poscontrolled,endangered learning or grenade since a land tail.,12.579262635431249
384sentences.382,random_poscontrolled,rain large apples into strong a the come.,13.512247102900256
384sentences.383,random_poscontrolled,metal for large hurricanes the forest tube landed with.,13.908294703344197