243sentences.0,lowPMI,beekeeping conservation habitats the of encourages local.
243sentences.1,lowPMI,it beekeeper's conserve plants pollen in to every that is interest local produce.
243sentences.2,lowPMI,passive agriculture does require vegetation cleared way as of to a that for form it not native be make crops.
243sentences.3,lowPMI,beekeepers discourage pesticides they honeybees the on could of because the also use crops kill.
243sentences.4,lowPMI,artisanal go their their is to but the for worth beekeepers extremes craft product effort.
243sentences.5,lowPMI,artisanal emphasizes character consistency and and over honey-making quality quantity.
243sentences.6,lowPMI,produce honey become their to of the finest beekeepers micromanagers honeybees.
243sentences.7,lowPMI,they fields nectar select ways honey the and to when the scout know flows best extract.
243sentences.8,lowPMI,beekeeper hive hum fills as the of the the the 40000 opens deep bees air.
243sentences.9,lowPMI,beekeeper honey pollen bee the the and checks stores supplies nursery.
243sentences.10,lowPMI,bees his arms they sting gentle across but and because crawl bare hands don't they're.
243sentences.11,lowPMI,i recurring exams i'm college a though in about no have dream even longer.
243sentences.12,lowPMI,my it's my exam suddenly i've gone in of to the and dream day final i realize never class.
243sentences.13,lowPMI,i've even reading any the of never done assignments.
243sentences.14,lowPMI,i many people same who the know other have nightmare.
243sentences.15,lowPMI,morning study write dream previous each the down the in to from participants had their experience night.
243sentences.16,lowPMI,they they dreams dream emotional if and and any each recorded recalled described its intensity.
243sentences.17,lowPMI,participants assigned category flying bad nightmare each a a or to as a a then dream such dream dream.
243sentences.18,lowPMI,night sleep minds as we awake every as while when we our are active are.
243sentences.19,lowPMI,we night ninety each throughout in about the of dream cycles minutes.
243sentences.20,lowPMI,images stories combinations places our and and of can feelings strange characters fill dreams.
243sentences.21,lowPMI,i start cards went worse when from to to decided playing things bad.
243sentences.22,lowPMI,gambling something had i already close doing to to and was i do had spent $10000 it.
243sentences.23,lowPMI,my were watching gamble savings of friends sick me my away.
243sentences.24,lowPMI,hardest was leaving losing i not the of after the a part horror casino money did have.
243sentences.25,lowPMI,good social effects gambling hard by on and to the of data economic legalized are come.
243sentences.26,lowPMI,studies having nearby gambling more some a that indicate casino makes problems likely.
243sentences.27,lowPMI,gambling be personal marriage may and with also associated bankruptcies problems.
243sentences.28,lowPMI,past has dramatic legalized over there of the a generation been expansion gambling.
243sentences.29,lowPMI,most have lotteries have well and as states instituted many casinos.
243sentences.30,lowPMI,gambling become big business but has very controversial.
243sentences.31,lowPMI,wind shook shattering kitchen the the a the from the in hurricane house window.
243sentences.32,lowPMI,we grabbed slammed surrendered hurricane in the the the some and to ran food door kitchen.
243sentences.33,lowPMI,i afraid house ripped foundation would from was our be its.
243sentences.34,lowPMI,later wind house fell huddled that the on with the the night shaking we asleep sofa.
243sentences.35,lowPMI,hurricanes limbs suck their can of off off and tear trees houses foundations.
243sentences.36,lowPMI,they heavy trigger mudslides that and can dump rains floods.
243sentences.37,lowPMI,hurricanes bring surge ocean lurches can a that a of onto also storm wall water land.
243sentences.38,lowPMI,scientists several look ancient to of for use methods evidence hurricanes.
243sentences.39,lowPMI,strongest deposited windblown sand coastal the at of of the storms layers beach bottoms lakes.
243sentences.40,lowPMI,trees passing preserve storm growth by of in a each drenched hurricanes record their rings.
243sentences.41,lowPMI,american cream exported different have preferences around but the ice is world countries different.
243sentences.42,lowPMI,many enjoy ice flavored delicacies with people their cream local.
243sentences.43,lowPMI,tropical vanilla cream topped fresh in with some and places ice is bananas mangos.
243sentences.44,lowPMI,i making cream child at a as remember ice home.
243sentences.45,lowPMI,we cream frozen then turning expose cold the a to the into the to poured mixture tub start crank it.
243sentences.46,lowPMI,eventually froze couldn't hand more enough the that any it i turn crank.
243sentences.47,lowPMI,then put half-frozen cream harden the into to of the i container ice freezer.
243sentences.48,lowPMI,ice is milk sugar up whipped-in a or to of and cream mixture cream flavorings half air.
243sentences.49,lowPMI,butterfat cream makes smooth the and and in what milk is it silky.
243sentences.50,lowPMI,high-priced ice is butterfat flavorings with and premium cream loaded natural.
243sentences.51,lowPMI,i riding mower chair my hurt when the the use lawn uncomfortable makes back.
243sentences.52,lowPMI,i levers me machine the in to two of the use front control.
243sentences.53,lowPMI,sharp lawn precisely blade the the of underneath each blades mower sever grass.
243sentences.54,lowPMI,mowing is task has me the and a lawn long it taught patience.
243sentences.55,lowPMI,lawn is revolving cut even a with to a that an mower machine blades grass height.
243sentences.56,lowPMI,blades powered machine motor the by the a may or may be muscle have.
243sentences.57,lowPMI,most power lawn is gas the a for common source mowers small engine.
243sentences.58,lowPMI,electric are environment do create for because the lawnmowers better they not emissions.
243sentences.59,lowPMI,they need maintenance less run and to also less are expensive.
243sentences.60,lowPMI,electric mowers much ordinary as an as lawn use electricity toaster.
243sentences.61,lowPMI,astronauts long their a for train time spacewalks.
243sentences.62,lowPMI,much training conducted of their is underwater.
243sentences.63,lowPMI,they hours hour spend space may to in for will 8 10 the every in spend pool they floating.
243sentences.64,lowPMI,astronauts be perform repair outside station to and the the to on of practice able construction work space.
243sentences.65,lowPMI,commanders flights always many backgrounds test the and of as shuttle are pilots have military pilots.
243sentences.66,lowPMI,other are doctors scientists experiments as who in and can astronauts trained engineers run space.
243sentences.67,lowPMI,early were men now much diverse all but crews young astronauts are more.
243sentences.68,lowPMI,team floated exterior shuttle the out the the of to of astronauts together space.
243sentences.69,lowPMI,they tools repair part telescope to on the the carried needed broken huge.
243sentences.70,lowPMI,astronaut bolts other replacement place one on while the the the the into loosened pipe fitted part.
243sentences.71,lowPMI,computers been art time artists in a for by have used long experimental.
243sentences.72,lowPMI,now are affordable computer have mainstream world that the and computers more widespread graphics entered art.
243sentences.73,lowPMI,computer conferences art showcase graphics some the that science have exhibitions latest technology.
243sentences.74,lowPMI,brand conferences sprung devoted cultures up to two that the new have are bridging.
243sentences.75,lowPMI,computer specialist doctors medical surgical the to with and graphics works visualize conditions procedures.
243sentences.76,lowPMI,she digital help understand patient's to a within uses animation doctors structures body.
243sentences.77,lowPMI,seeing structures screen much squinting the an a at in on than internal animation is clearer x-rays.
243sentences.78,lowPMI,modern animation powerful education a for digital is tool.
243sentences.79,lowPMI,field graphics ask actually students as of must the broadens if computer we graphics help.
243sentences.80,lowPMI,research suggest engaging imagery effective that can the and in does vivid digital be classroom.
243sentences.81,lowPMI,reason came school place cliche the in to the he law first was.
243sentences.82,lowPMI,he change better to the for wanted things.
243sentences.83,lowPMI,he evening school program had all-nighter one when the at and an recalled law he director pulled.
243sentences.84,lowPMI,they finished petition evicted sunrise a at for finally drafting several families.
243sentences.85,lowPMI,past legal has relentlessly over four the up the decades of cost education gone.
243sentences.86,lowPMI,private school increased by of since 1970s a four the law tuition factor.
243sentences.87,lowPMI,market law new eventually the to for for and could admission school lawyers crash.
243sentences.88,lowPMI,law faculty have experience practicing in school often minimal actually law.
243sentences.89,lowPMI,professors writing review prestigious on for focus law articles journals.
243sentences.90,lowPMI,law often theoretical topics law england the on in with like schools emphasize classes property feudal.
243sentences.91,lowPMI,pharmacists increasingly preventive in are involved care.
243sentences.92,lowPMI,they becoming health people pharmacies because often to are front-line advisers go.
243sentences.93,lowPMI,pharmacists often source public a about of are good information health.
243sentences.94,lowPMI,doctors pharmacists know drug side with a and because about consult they lot interactions effects.
243sentences.95,lowPMI,pharmacists prescription patients advice use to about of and the dispense drugs offer safe medications.
243sentences.96,lowPMI,they conduct wellness provide and and also health screenings vaccines.
243sentences.97,lowPMI,pharmacists professional pass order licensed must two to and in have degrees exams be.
243sentences.98,lowPMI,i pharmacy chose as i be the to as a think profession me much chose pharmacist.
243sentences.99,lowPMI,i fascinated arranged pharmacies by in a the as was neatly bottles child.
243sentences.100,lowPMI,i it's i impact have my but that of the on know cliche love i lives patients.
243sentences.101,lowPMI,person his own potentially situations each to or has her response stressful.
243sentences.102,lowPMI,person devastated find fulltime one by another may while may be unemployment working stressful.
243sentences.103,lowPMI,are stresses stuck there in like everyday being traffic.
243sentences.104,lowPMI,are traumatic such loss there or a as of also stresses divorce child.
243sentences.105,lowPMI,people different stress some to can of adapt levels.
243sentences.106,lowPMI,not effectively take toll if though a with can on dealt stress real health.
243sentences.107,lowPMI,remember your stress it harmful that that will to if or it's reaction determines be beneficial.
243sentences.108,lowPMI,my was i incredibly worried when and company downsizing felt stressed.
243sentences.109,lowPMI,my race i felt times would no at for and heart reason even dizzy.
243sentences.110,lowPMI,then started yoga manage stress to to i taking try my level.
243sentences.111,lowPMI,man jet tuxedo stripes the with a wore black satin.
243sentences.112,lowPMI,it made fabric latest with the in was rich cut style.
243sentences.113,lowPMI,clearly had tailored fit perfectly as the he it it man.
243sentences.114,lowPMI,it something stylist picked event like would for a out a looked professional have formal.
243sentences.115,lowPMI,tuxedo still today's are personal wedding while in the is preferred grooms making statements attire.
243sentences.116,lowPMI,shorter are edge fashion on of the for jackets cutting wedding men.
243sentences.117,lowPMI,grooms also their colorful satin up and with are jazzing tuxedos shirts ties.
243sentences.118,lowPMI,tuxedo is dinner black lapels a with a jacket tailless jacket silk.
243sentences.119,lowPMI,black trousers perfect tuxedo should to a the tie be match jacket.
243sentences.120,lowPMI,shirt be white be match lapels the and should the should the and always plain tie black jacket.
243sentences.121,lowPMI,concert went the in blind pianist adulthood.
243sentences.122,lowPMI,her was genetic slowly eyes by that a the blindness caused condition damaged.
243sentences.123,lowPMI,she interviewers blind advantage that to an a told being was pianist.
243sentences.124,lowPMI,she visual she more her no could so on had distractions concentrate fully music.
243sentences.125,lowPMI,government blindness insufficient activities the for of as the defines vision ordinary life.
243sentences.126,lowPMI,establishing legal resources focused blind by of on the can the parameters blindness be legally.
243sentences.127,lowPMI,overlook vision do meet this those but the may who who have problems not standard.
243sentences.128,lowPMI,developing blindness is caused disease deficiencies in by in and countries children usually infectious nutritional.
243sentences.129,lowPMI,causes be medicine supplements these by can and often prevented vitamin.
243sentences.130,lowPMI,developed blindness more be genetic in by to countries is likely caused problems.
243sentences.131,lowPMI,one knows taste your your no a to how from really exactly gets mouth brain.
243sentences.132,lowPMI,scientists process molecule touches bud the a a when of think begins food taste cell.
243sentences.133,lowPMI,cell taste taste cell the to the a beneath carries message nerves.
243sentences.134,lowPMI,it once taste responded tastes that to of four each one the was believed bud basic.
243sentences.135,lowPMI,is bud tongue only were something that on of would a the the if taste tip respond you eating sweet.
243sentences.136,lowPMI,scientists think taste be basic that can all the a to of now single bud sensitive tastes.
243sentences.137,lowPMI,my taste very i eat very flavors of to so with sense isn't good tend foods strong.
243sentences.138,lowPMI,i lots sauce drink coffee so very of with and no like hot i my cream it's bitter.
243sentences.139,lowPMI,i even sweetness so make i extra when can't taste well i cookies add sugar.
243sentences.140,lowPMI,hip are problem individuals a for fractures real aging.
243sentences.141,lowPMI,patients faced break process with of and of the the the are pain difficult healing.
243sentences.142,lowPMI,families adjust loss to the to of have patient's independence.
243sentences.143,lowPMI,society fractures substantial time and and the for in hip involve expense hospital.
243sentences.144,lowPMI,halfway i sound snapping fingers through a the like race heard someone their.
243sentences.145,lowPMI,i crunch knew my was a that and felt i instantly foot broken.
243sentences.146,lowPMI,step running every on like felt spikes.
243sentences.147,lowPMI,doctor's afterward clearly fracture at the the the office x-ray showed.
243sentences.148,lowPMI,are different bone there of a few types fracture.
243sentences.149,lowPMI,closed fractures is skin intact in the the or but simple bone broken is.
243sentences.150,lowPMI,open fractures bone punctured produced wound in the and or the an compound broken has skin open.
243sentences.151,lowPMI,new piercings infected not cleaned can if ear become they're carefully.
243sentences.152,lowPMI,signs include swelling earlobe of around or the infection tenderness redness.
243sentences.153,lowPMI,you symptoms area ointment if the some these and see clean apply.
243sentences.154,lowPMI,redness don't contact health provider if and the away swelling go your care.
243sentences.155,lowPMI,local has new reduce a to hospital initiated measures infections.
243sentences.156,lowPMI,they improved washing ensured patients isolated patients and from that have hand habits infected are other.
243sentences.157,lowPMI,hospital seen rates new began the the since has infection drop measures.
243sentences.158,lowPMI,scrubbing soap delays increases infection a or the with which of wound alcohol healing risk.
243sentences.159,lowPMI,band-aids risk holding moisture can of in the by and increase infection heat.
243sentences.160,lowPMI,fortunately skin easily treated are can once most infections be they diagnosed.
243sentences.161,lowPMI,modern started sixteenth at of the the opera end century.
243sentences.162,lowPMI,it effort imitate tragic as to an and began rediscover greek performance.
243sentences.163,lowPMI,early opera tales their matter of for from founders chose antiquity subject.
243sentences.164,lowPMI,later branched sources musical out of into and operas different stories traditions.
243sentences.165,lowPMI,opera art singers perform combines music an which a and in and that is form musicians play words.
243sentences.166,lowPMI,it many spoken such scenery of of and the as incorporates elements theatre acting costumes.
243sentences.167,lowPMI,performances typically opera accompanied in and an an by are given house orchestra.
243sentences.168,lowPMI,opera has hard role production the the the to in singer worked win new.
243sentences.169,lowPMI,her is just about job not singing.
243sentences.170,lowPMI,acting presence interpretation critical and all stage musical are.
243sentences.171,lowPMI,her strong is star but of the the pure voice certainly show.
243sentences.172,lowPMI,painter many mind painting a in a must while keep elements completing.
243sentences.173,lowPMI,she use elements strong lighting to like of and has solid design composition.
243sentences.174,lowPMI,she execute strokes to with the has brush skill.
243sentences.175,lowPMI,most content reveal painter's the the a the of should of importantly painting glimpse soul.
243sentences.176,lowPMI,long painters employed skilled creative as as than ago were more artisans artists.
243sentences.177,lowPMI,however painters social scholars royal the and the of of prominent had status members court.
243sentences.178,lowPMI,they their decided subject established relationship patrons on and with and a signed work its imagery personal their.
243sentences.179,lowPMI,painter learned less scene painting as to the on a on and the i focus actual more itself.
243sentences.180,lowPMI,artist's is camera has everything field an that within a to of eye not lens record its vision.
243sentences.181,lowPMI,i nature useful more needed painting but for than a found provides information is good.
243sentences.182,lowPMI,eagle is bird the an owl impressive.
243sentences.183,lowPMI,it ear stick that like up has tufts horns.
243sentences.184,lowPMI,its orange are creepy they right and could like through large eyes downright look pierce you.
243sentences.185,lowPMI,owl night swiftly darkness this and the at through hunts flying silently.
243sentences.186,lowPMI,owl have endangered are while some species become others thriving.
243sentences.187,lowPMI,barred has well previous the beyond owl spread its habitat.
243sentences.188,lowPMI,early suggest have barred invasion that the may findings logging facilitated owl's.
243sentences.189,lowPMI,owl thick gripped her the a with on and landed branch it talons.
243sentences.190,lowPMI,she her her settled half-closing to an and pressed wings sides down eye.
243sentences.191,lowPMI,she been glow eyes might but the a for of have statue her.
243sentences.192,lowPMI,it's watch bear floating ice to across a unnerving polar stalk sea.
243sentences.193,lowPMI,it's worse are frigid directly animal when the the in beneath even you submerged waters huge.
243sentences.194,lowPMI,overhead paws ice bear its down the the on as giant set polar pursued prey.
243sentences.195,lowPMI,part crew bear i months shots as the a of for these film polar documentary spent capturing.
243sentences.196,lowPMI,polar are animals people other confusion one the will than of that for or bears few attack reasons fear.
243sentences.197,lowPMI,they hunger live environment may of in out because a attack they food-scarce.
243sentences.198,lowPMI,they people careful their will on up to sneak slowly conserve energy.
243sentences.199,lowPMI,seal important polar diet the of an the is part bear's.
243sentences.200,lowPMI,hunting wait breathing stalk are ice when by or on will a that the they seal's hole seals basking.
243sentences.201,lowPMI,polar crawl forward place looks the and when around will in the bear quietly freeze seal.
243sentences.202,lowPMI,medieval was structure primarily the for a castle not built defense.
243sentences.203,lowPMI,its was its to purpose dominate surroundings.
243sentences.204,lowPMI,castle control day's a within could a easily lands walk.
243sentences.205,lowPMI,times peasants property brought walls during and inside for of could the attack livestock be castle's protection.
243sentences.206,lowPMI,spectacular dramatic provide stormy many in of of a the castles locations record history regions.
243sentences.207,lowPMI,today stand rocky overlooking landscapes villages and they atop cliffs beautiful quaint.
243sentences.208,lowPMI,past were battles intrigue in to the and they home plots.
243sentences.209,lowPMI,leaving station saw hotel magnificent built upon above on the a a train we our looming castle cliff.
243sentences.210,lowPMI,thick walls inner hundreds river the of the an above outside sheltered courtyard feet.
243sentences.211,lowPMI,our rooms incredible scary an but tower had slightly view.
243sentences.212,lowPMI,climbing feet pyramid gestured small entranceway after the the into up of the a fifty side man me black.
243sentences.213,lowPMI,led pyramid's this the the into at chamber center.
243sentences.214,lowPMI,i him dark passage down the followed steep narrow.
243sentences.215,lowPMI,smell was air thick the the the inside and pyramid chalky was.
243sentences.216,lowPMI,more tomb pyramids pride than of the the the the of just king represented nation.
243sentences.217,lowPMI,care builders their is the the that in pyramid took craft evident.
243sentences.218,lowPMI,stones pyramid precisely together structure the and the the until covering were fitted polished gleamed.
243sentences.219,lowPMI,architects still solve pyramids constructed to of the how are working mysteries were.
243sentences.220,lowPMI,think were pyramid's raise blocks some the inside to ramps built walls stone.
243sentences.221,lowPMI,others ramps exterior pyramid that the the up of speculate zigzagged walls.
243sentences.222,lowPMI,even rock takes strength and beginner climbing courage.
243sentences.223,lowPMI,climbers learning try large who can the on are sport scrambling boulders.
243sentences.224,lowPMI,once comfortable begin ropes climb rock with can that to they're they using safely vertical faces.
243sentences.225,lowPMI,boys were rock all the the of on to trip new climbing.
243sentences.226,lowPMI,many afraid of were heights.
243sentences.227,lowPMI,having else their harnesses them down and someone check knots helped calm.
243sentences.228,lowPMI,adults climbing appropriate the for up set routes beginners.
243sentences.229,lowPMI,free-climbing particular rock one of is style climbing.
243sentences.230,lowPMI,climber solely skill strength rock the and a on to relies her physical ascend face.
243sentences.231,lowPMI,rope are equipment and the bolts only used.
243sentences.232,lowPMI,they meant stop she to if the are only climber falls.
243sentences.233,lowPMI,i skied trail buddies me down that the to hesitantly steep my convinced try.
243sentences.234,lowPMI,i bad i myself down a and made turn found tumbling.
243sentences.235,lowPMI,i came flat slope to at of a a the finally stop part.
243sentences.236,lowPMI,my were be my were snow hill to in up and a the skis nowhere found poles lodged drift.
243sentences.237,lowPMI,major professional is use poles a how of strength skiers they ski.
243sentences.238,lowPMI,proper ski improves balance flair skiing of to and use poles their adds their.
243sentences.239,lowPMI,it need body regain balance the to for while minimizes upper movements lost skiing.
243sentences.240,lowPMI,new designs boots skiers more and ski stiffer let turn quickly.
243sentences.241,lowPMI,faster turns twisting legs but the the and on tighter increase force.
243sentences.242,lowPMI,has more particularly skier's this to the to in led injuries ligaments knee.
384sentences.0,lowPMI,accordion portable instrument an with a two is musical keyboards.
384sentences.1,lowPMI,keyboard used notes chords one the for for is individual other.
384sentences.2,lowPMI,accordions sound blow reeds with through that produce bellows air.
384sentences.3,lowPMI,accordionist keyboards closing an while the both and plays opening bellows.
384sentences.4,lowPMI,apartment self-contained is building an that a a of is home part.
384sentences.5,lowPMI,apartment more as kitchen an one as and may or a a have rooms well bathroom.
384sentences.6,lowPMI,apartments single others some for for are people families.
384sentences.7,lowPMI,building garage facility storage the a or can a have laundry extra space.
384sentences.8,lowPMI,apple fruit green yellow an that or a can is be red.
384sentences.9,lowPMI,apples thin sweet seeds skin and a have crisp pulp inside.
384sentences.10,lowPMI,very apples used cider some to tart are make.
384sentences.11,lowPMI,apples eaten roasted pies can in or be raw baked.
384sentences.12,lowPMI,arson criminal burning wildland the a of or is act building.
384sentences.13,lowPMI,fire determines was accident a a or if by investigation fire caused arson.
384sentences.14,lowPMI,arson done damage collect can to to or be cause others insurance.
384sentences.15,lowPMI,severity depends were the the whether of on crime people harmed.
384sentences.16,lowPMI,automobile is vehicle passengers an a or for car wheeled transporting.
384sentences.17,lowPMI,car powered electric a by or can a be gasoline engine.
384sentences.18,lowPMI,driver car other just the on the steers roads passengers sit.
384sentences.19,lowPMI,automobiles size doors trunk in and of of the vary number type.
384sentences.20,lowPMI,axe tool split wood the to a and is used cut.
384sentences.21,lowPMI,axe consists attached the a a of to usually head handle.
384sentences.22,lowPMI,historically heads made then of and axe were stone metal.
384sentences.23,lowPMI,axes used firemen buildings by and are woodcutters entering.
384sentences.24,lowPMI,banana long grows soft inside a that with a in a is fruit bunchs edible.
384sentences.25,lowPMI,banana be purple have brown a can and when or ripe yellow red small spots.
384sentences.26,lowPMI,greatest are countries india the or as producers tropical such ecuador.
384sentences.27,lowPMI,unripe plantains staple often potatoes and like and bananas are foods cooked.
384sentences.28,lowPMI,bed piece used sleep sex a of a or a as to is furniture place have in.
384sentences.29,lowPMI,bed made box sheets covers a a a and of and plus is mattress spring pillows.
384sentences.30,lowPMI,waterbeds is water it filled in with in the and with mattress filled airbeds is air.
384sentences.31,lowPMI,type is fabric suspended another the above of a the bed hammock sling ground.
384sentences.32,lowPMI,bee flying black body a with and six a a and is insect yellow legs.
384sentences.33,lowPMI,bees pollen they make between nectar as to spread flowers collect honey.
384sentences.34,lowPMI,bees social live colony hive and a a in in are insects together located.
384sentences.35,lowPMI,many have attack feel and if can bees stingers they threatened.
384sentences.36,lowPMI,bicycle vehicle pedals a with and a a two on is wheels frame.
384sentences.37,lowPMI,bicycle propelled cyclist a the a the by of on is pedalling saddle.
384sentences.38,lowPMI,wheels rubber inner full the an with of have tires tube air.
384sentences.39,lowPMI,people bicycles recreation for and use transportation racing.
384sentences.40,lowPMI,blacksmith objects iron a or by creates forging steel.
384sentences.41,lowPMI,blacksmith bends iron change shape a on to and an hammers hot anvil its.
384sentences.42,lowPMI,blacksmiths thick handle tongs a the and with wears apron metal.
384sentences.43,lowPMI,blacksmiths objects horse iron like or make weapons shoes furniture.
384sentences.44,lowPMI,blender kitchen used ingredients food a to a or is appliance mix puree.
384sentences.45,lowPMI,blenders glass container blade a with in or a the have plastic rotating bottom.
384sentences.46,lowPMI,blenders used milk fruit to and are make shakes smoothies.
384sentences.47,lowPMI,blenders also make alcoholic crushed to with are used cold drinks ice.
384sentences.48,lowPMI,boy young child not puberty a who a is male has undergone.
384sentences.49,lowPMI,term used sex relative the to to is indicate distinctions girls.
384sentences.50,lowPMI,traditionally play games other like and each to with boys rough fight.
384sentences.51,lowPMI,adult behaving is referred an as to a male immaturely often boy.
384sentences.52,lowPMI,broccoli plant family a the in is cabbage.
384sentences.53,lowPMI,broccoli green head tough a a and has flower thick stalk.
384sentences.54,lowPMI,broccoli high fiber nutrients in and is vitamins other.
384sentences.55,lowPMI,broccoli boiled eaten can or be stir-fried raw.
384sentences.56,lowPMI,butterfly flying large a with a four is insect wings.
384sentences.57,lowPMI,wings be colorful the can of and butterflies very patterned.
384sentences.58,lowPMI,metamorphosis transformation butterfly the a a of into is caterpillar.
384sentences.59,lowPMI,people butterflies colorful some of because collect their wings.
384sentences.60,lowPMI,carpenter artist laborer wood a or with an who is manual works.
384sentences.61,lowPMI,carpenters repair furniture other and and build houses boats objects.
384sentences.62,lowPMI,carpenters tools hammers pliers as and use such saws planes.
384sentences.63,lowPMI,luthier carpenter repairs instruments a that a and is makes musical.
384sentences.64,lowPMI,cats small animals tail with and four a are furry legs.
384sentences.65,lowPMI,cats themselves their like by to groom licking fur.
384sentences.66,lowPMI,cats mice are fed owners can but or by hunt birds often their.
384sentences.67,lowPMI,claws are they sharp the so of that cats retractable keep.
384sentences.68,lowPMI,chair piece designed sit a of to a for on is furniture people.
384sentences.69,lowPMI,chairs seat floor supported of above a by consist raised level legs.
384sentences.70,lowPMI,chairs have arm as cushion can as and a also back rests well.
384sentences.71,lowPMI,seats fixed located places in in or like are chairs vehicles cinemas.
384sentences.72,lowPMI,clarinet woodwind instrument a a is musical.
384sentences.73,lowPMI,clarinet long tube bottom a with at a a the is black flare.
384sentences.74,lowPMI,player notes keys the and by chooses pressing holes.
384sentences.75,lowPMI,clarinet used classical the in both and is jazz music.
384sentences.76,lowPMI,cod fish colder atlantic a that the the a in of is lives areas.
384sentences.77,lowPMI,cod is mild-tasting easily and when and flesh white flakes cooked.
384sentences.78,lowPMI,fresh is fish salted elaborate for for and cod used chips cod dishes.
384sentences.79,lowPMI,cod been salted time and the the since of has caught traded vikings.
384sentences.80,lowPMI,coffee made beans coffee from of the the is coffee seeds plant.
384sentences.81,lowPMI,coffee popular many usually hot a and in is drink countries served.
384sentences.82,lowPMI,coffee mild called keeps awake a that contains drug caffeine people.
384sentences.83,lowPMI,coffee world's legal export the is seventh-largest agricultural.
384sentences.84,lowPMI,desert natural almost falls a where a no is environment rain.
384sentences.85,lowPMI,hot are filled dunes with or deserts usually sand rocks.
384sentences.86,lowPMI,animals have live some to and in plants adapted deserts.
384sentences.87,lowPMI,biggest desert sahara africa the in the hot is northern.
384sentences.88,lowPMI,desk piece used sometimes a of at a a for with is furniture working computer.
384sentences.89,lowPMI,desk flat be wood metal a and of a can or has surface made plastic.
384sentences.90,lowPMI,desk drawers supplies a to may and have store papers.
384sentences.91,lowPMI,cubicle desk partitions a a on of by three consists surrounded sides.
384sentences.92,lowPMI,door movable entrance enclosed a to from a or an is barrier exit area.
384sentences.93,lowPMI,most have control pass to to who through doors locks gets them.
384sentences.94,lowPMI,most are pushing handle are by a or after doors opened pulling they unlocked.
384sentences.95,lowPMI,other doors consist chamber of or a can of types slide revolving.
384sentences.96,lowPMI,dress piece women wear a of a that is clothing sometimes.
384sentences.97,lowPMI,dress shirt long skirt a a a like to is attached matching.
384sentences.98,lowPMI,dress usually formal such dance a as or at a a is worn occasions wedding.
384sentences.99,lowPMI,it hard stairs bike can or in to a a be climb ride dress.
384sentences.100,lowPMI,drunk is driving alcohol the under of of the driving act effects.
384sentences.101,lowPMI,drunk vehicle crime world of a of any in the driving is most.
384sentences.102,lowPMI,it role half deaths a of in all plays almost vehicle-related.
384sentences.103,lowPMI,drunk are field breathing by and drivers caught sobriety tests.
384sentences.104,lowPMI,drought persistent water caused rain a of by a the of is shortage supply lack.
384sentences.105,lowPMI,drought crops stop die will to and and cause plants growing.
384sentences.106,lowPMI,extreme eventually areas cause will and into drought turn desert famine.
384sentences.107,lowPMI,large people migrate bowls of away to from numbers have dust.
384sentences.108,lowPMI,eagles large prey day very eyesight of during and that the are birds hunt have good.
384sentences.109,lowPMI,eagles hooked tearing strong sharp for and have beaks flesh legs talons.
384sentences.110,lowPMI,eagles eyries eat others mammals in some and and live species fish small.
384sentences.111,lowPMI,bald has white is bird states the and of a the the eagle bright head national united.
384sentences.112,lowPMI,earthquakes ground buildings structures the can and and down shake knock other.
384sentences.113,lowPMI,shaking trigger volcanic the and can also landslides activity.
384sentences.114,lowPMI,most are release earth's by of the the in earthquakes caused energy crust.
384sentences.115,lowPMI,earthquake displace cause an can and at the a sea seabed tsunami.
384sentences.116,lowPMI,elephants largest land weighing tons the of are kind mammal several.
384sentences.117,lowPMI,elephant long called grab food an a can a which or has nose trunk things.
384sentences.118,lowPMI,elephant pair tusks objects trees the of or a for into has ivory moving digging.
384sentences.119,lowPMI,elephant its ears blood its the the and to in flaps large cool them body.
384sentences.120,lowPMI,eye organ light it cortex the for for an and the is sensing coding visual.
384sentences.121,lowPMI,most have eyes color texture which and can animals complex detect motion.
384sentences.122,lowPMI,fovea center eye sensitive it the of and of the the the is human most part.
384sentences.123,lowPMI,insects compound made units many up in of have eyes eye facing directions.
384sentences.124,lowPMI,farm land grow raise food a or to for is used plants animals.
384sentences.125,lowPMI,farmers people farm produce the the what who and to are run decide.
384sentences.126,lowPMI,farms have farmers barn a a a for and usually house silo.
384sentences.127,lowPMI,cooperative farm farmers land a where and a the is many share equipment.
384sentences.128,lowPMI,primates have thumb four a each and on usually fingers hand.
384sentences.129,lowPMI,fingers used writing other for and are grasping grooming activities.
384sentences.130,lowPMI,fingertips sensitive pressure the and to are temperature vibration.
384sentences.131,lowPMI,nail tip be decorated the of and or the the can protects finger grown.
384sentences.132,lowPMI,flood overflow water inhabited a of of an an that is expanse submerges land.
384sentences.133,lowPMI,flood caused rain snow as earthquakes can or at by as be heavy rapid melt well sea.
384sentences.134,lowPMI,flood flow its break levees in a of and a will or river out channel dams.
384sentences.135,lowPMI,flood evacuate water diseases during and a the people contaminated causes.
384sentences.136,lowPMI,floor horizontal building walking a inside for a a is surface used on.
384sentences.137,lowPMI,floors made concrete linoleum floorboards may or of be bare tile wooden.
384sentences.138,lowPMI,people put floor dampen on for to a and often carpets comfort noise.
384sentences.139,lowPMI,buildings often pipes wiring in and the under floor has electrical it.
384sentences.140,lowPMI,foot body end a on of a the a is part leg.
384sentences.141,lowPMI,people their walking standing when or use feet running straight.
384sentences.142,lowPMI,people use feet fighting to both in and also their kick sports.
384sentences.143,lowPMI,many have behavior feet for to cultures rules related.
384sentences.144,lowPMI,forest area density canopy a with of an a and is high trees cover.
384sentences.145,lowPMI,type depends rainfall location the on in of and forest temperature its.
384sentences.146,lowPMI,forest has types animals well plants a and of as ecosystem various trees as ground.
384sentences.147,lowPMI,deforestation cutting disregarding the of down is forests regeneration.
384sentences.148,lowPMI,fork tool solid handle tines a for a a with and is eating foods several.
384sentences.149,lowPMI,forks usually metal disposable of if or are made plastic.
384sentences.150,lowPMI,forks used food hold place to the to while to or in are lift mouth food cutting.
384sentences.151,lowPMI,forks used cultures special various in there and for are western are kinds foods.
384sentences.152,lowPMI,frying is pan sides a with a a and pan small sloping handle.
384sentences.153,lowPMI,frying is fry brown a and to pan used sear food.
384sentences.154,lowPMI,food cooked covering pan the the the on of is oil bottom.
384sentences.155,lowPMI,frying are iron steel of or pans made teflon-clad.
384sentences.156,lowPMI,girl female has yet maturity a who a is human not reached.
384sentences.157,lowPMI,body develops at the a that a puberty of into of girl woman.
384sentences.158,lowPMI,girls playing social like and with often dolls games.
384sentences.159,lowPMI,girls grow hair dresses and and sometimes long wear skirts.
384sentences.160,lowPMI,glove piece covers fingers a of the a that and is clothing hand.
384sentences.161,lowPMI,gloves cold made lined material to of against or protect are wool waterproof.
384sentences.162,lowPMI,disposable latex are shield germs or from to or rubber gloves used hands chemicals.
384sentences.163,lowPMI,mitten kind fingers covered a of the a where four is glove are together.
384sentences.164,lowPMI,hammer tool deliver object a to to a an an is used impact.
384sentences.165,lowPMI,hammer most used nails a into to is often drive wood.
384sentences.166,lowPMI,claw be remove the the to on can head used nails.
384sentences.167,lowPMI,hammers shape handle in of and the the vary head length.
384sentences.168,lowPMI,hand is used people a as against an a grenade explosive weapon.
384sentences.169,lowPMI,hand are timed bit and a to after grenades thrown explode that.
384sentences.170,lowPMI,grenades be rifles launchers can or from also fired shoulder.
384sentences.171,lowPMI,gas are middle disperse tear the a into of to grenades thrown mob it.
384sentences.172,lowPMI,horse large mammal muscular a with a four is hoofed long legs.
384sentences.173,lowPMI,horse tail its is gray a and on or a a and has mane neck usually brown.
384sentences.174,lowPMI,horses been draft travel for and have used work entertainment.
384sentences.175,lowPMI,human horse walks gallops a a or can while ride it trots.
384sentences.176,lowPMI,people hospitals healed are injured to when to or go be they sick.
384sentences.177,lowPMI,hospitals staffed physicians nurses by and are professional surgeons.
384sentences.178,lowPMI,patients there diagnosis leaving day some or for the go specialist therapy same.
384sentences.179,lowPMI,operations patients stay weeks for or for some to treatments have several.
384sentences.180,lowPMI,house permanent structure families in a or or a for to is building people live.
384sentences.181,lowPMI,house roof keep rain let in a and out and a to and to has walls cold windows light.
384sentences.182,lowPMI,house rooms sleeping washing a for or can like have purposes cooking.
384sentences.183,lowPMI,most leave work back eat the and to to at and people house come night sleep.
384sentences.184,lowPMI,igloo type made snow an of of a from by is shelter blocks inuit.
384sentences.185,lowPMI,igloos built snow land time in the the where of are places covers most.
384sentences.186,lowPMI,igloos often shape entrance in of with the a an are built dome tunnel.
384sentences.187,lowPMI,air snow space heat igloos in and the pockets insulate body warms.
384sentences.188,lowPMI,knife tool edge used things a with that a a to is sharp is cut.
384sentences.189,lowPMI,modern consist blade made of and of a a knives handle usually metal.
384sentences.190,lowPMI,knives also used instruments as in and have been weapons rituals.
384sentences.191,lowPMI,knife used slashing throwing a to or can by be attack stabbing.
384sentences.192,lowPMI,lentils seeds legume the a the of of are plant family.
384sentences.193,lowPMI,lentils red brown yellow can or be green black.
384sentences.194,lowPMI,lentils commonly indian cuisines in and are used mediterranean.
384sentences.195,lowPMI,lentils cooked are source by a and of are boiling great protein.
384sentences.196,lowPMI,lettuce biennial often temperate leaf a as in a is plant grown climates vegetable.
384sentences.197,lowPMI,lettuce eaten raw other cooked can in or and and be cold salads dishes.
384sentences.198,lowPMI,lettuce considered easy suitable beginners to a and for is fairly grow crop.
384sentences.199,lowPMI,most leaves bitter bred bitterness but to some the lettuce taste are remove.
384sentences.200,lowPMI,library place books media kept a where of a a and is collection documents is.
384sentences.201,lowPMI,librarians libraries experts organizing at at and and work are finding information.
384sentences.202,lowPMI,people public borrow take several can and for to to go libraries books home weeks.
384sentences.203,lowPMI,academic support research specialized and libraries scholarly have books.
384sentences.204,lowPMI,log is house round a from a cabin small built logs.
384sentences.205,lowPMI,log is american life origins a and of cabin symbol frontier humble.
384sentences.206,lowPMI,log were first european as by cabins used shelters settlers.
384sentences.207,lowPMI,log were using notch ends with the at cabins built logs joints.
384sentences.208,lowPMI,man male adult a a is human.
384sentences.209,lowPMI,boy man puberty a after a through becomes passing.
384sentences.210,lowPMI,manhood associated virility with and is masculinity.
384sentences.211,lowPMI,men women weight structure from and in differ height body.
384sentences.212,lowPMI,milk white produced mammals their a to by is liquid female feed young.
384sentences.213,lowPMI,newborn be milk eat food must can before animals fed they solid.
384sentences.214,lowPMI,dairy such butter made as from and products cheese are milk.
384sentences.215,lowPMI,liquid soybeans is called from and produced coconuts sometimes milk.
384sentences.216,lowPMI,mosquitos thin flying emit sound that a are small insects high-pitched.
384sentences.217,lowPMI,mosquitoes mouthparts skin animals for of the and have piercing plants.
384sentences.218,lowPMI,female bite animals their protein and for and mosquitoes people suck blood.
384sentences.219,lowPMI,mosquito spread fever other diseases can and bites yellow malaria parasite.
384sentences.220,lowPMI,mountain landform steeply land a that a above is rises surrounding.
384sentences.221,lowPMI,mountains higher sometimes snow than at and the rise hills have top.
384sentences.222,lowPMI,range forms tectonic collision a to of mountains due plate.
384sentences.223,lowPMI,mountaineers people hike who up or are climb mountains.
384sentences.224,lowPMI,mouth face we food eat the in the when is cavity put we.
384sentences.225,lowPMI,mouth teeth food it the and to with has chew mix saliva.
384sentences.226,lowPMI,mouth also kissing the and for is used talking.
384sentences.227,lowPMI,speech are tongue mouth by the in sounds controlled placement.
384sentences.228,lowPMI,mug sturdy handle hot a with for a a is cup drinking liquids.
384sentences.229,lowPMI,mug normally also made glass a can or but of is ceramic be metal.
384sentences.230,lowPMI,mug thick ring thermal a a and for is has base insulation.
384sentences.231,lowPMI,mugs plain drawings carved can or or on be have imprinted them.
384sentences.232,lowPMI,murder unlawful human intent the another of with is killing being.
384sentences.233,lowPMI,murder crime deprives their a the because of serious it victim existence.
384sentences.234,lowPMI,killing accidentally is considered in in or self-defense war not murder.
384sentences.235,lowPMI,convicted is given sentence penalty a or a the murderer often life death.
384sentences.236,lowPMI,orange is made orange a the from in juice drink liquid pulp.
384sentences.237,lowPMI,orange has acid contains vitamin a a and of juice sweet taste lot c.
384sentences.238,lowPMI,freshly orange often pulp as squeezed juice contains well.
384sentences.239,lowPMI,orange is drunk glass at a from juice often breakfast.
384sentences.240,lowPMI,parrot bird warm regions a that and a in is lives tropical.
384sentences.241,lowPMI,parrots brightly-colored sharp beak and a have feathers curved.
384sentences.242,lowPMI,parrots human they it can if the imitate voice hear repeatedly.
384sentences.243,lowPMI,their abilities them pets and appearance makes popular.
384sentences.244,lowPMI,peach orange-yellow characteristic a with an a is fruit smell.
384sentences.245,lowPMI,skin is covered fine the a in of and peach thin small hairs.
384sentences.246,lowPMI,peaches large stone seed a which inside the have red-brown contains.
384sentences.247,lowPMI,peaches sweet be ripening and must and after are delicate harvested.
384sentences.248,lowPMI,piano popular instrument means the by a a of is musical played keyboard.
384sentences.249,lowPMI,pressing key felt-tipped hit steel a to a a piano causes hammer vibrating string.
384sentences.250,lowPMI,piano enormous range change quality the and the an to has note pedals sound.
384sentences.251,lowPMI,piano is famous give concerts the can and repertoire large pianists solo.
384sentences.252,lowPMI,piranhas small fish south rivers that in are ferocious live american.
384sentences.253,lowPMI,piranhas attack are active and and the in during live schools most day.
384sentences.254,lowPMI,piranhas very teeth opportunistic and have sharp are carnivores.
384sentences.255,lowPMI,piranhas fish lizards carrion and eat insects mammals.
384sentences.256,lowPMI,raspberry fruit forest fields the that or a in is grows clearings.
384sentences.257,lowPMI,single consists small joined a of raspberry many fruits together.
384sentences.258,lowPMI,raspberries eaten cooked jam by with or into are themselves sugar.
384sentences.259,lowPMI,leaves are fresh herbal of or the in raspberry used dried teas.
384sentences.260,lowPMI,raven large bird many a that a in is black thrives climates.
384sentences.261,lowPMI,ravens carrion berries animals on or feed insects small.
384sentences.262,lowPMI,ravens large are problem and of have brains capable solving.
384sentences.263,lowPMI,folklore are ill-omen tricksters in and of ravens birds also.
384sentences.264,lowPMI,refrigerator cooling used preserve a to a and is device contain food.
384sentences.265,lowPMI,refrigerators small freezing some a can at have compartment temperature.
384sentences.266,lowPMI,refrigerator shelves compartments types a and of can for have small different food.
384sentences.267,lowPMI,refrigerator generally people put its a on and is white often magnets surface.
384sentences.268,lowPMI,rifle firearm shoulder barrel grooves a that the a a on and with is rests has twisting.
384sentences.269,lowPMI,grooves bullets rifle they air the around as the the the through make spin axis fly.
384sentences.270,lowPMI,rifles used shooting sometimes in with and are hunting sports scopes.
384sentences.271,lowPMI,assault fire are infantry can and in the rifles bursts standard weapon.
384sentences.272,lowPMI,salmon fish fresh ocean spawn a from the to that to and is migrates water back.
384sentences.273,lowPMI,salmon is red high content taste or and and a flesh orange has protein nice.
384sentences.274,lowPMI,salmon eaten sushi grilling other can or or in by in be raw cooked poaching ways.
384sentences.275,lowPMI,salmon most farmed it be wild the can the though in is common fish also caught.
384sentences.276,lowPMI,saw tool hard abrasive cut materials a that or a a to is uses blade wire hard.
384sentences.277,lowPMI,small points side are teeth the the the along of the sharp cutting saw called.
384sentences.278,lowPMI,saws worked powered motor engine can or an by by or be hand electric gas.
384sentences.279,lowPMI,saws used forestry carpentry in and are extensively construction medicine.
384sentences.280,lowPMI,scientist produces knowledge world a about and the studies new physical.
384sentences.281,lowPMI,scientist hypotheses experiments them a to and creates does test.
384sentences.282,lowPMI,physics biology classic sciences and of chemistry are examples.
384sentences.283,lowPMI,scientists their journals in and publish research conferences.
384sentences.284,lowPMI,scissors two-bladed used a for are instrument cutting.
384sentences.285,lowPMI,blades usually plastic handles the or with are metallic metal.
384sentences.286,lowPMI,depending format cut hair on and or the can size scissors paper fabric.
384sentences.287,lowPMI,shears large used shrubs metal for of or are scissors cutting pieces.
384sentences.288,lowPMI,screwdriver tool tightening something a for into a and is inserting screws.
384sentences.289,lowPMI,screwdrivers be remove they inserted can after to also used screws are.
384sentences.290,lowPMI,screwdriver applies rotating the from the the tip torque handle.
384sentences.291,lowPMI,major screwdrivers phillips the of two and types are flathead.
384sentences.292,lowPMI,shark large cartilage a with a a is fish skeleton.
384sentences.293,lowPMI,sharks streamlined large fin with a have bodies dorsal.
384sentences.294,lowPMI,most predate mammals jaws on with and sharks fish powerful.
384sentences.295,lowPMI,sharks very senses electrical and can have keen detect fields.
384sentences.296,lowPMI,ship large floats water a that on a and is vehicle travels.
384sentences.297,lowPMI,ship powered sails diesel a in by can the or be ocean steam engines.
384sentences.298,lowPMI,ships used ocean cargo to the to in and are fish transport containers.
384sentences.299,lowPMI,cruise are hotels people that between ships floating take cities.
384sentences.300,lowPMI,shoe clothing sole heel a the a and for with an a is foot outsole.
384sentences.301,lowPMI,shoes usually leather rubber of or are made canvas plastic.
384sentences.302,lowPMI,women's often high come styles and and in shoes have heels many colors.
384sentences.303,lowPMI,sneaker shoe athletic a for a and is sports activity.
384sentences.304,lowPMI,soldier member armed fights a of who a the on is national forces land.
384sentences.305,lowPMI,soldier wear usually a the a in must militia uniform camouflage.
384sentences.306,lowPMI,volunteer soldier paid her in a or a for army is his work.
384sentences.307,lowPMI,soldier using such grenades a and as fights weapons rifles.
384sentences.308,lowPMI,spears weapons pole head that a at of and one are consist sharpened end.
384sentences.309,lowPMI,spears most personal advent the the before of were common weapon firearms.
384sentences.310,lowPMI,spears used throwing war for when or in were stabbing fighting.
384sentences.311,lowPMI,native still spear fishing some for the and people use hunting.
384sentences.312,lowPMI,spiders insects make with that eight are legs silk.
384sentences.313,lowPMI,spiders webs use catch with to and build silk them insects.
384sentences.314,lowPMI,spiders venomous paralyse stuck to use fangs their prey.
384sentences.315,lowPMI,spiders as coin big can a as as or a be small as bird.
384sentences.316,lowPMI,swamps low land frequent to are spongy subject inundation.
384sentences.317,lowPMI,swamp covered water vegetation a and with is shallow mud.
384sentences.318,lowPMI,swamps nesting grounds reptiles and and for are breeding birds.
384sentences.319,lowPMI,farmers drain produce arable to often swamps fertile land.
384sentences.320,lowPMI,sweater heavy worn warmth a on for a the is garment torso.
384sentences.321,lowPMI,sweaters often wool is common from but are knitted cotton also.
384sentences.322,lowPMI,sweater front called a down a that the opens is cardigan.
384sentences.323,lowPMI,sweaters cut sleeve as decoration in as and differ collar shape well.
384sentences.324,lowPMI,table piece flat legs a of a a with and is furniture surface.
384sentences.325,lowPMI,are chairs people there a to around for usually table sit.
384sentences.326,lowPMI,people cutlery food eat together and a a on to set plates table meal.
384sentences.327,lowPMI,tables also surfaces write as or to are used work on.
384sentences.328,lowPMI,television appliance displays images a with that an a is screen moving.
384sentences.329,lowPMI,televisions mostly watching films for or are used programs.
384sentences.330,lowPMI,they used videogames game to to when a are play connected console.
384sentences.331,lowPMI,television be received internet can via or or content broadcast cable.
384sentences.332,lowPMI,theft taking property consent the without of is person's their.
384sentences.333,lowPMI,thieves own sell receivers to to or to steal something it.
384sentences.334,lowPMI,theft crime punishable fines a can or and with is be jail.
384sentences.335,lowPMI,industrial is ideas property of and espionage theft intellectual.
384sentences.336,lowPMI,toaster kitchen toasting using elements a for a is appliance bread heating.
384sentences.337,lowPMI,pop-up toast placed eject once the a in and toasters bread slot it done.
384sentences.338,lowPMI,toaster have side temperature a the within on a and ovens door tray control.
384sentences.339,lowPMI,they be toppings cheese bread with or to like allow cooked garlic.
384sentences.340,lowPMI,tomato shiny red savory the and a a with is smooth fruit taste.
384sentences.341,lowPMI,tomato changes green it more a from as and to softens color red gets ripe.
384sentences.342,lowPMI,tomatoes used salads ketchup well can or to as be make soup as sauce.
384sentences.343,lowPMI,are varieties different tastes there with of and many tomato sizes.
384sentences.344,lowPMI,train connected cars stations a of between a a that on is series moves track.
384sentences.345,lowPMI,train pulled powered electricity the a or by by is locomotive diesel.
384sentences.346,lowPMI,freight transports goods long a or of over train containers fuel distances.
384sentences.347,lowPMI,commuter transport suburbs city between inside and a trains people stations.
384sentences.348,lowPMI,train is passengers train a where or a a on off station place get.
384sentences.349,lowPMI,train have machines tickets or for stations counters purchasing.
384sentences.350,lowPMI,are rooms eat there to a and in waiting places station.
384sentences.351,lowPMI,passengers trains platform or a to from next the cargo enter line.
384sentences.352,lowPMI,tropical is formed tropical a over a cyclone storm warm sea.
384sentences.353,lowPMI,cyclones very winds rain can and produce powerful torrential.
384sentences.354,lowPMI,tropical also high coastal can and cyclone cause waves flooding.
384sentences.355,lowPMI,tropical move seriously property a and can cyclone inland damage.
384sentences.356,lowPMI,violin instrument is bow the with that a an four with is strings played.
384sentences.357,lowPMI,violin smallest pitched its the in and is highest instrument family.
384sentences.358,lowPMI,violinist instrument collarbone a between and the the the holds chin.
384sentences.359,lowPMI,different are fingering hand by with while the one notes made neck bowing.
384sentences.360,lowPMI,vultures scavenging feeding carcasses animals on of the are birds mostly dead.
384sentences.361,lowPMI,many have head losing a for without vultures bald feathers heat.
384sentences.362,lowPMI,vultures their wings miles to without for use large soar flapping.
384sentences.363,lowPMI,vultures attack animals wounded but the may or seldom healthy kill sick.
384sentences.364,lowPMI,wall solid defines protects a that an a and is structure sometimes area.
384sentences.365,lowPMI,walls building roof space a and into the the delineate support divide rooms.
384sentences.366,lowPMI,walls usually stone cement well of as or are made brick as drywall.
384sentences.367,lowPMI,retaining provide movement stone a of to or walls barrier earth water.
384sentences.368,lowPMI,water most liquid covering area the 70% on of is common earth its.
384sentences.369,lowPMI,plants people water live and in must to animals drink order.
384sentences.370,lowPMI,water low becomes ice at and a freezes temperature solid.
384sentences.371,lowPMI,rain water clouds are vapor that in which from the is falls sky condensed.
384sentences.372,lowPMI,whale very mammal ocean a that the a in is large lives.
384sentences.373,lowPMI,whales blowholes heads through when on breathe their surfacing.
384sentences.374,lowPMI,blubber serves reservoir the a an as in as and whale energy insulation.
384sentences.375,lowPMI,whales been meat oil for and have hunted whale ambergris.
384sentences.376,lowPMI,window transparent wall light a in to a a is opening let through.
384sentences.377,lowPMI,typical is sheets held frames a of by of in window made glass place.
384sentences.378,lowPMI,open also air through when will a and window let sound.
384sentences.379,lowPMI,windows multiple increase inside some to have panes insulation.
384sentences.380,lowPMI,woman female adult a a is human.
384sentences.381,lowPMI,woman stereotypically caregiver a a as is seen.
384sentences.382,lowPMI,woman pregnant children a and can become bear.
384sentences.383,lowPMI,woman different organs a a than has reproductive man.
