243sentences.0,lowPMI_random,encourages the beekeeping of habitats conservation local.
243sentences.1,lowPMI_random,in that pollen to is plants every beekeeper's conserve produce interest it local.
243sentences.2,lowPMI_random,agriculture cleared as not crops make a that of vegetation for form passive does be native way it to require.
243sentences.3,lowPMI_random,kill the beekeepers discourage pesticides of use could also on honeybees crops they the because.
243sentences.4,lowPMI_random,worth the artisanal go their for extremes is beekeepers craft effort but product to their.
243sentences.5,lowPMI_random,quantity over consistency honey-making emphasizes and and character quality artisanal.
243sentences.6,lowPMI_random,the beekeepers their finest of honeybees to produce become honey micromanagers.
243sentences.7,lowPMI_random,when and scout the know ways extract fields the flows to best they nectar honey select.
243sentences.8,lowPMI_random,hum the as 40000 the air the hive fills beekeeper opens bees of the deep.
243sentences.9,lowPMI_random,supplies beekeeper the stores nursery pollen and checks honey the bee.
243sentences.10,lowPMI_random,they're arms they bare bees hands but crawl his don't sting across and because gentle.
243sentences.11,lowPMI_random,i'm exams about recurring a though even i in longer have college dream no.
243sentences.12,lowPMI_random,to my day i've of the and i final it's gone in my class dream exam never suddenly realize.
243sentences.13,lowPMI_random,of assignments any even i've done reading the never.
243sentences.14,lowPMI_random,other i who nightmare many same know the have people.
243sentences.15,lowPMI_random,night study write morning their the experience the in participants to from dream each had previous down.
243sentences.16,lowPMI_random,any intensity they dream recalled recorded if its each and emotional described and they dreams.
243sentences.17,lowPMI_random,a such a each dream a assigned category participants bad nightmare dream as or flying then to dream a.
243sentences.18,lowPMI_random,our awake we as sleep night while we active are are as when every minds.
243sentences.19,lowPMI_random,we throughout cycles in night dream ninety minutes each the about of.
243sentences.20,lowPMI_random,fill feelings images can and strange our of characters dreams places combinations stories and.
243sentences.21,lowPMI_random,bad i when start to went to playing worse from decided cards things.
243sentences.22,lowPMI_random,close i and already to something it to i had had do gambling was spent $10000 doing.
243sentences.23,lowPMI_random,of friends sick watching savings gamble my away were me my.
243sentences.24,lowPMI_random,have horror a hardest after the money did was part leaving i losing the of not casino.
243sentences.25,lowPMI_random,of by to good gambling data come social and hard on the are legalized economic effects.
243sentences.26,lowPMI_random,likely some indicate casino a having studies gambling problems more that makes nearby.
243sentences.27,lowPMI_random,also with marriage be and problems gambling may personal associated bankruptcies.
243sentences.28,lowPMI_random,past of gambling been the expansion generation there a legalized has over dramatic.
243sentences.29,lowPMI_random,most well states instituted casinos lotteries and as have have many.
243sentences.30,lowPMI_random,has controversial business gambling very but become big.
243sentences.31,lowPMI_random,a wind the in kitchen house hurricane shattering the shook from the the window.
243sentences.32,lowPMI_random,the slammed some surrendered the door grabbed food we ran the in and hurricane kitchen to.
243sentences.33,lowPMI_random,be was from house foundation would ripped afraid our i its.
243sentences.34,lowPMI_random,huddled that house the fell we wind with the later asleep the night shaking on sofa.
243sentences.35,lowPMI_random,houses limbs can hurricanes their off foundations off trees suck of tear and.
243sentences.36,lowPMI_random,floods trigger mudslides dump heavy and that can rains they.
243sentences.37,lowPMI_random,wall land lurches hurricanes ocean can onto a storm that also bring water of surge a.
243sentences.38,lowPMI_random,scientists hurricanes use methods of to look ancient several evidence for.
243sentences.39,lowPMI_random,coastal of lakes the deposited bottoms of windblown storms at strongest beach sand layers the.
243sentences.40,lowPMI_random,trees drenched passing their of each rings in preserve a hurricanes record storm growth by.
243sentences.41,lowPMI_random,different ice the have preferences world exported but american around cream is different countries.
243sentences.42,lowPMI_random,their cream people many delicacies flavored enjoy with local ice.
243sentences.43,lowPMI_random,with and ice places is cream mangos some tropical topped vanilla fresh bananas in.
243sentences.44,lowPMI_random,a ice making child home as remember cream at i.
243sentences.45,lowPMI_random,turning tub poured to cream it a to the mixture then into expose cold we crank the frozen start the.
243sentences.46,lowPMI_random,froze crank more couldn't it hand enough that turn any i eventually the.
243sentences.47,lowPMI_random,freezer i then the the container to half-frozen ice harden into of put cream.
243sentences.48,lowPMI_random,cream mixture a up of cream and milk flavorings to sugar is whipped-in or ice air half.
243sentences.49,lowPMI_random,silky the in is cream and butterfat it smooth and milk makes what.
243sentences.50,lowPMI_random,high-priced cream is premium with butterfat flavorings natural loaded ice and.
243sentences.51,lowPMI_random,hurt lawn chair riding when the i the my makes use mower uncomfortable back.
243sentences.52,lowPMI_random,in machine to levers i of control me two the the use front.
243sentences.53,lowPMI_random,lawn grass each the the precisely blade sever underneath of blades sharp mower.
243sentences.54,lowPMI_random,has is the mowing me a patience taught task it long lawn and.
243sentences.55,lowPMI_random,blades height an a cut lawn even a machine to mower is grass that with revolving.
243sentences.56,lowPMI_random,machine have by be or muscle motor blades may the powered a may the.
243sentences.57,lowPMI_random,for engine a source the mowers small is power gas common most lawn.
243sentences.58,lowPMI_random,create do environment emissions not the lawnmowers they for better electric are because.
243sentences.59,lowPMI_random,they less maintenance also are less run to and need expensive.
243sentences.60,lowPMI_random,electric use as lawn electricity as toaster ordinary much mowers an.
243sentences.61,lowPMI_random,astronauts for long time spacewalks train their a.
243sentences.62,lowPMI_random,conducted much underwater of training is their.
243sentences.63,lowPMI_random,in in 10 will hours to for every the 8 floating they may space spend pool spend hour they.
243sentences.64,lowPMI_random,practice construction repair station outside be of perform able space to on to and work the the astronauts.
243sentences.65,lowPMI_random,and of shuttle as are commanders have always many test pilots flights backgrounds the pilots military.
243sentences.66,lowPMI_random,space can and are as run trained in doctors experiments scientists engineers astronauts other who.
243sentences.67,lowPMI_random,early crews all much now diverse young more but are astronauts men were.
243sentences.68,lowPMI_random,shuttle out exterior floated the to team astronauts the of of together the space.
243sentences.69,lowPMI_random,repair telescope on to they broken the part needed huge tools carried the.
243sentences.70,lowPMI_random,place while into replacement one other astronaut part bolts on the loosened the fitted the the pipe.
243sentences.71,lowPMI_random,artists computers been for art in have time by experimental used long a.
243sentences.72,lowPMI_random,affordable computer that have more the art are computers widespread mainstream entered now and world graphics.
243sentences.73,lowPMI_random,have latest showcase conferences art some computer that science the exhibitions graphics technology.
243sentences.74,lowPMI_random,bridging the devoted have up brand cultures that two conferences are new to sprung.
243sentences.75,lowPMI_random,surgical the graphics doctors with works and computer to procedures visualize conditions specialist medical.
243sentences.76,lowPMI_random,a uses she to animation structures patient's help body within digital doctors understand.
243sentences.77,lowPMI_random,x-rays seeing a structures much is squinting animation than on in internal at the an clearer screen.
243sentences.78,lowPMI_random,powerful education a animation modern is for tool digital.
243sentences.79,lowPMI_random,graphics students of if computer the field actually ask we help must graphics as broadens.
243sentences.80,lowPMI_random,imagery the research be does classroom vivid and in suggest that effective can engaging digital.
243sentences.81,lowPMI_random,he place cliche school reason first came to in was law the the.
243sentences.82,lowPMI_random,wanted the better he change for to things.
243sentences.83,lowPMI_random,director one he at the and law program evening recalled he all-nighter when an school pulled had.
243sentences.84,lowPMI_random,at families petition drafting finally they sunrise several finished for evicted a.
243sentences.85,lowPMI_random,education the cost gone relentlessly of decades legal over the past four up has.
243sentences.86,lowPMI_random,school since 1970s a law four tuition increased factor the by private of.
243sentences.87,lowPMI_random,crash law new to the and market admission could lawyers for school for eventually.
243sentences.88,lowPMI_random,experience school actually have law minimal in faculty often law practicing.
243sentences.89,lowPMI_random,writing review focus professors journals articles on for prestigious law.
243sentences.90,lowPMI_random,feudal with the like property on emphasize theoretical law schools classes often topics england law in.
243sentences.91,lowPMI_random,pharmacists care are in increasingly preventive involved.
243sentences.92,lowPMI_random,they are front-line to often health pharmacies because go people advisers becoming.
243sentences.93,lowPMI_random,often source public a about health pharmacists are of good information.
243sentences.94,lowPMI_random,drug consult doctors interactions because pharmacists about with they and effects know a side lot.
243sentences.95,lowPMI_random,safe dispense pharmacists the drugs to of medications and use offer prescription advice about patients.
243sentences.96,lowPMI_random,health wellness also they vaccines screenings conduct and provide and.
243sentences.97,lowPMI_random,in to and professional two pass licensed must have exams degrees be order pharmacists.
243sentences.98,lowPMI_random,a me profession i chose much pharmacy chose i think as the as pharmacist to be.
243sentences.99,lowPMI_random,as was i the by in a neatly child pharmacies fascinated arranged bottles.
243sentences.100,lowPMI_random,impact but cliche on i know have love i lives that it's my the i patients of.
243sentences.101,lowPMI_random,stressful potentially her his person each situations response has own to or.
243sentences.102,lowPMI_random,working person one find be devastated fulltime unemployment while stressful may by may another.
243sentences.103,lowPMI_random,in being are everyday traffic stuck like stresses there.
243sentences.104,lowPMI_random,such child loss stresses there divorce of or traumatic a also are as.
243sentences.105,lowPMI_random,can adapt people of different stress to some levels.
243sentences.106,lowPMI_random,real toll take with though if health stress on dealt can not a effectively.
243sentences.107,lowPMI_random,your remember will reaction beneficial harmful it's that determines be it or stress to if that.
243sentences.108,lowPMI_random,felt my stressed downsizing worried i incredibly company was when and.
243sentences.109,lowPMI_random,even heart reason dizzy times and for i my no would race at felt.
243sentences.110,lowPMI_random,stress to started yoga my i to manage level taking try then.
243sentences.111,lowPMI_random,with satin man a the jet wore tuxedo stripes black.
243sentences.112,lowPMI_random,rich was with fabric latest in the style made cut it.
243sentences.113,lowPMI_random,clearly perfectly he it the tailored as man had fit it.
243sentences.114,lowPMI_random,it looked something a have picked event for professional stylist a would out formal like.
243sentences.115,lowPMI_random,attire personal grooms tuxedo still statements is wedding preferred in are today's the while making.
243sentences.116,lowPMI_random,for of are the fashion jackets cutting wedding men on edge shorter.
243sentences.117,lowPMI_random,shirts jazzing are grooms satin up ties and tuxedos colorful their also with.
243sentences.118,lowPMI_random,silk tuxedo a a is lapels dinner black with jacket tailless jacket.
243sentences.119,lowPMI_random,tuxedo match trousers be the tie a to jacket should perfect black.
243sentences.120,lowPMI_random,lapels be jacket should and the should the black white always match plain shirt be tie and the.
243sentences.121,lowPMI_random,in adulthood blind went the concert pianist.
243sentences.122,lowPMI_random,eyes her was genetic a by blindness slowly damaged the caused that condition.
243sentences.123,lowPMI_random,a to blind that told she pianist an interviewers was advantage being.
243sentences.124,lowPMI_random,music so more distractions she could had visual on fully no she concentrate her.
243sentences.125,lowPMI_random,as activities the blindness vision the government for defines ordinary insufficient of life.
243sentences.126,lowPMI_random,can resources establishing by the the be blindness of on parameters legally blind focused legal.
243sentences.127,lowPMI_random,but problems may this meet overlook who vision who not those the standard do have.
243sentences.128,lowPMI_random,deficiencies infectious usually countries in disease blindness nutritional children and caused is developing in by.
243sentences.129,lowPMI_random,by causes and be supplements prevented medicine can often these vitamin.
243sentences.130,lowPMI_random,countries more genetic blindness is developed be by to likely in caused problems.
243sentences.131,lowPMI_random,to your no really a how exactly mouth one taste brain gets your knows from.
243sentences.132,lowPMI_random,of bud scientists touches think cell begins when taste the process a food a molecule.
243sentences.133,lowPMI_random,the taste carries taste beneath cell message nerves cell a to the.
243sentences.134,lowPMI_random,one believed tastes bud taste four the once that was of to responded basic each it.
243sentences.135,lowPMI_random,eating the the respond would tip of if is taste tongue you on that bud were only a something sweet.
243sentences.136,lowPMI_random,all can bud sensitive single think tastes of that a be taste scientists now to the basic.
243sentences.137,lowPMI_random,flavors very i sense to isn't foods very taste of so with eat my good strong tend.
243sentences.138,lowPMI_random,bitter cream i it's my hot i lots and sauce no like very coffee with of drink so.
243sentences.139,lowPMI_random,extra well make sweetness i when i can't taste cookies i even so add sugar.
243sentences.140,lowPMI_random,fractures real for problem aging are a hip individuals.
243sentences.141,lowPMI_random,process of patients faced of pain the difficult are the healing break the with and.
243sentences.142,lowPMI_random,adjust the have families independence patient's to loss of to.
243sentences.143,lowPMI_random,involve hospital time fractures and expense in and hip the society for substantial.
243sentences.144,lowPMI_random,snapping through halfway i race like their heard fingers someone the a sound.
243sentences.145,lowPMI_random,foot felt i and crunch that was i broken my a knew instantly.
243sentences.146,lowPMI_random,on every running spikes felt step like.
243sentences.147,lowPMI_random,clearly x-ray afterward office the doctor's at the showed fracture the.
243sentences.148,lowPMI_random,bone types are a fracture of different few there.
243sentences.149,lowPMI_random,but closed bone skin intact is fractures broken in the or simple is the.
243sentences.150,lowPMI_random,skin bone or has open open in wound an produced broken the compound the punctured and fractures.
243sentences.151,lowPMI_random,become piercings can cleaned infected they're not if ear new carefully.
243sentences.152,lowPMI_random,swelling of the or signs infection earlobe tenderness redness around include.
243sentences.153,lowPMI_random,these if clean the symptoms some you area see and apply ointment.
243sentences.154,lowPMI_random,swelling health contact and don't if the away redness your go care provider.
243sentences.155,lowPMI_random,reduce has hospital infections measures to local initiated new a.
243sentences.156,lowPMI_random,that patients from they patients have other washing habits isolated improved hand are infected and ensured.
243sentences.157,lowPMI_random,measures hospital the infection seen began drop new the has rates since.
243sentences.158,lowPMI_random,healing of scrubbing increases a infection soap or risk wound with the which alcohol delays.
243sentences.159,lowPMI_random,in the can band-aids and risk moisture heat infection holding of increase by.
243sentences.160,lowPMI_random,easily infections skin once treated fortunately be diagnosed most they can are.
243sentences.161,lowPMI_random,at end opera modern century of started the sixteenth the.
243sentences.162,lowPMI_random,tragic began it effort an performance rediscover greek imitate as to and.
243sentences.163,lowPMI_random,tales matter their chose early subject opera for antiquity founders from of.
243sentences.164,lowPMI_random,musical of branched into and operas different stories traditions out sources later.
243sentences.165,lowPMI_random,perform which words and music singers an form a art that in play and combines is opera musicians.
243sentences.166,lowPMI_random,theatre spoken incorporates it scenery many such of the acting of and costumes as elements.
243sentences.167,lowPMI_random,typically by orchestra opera are accompanied given in house an an performances and.
243sentences.168,lowPMI_random,the opera the in has worked new to win production role hard singer the.
243sentences.169,lowPMI_random,job is her just singing not about.
243sentences.170,lowPMI_random,stage musical are interpretation all presence and acting critical.
243sentences.171,lowPMI_random,is show of voice but the strong star the her certainly pure.
243sentences.172,lowPMI_random,a mind must many completing painter elements while painting keep in a.
243sentences.173,lowPMI_random,lighting she to of elements solid has strong composition and use like design.
243sentences.174,lowPMI_random,with brush has to skill strokes the execute she.
243sentences.175,lowPMI_random,the soul content glimpse of importantly the the a should painter's reveal of most painting.
243sentences.176,lowPMI_random,painters as artists as ago than were employed skilled creative more long artisans.
243sentences.177,lowPMI_random,scholars royal however members prominent court the social the painters had of and status of.
243sentences.178,lowPMI_random,patrons their they imagery on subject with signed personal decided work established and and its a relationship their.
243sentences.179,lowPMI_random,actual focus the painting itself less painter learned scene i more to and on on a as the.
243sentences.180,lowPMI_random,vision within lens field has not an eye camera a everything artist's of to record is that its.
243sentences.181,lowPMI_random,for found i needed provides useful good painting but a more nature than is information.
243sentences.182,lowPMI_random,impressive the bird owl an is eagle.
243sentences.183,lowPMI_random,like stick has ear horns up that tufts it.
243sentences.184,lowPMI_random,they eyes you and creepy right pierce orange are large could like look through downright its.
243sentences.185,lowPMI_random,this owl at through darkness night the swiftly silently and flying hunts.
243sentences.186,lowPMI_random,species while become thriving owl are some others endangered have.
243sentences.187,lowPMI_random,barred the spread habitat beyond well previous owl has its.
243sentences.188,lowPMI_random,early findings that barred invasion logging owl's have the facilitated may suggest.
243sentences.189,lowPMI_random,landed with talons branch owl it on a and her thick the gripped.
243sentences.190,lowPMI_random,her her an wings to pressed settled half-closing and sides she down eye.
243sentences.191,lowPMI_random,glow her statue been for but of eyes might have she the a.
243sentences.192,lowPMI_random,sea floating polar watch unnerving it's ice stalk to bear across a.
243sentences.193,lowPMI_random,the animal the it's waters even huge you are beneath worse when directly frigid submerged in.
243sentences.194,lowPMI_random,on prey set polar down giant paws pursued the ice its as bear overhead the.
243sentences.195,lowPMI_random,shots as polar the i documentary capturing for months a film of these part crew spent bear.
243sentences.196,lowPMI_random,one polar that animals confusion are people bears attack fear for few or than the will of reasons other.
243sentences.197,lowPMI_random,in out may they food-scarce of environment a because live hunger attack they.
243sentences.198,lowPMI_random,their careful sneak on conserve will people to energy up slowly they.
243sentences.199,lowPMI_random,is part bear's an polar diet the seal of important the.
243sentences.200,lowPMI_random,the on when or seal's ice hunting by wait will that hole basking breathing stalk are a they seals.
243sentences.201,lowPMI_random,the polar freeze crawl place in quietly will looks the when and bear forward seal around.
243sentences.202,lowPMI_random,defense medieval the not for structure a primarily castle was built.
243sentences.203,lowPMI_random,to its dominate was surroundings purpose its.
243sentences.204,lowPMI_random,a within walk castle could day's control lands easily a.
243sentences.205,lowPMI_random,protection livestock could times brought peasants the walls attack of property castle's inside during and for be.
243sentences.206,lowPMI_random,of many spectacular in a provide locations history castles record regions of stormy dramatic the.
243sentences.207,lowPMI_random,quaint they today rocky atop villages overlooking and landscapes stand cliffs beautiful.
243sentences.208,lowPMI_random,intrigue the in were and to home plots past they battles.
243sentences.209,lowPMI_random,train upon hotel cliff built the a leaving on above saw a our we looming station magnificent castle.
243sentences.210,lowPMI_random,the the outside inner an sheltered above thick courtyard river hundreds feet walls of.
243sentences.211,lowPMI_random,slightly scary tower had our an rooms but view incredible.
243sentences.212,lowPMI_random,black me of into pyramid up gestured after fifty side the entranceway climbing a the man feet the small.
243sentences.213,lowPMI_random,the this pyramid's center led chamber into at the.
243sentences.214,lowPMI_random,steep the followed dark him i down passage narrow.
243sentences.215,lowPMI_random,the the inside and chalky air was pyramid smell thick was the.
243sentences.216,lowPMI_random,of the more just the of tomb pride than king nation pyramids the the represented.
243sentences.217,lowPMI_random,the care the craft evident pyramid is took their in builders that.
243sentences.218,lowPMI_random,the stones the the together and gleamed until were precisely pyramid fitted polished structure covering.
243sentences.219,lowPMI_random,pyramids are architects to working of were solve constructed how still the mysteries.
243sentences.220,lowPMI_random,to stone inside were pyramid's the raise blocks think ramps some walls built.
243sentences.221,lowPMI_random,the speculate others zigzagged ramps pyramid the of walls that up exterior.
243sentences.222,lowPMI_random,climbing beginner strength courage rock takes even and.
243sentences.223,lowPMI_random,large try are the on who sport scrambling boulders learning can climbers.
243sentences.224,lowPMI_random,rock can that to safely using with they once they're begin comfortable ropes faces climb vertical.
243sentences.225,lowPMI_random,the climbing to on all rock boys new were of trip the.
243sentences.226,lowPMI_random,many heights afraid were of.
243sentences.227,lowPMI_random,calm them knots check someone having down harnesses else and helped their.
243sentences.228,lowPMI_random,for routes adults set beginners appropriate climbing up the.
243sentences.229,lowPMI_random,free-climbing rock is particular one of climbing style.
243sentences.230,lowPMI_random,a rock the relies skill her on ascend climber and face physical to solely strength.
243sentences.231,lowPMI_random,and the are rope equipment only bolts used.
243sentences.232,lowPMI_random,only climber to they the are falls meant stop she if.
243sentences.233,lowPMI_random,buddies me steep down that trail try hesitantly skied my the to convinced i.
243sentences.234,lowPMI_random,found i turn bad and a i made myself down tumbling.
243sentences.235,lowPMI_random,came of slope at finally part to a a the stop i flat.
243sentences.236,lowPMI_random,the a and snow poles to in my were found be hill skis drift were lodged nowhere my up.
243sentences.237,lowPMI_random,is professional how skiers strength use poles major they of a ski.
243sentences.238,lowPMI_random,skiing improves adds poles proper balance use ski to flair of their and their.
243sentences.239,lowPMI_random,skiing upper regain for it movements minimizes need balance lost the body to while.
243sentences.240,lowPMI_random,quickly ski new stiffer more let boots turn designs and skiers.
243sentences.241,lowPMI_random,the faster but turns tighter legs the on force and increase twisting.
243sentences.242,lowPMI_random,led injuries skier's to more has ligaments the to particularly this in knee.
384sentences.0,lowPMI_random,a an musical keyboards is two accordion with instrument portable.
384sentences.1,lowPMI_random,individual keyboard for notes one is chords for the other used.
384sentences.2,lowPMI_random,with that produce accordions reeds blow sound air through bellows.
384sentences.3,lowPMI_random,opening accordionist closing keyboards bellows while and plays both an the.
384sentences.4,lowPMI_random,a an home that self-contained a apartment is is part of building.
384sentences.5,lowPMI_random,or as apartment as one kitchen a have may rooms and a an more bathroom well.
384sentences.6,lowPMI_random,for people apartments are families others single for some.
384sentences.7,lowPMI_random,a extra facility have garage the building laundry can or a storage space.
384sentences.8,lowPMI_random,a an that can fruit or apple be is green red yellow.
384sentences.9,lowPMI_random,apples skin a have sweet pulp inside seeds crisp thin and.
384sentences.10,lowPMI_random,make used very tart cider to are apples some.
384sentences.11,lowPMI_random,can apples eaten or be in pies raw baked roasted.
384sentences.12,lowPMI_random,of is or burning arson the wildland act a building criminal.
384sentences.13,lowPMI_random,a arson by if a was accident caused determines or investigation fire fire.
384sentences.14,lowPMI_random,collect or cause done can arson insurance to be damage others to.
384sentences.15,lowPMI_random,on severity people crime harmed depends whether of the the were.
384sentences.16,lowPMI_random,wheeled automobile for is passengers a vehicle or car an transporting.
384sentences.17,lowPMI_random,can by electric be or engine a car a powered gasoline.
384sentences.18,lowPMI_random,on driver just roads the steers sit car other passengers the.
384sentences.19,lowPMI_random,size automobiles of doors number of vary and in the type trunk.
384sentences.20,lowPMI_random,the wood axe a and tool used cut is split to.
384sentences.21,lowPMI_random,of axe consists a a attached to handle usually head the.
384sentences.22,lowPMI_random,axe historically made metal stone of then heads were and.
384sentences.23,lowPMI_random,are woodcutters firemen and entering used by axes buildings.
384sentences.24,lowPMI_random,edible soft inside a a a fruit that is bunchs banana grows in long with.
384sentences.25,lowPMI_random,or brown a and banana spots can be small when ripe have red yellow purple.
384sentences.26,lowPMI_random,the are tropical greatest such as ecuador or countries producers india.
384sentences.27,lowPMI_random,like and and are cooked bananas staple often potatoes plantains foods unripe.
384sentences.28,lowPMI_random,in of as bed place piece sleep have a is used or to a furniture sex a.
384sentences.29,lowPMI_random,and mattress of spring plus a made a a bed and is box covers sheets pillows.
384sentences.30,lowPMI_random,with with is airbeds it and mattress filled in waterbeds water the in air is filled.
384sentences.31,lowPMI_random,the another of hammock the is above type a ground fabric suspended bed sling.
384sentences.32,lowPMI_random,black a bee a and is and with flying body a six legs yellow insect.
384sentences.33,lowPMI_random,make collect pollen flowers to spread as nectar honey between they bees.
384sentences.34,lowPMI_random,a bees social together live and in are in hive a located insects colony.
384sentences.35,lowPMI_random,many threatened bees stingers they and can feel have if attack.
384sentences.36,lowPMI_random,frame a is two with vehicle bicycle pedals on a a and wheels.
384sentences.37,lowPMI_random,saddle a is pedalling the by bicycle cyclist on the propelled a of.
384sentences.38,lowPMI_random,rubber the with an tires of wheels inner have tube full air.
384sentences.39,lowPMI_random,use and racing people for recreation bicycles transportation.
384sentences.40,lowPMI_random,a objects iron creates steel blacksmith by or forging.
384sentences.41,lowPMI_random,its a hammers iron hot bends change blacksmith on shape an to and anvil.
384sentences.42,lowPMI_random,and wears with handle blacksmiths a tongs apron the metal thick.
384sentences.43,lowPMI_random,or iron make like blacksmiths weapons objects shoes furniture horse.
384sentences.44,lowPMI_random,kitchen or mix a appliance a blender to is ingredients used puree food.
384sentences.45,lowPMI_random,bottom plastic rotating or blenders with have glass in blade a container a the.
384sentences.46,lowPMI_random,and fruit are to blenders make used shakes smoothies milk.
384sentences.47,lowPMI_random,blenders also cold make to are with crushed ice used drinks alcoholic.
384sentences.48,lowPMI_random,male a is has who a child puberty boy not young undergone.
384sentences.49,lowPMI_random,sex term relative to girls indicate distinctions is used the to.
384sentences.50,lowPMI_random,each with rough to boys traditionally other and like games fight play.
384sentences.51,lowPMI_random,a referred male immaturely as adult is to boy behaving often an.
384sentences.52,lowPMI_random,is broccoli the a family cabbage in plant.
384sentences.53,lowPMI_random,broccoli green flower has and a stalk tough head a thick.
384sentences.54,lowPMI_random,fiber nutrients vitamins high broccoli in other and is.
384sentences.55,lowPMI_random,broccoli or boiled stir-fried raw can eaten be.
384sentences.56,lowPMI_random,a a insect wings is large butterfly four with flying.
384sentences.57,lowPMI_random,wings the butterflies very of and patterned can colorful be.
384sentences.58,lowPMI_random,a transformation the butterfly caterpillar into is of a metamorphosis.
384sentences.59,lowPMI_random,colorful of people collect wings their because butterflies some.
384sentences.60,lowPMI_random,with carpenter a artist an wood manual works who is or laborer.
384sentences.61,lowPMI_random,and other build repair carpenters houses and boats objects furniture.
384sentences.62,lowPMI_random,pliers hammers tools planes saws use and such carpenters as.
384sentences.63,lowPMI_random,a instruments luthier a repairs carpenter that musical is and makes.
384sentences.64,lowPMI_random,with are a four cats small tail animals legs and furry.
384sentences.65,lowPMI_random,to groom like their by fur themselves cats licking.
384sentences.66,lowPMI_random,by can cats or mice often their birds owners fed hunt but are.
384sentences.67,lowPMI_random,are of cats sharp retractable that they so claws the keep.
384sentences.68,lowPMI_random,is to on furniture chair people a piece designed sit of a for.
384sentences.69,lowPMI_random,by consist chairs seat a legs above supported level of raised floor.
384sentences.70,lowPMI_random,also as cushion arm can well have back rests a and chairs as.
384sentences.71,lowPMI_random,seats are chairs places cinemas located like vehicles in or in fixed.
384sentences.72,lowPMI_random,instrument a clarinet a woodwind is musical.
384sentences.73,lowPMI_random,bottom a is tube black long clarinet flare at the a a with.
384sentences.74,lowPMI_random,and pressing player chooses holes keys by notes the.
384sentences.75,lowPMI_random,and classical clarinet used the both is jazz music in.
384sentences.76,lowPMI_random,areas of the a that a atlantic lives the is in cod colder fish.
384sentences.77,lowPMI_random,cooked flesh cod and when and mild-tasting easily is white flakes.
384sentences.78,lowPMI_random,is for dishes and cod cod used for chips elaborate fish fresh salted.
384sentences.79,lowPMI_random,been of vikings traded has time caught salted since the and cod the.
384sentences.80,lowPMI_random,coffee is coffee coffee from plant the the of made beans seeds.
384sentences.81,lowPMI_random,served countries a drink usually is in and hot popular many coffee.
384sentences.82,lowPMI_random,coffee awake contains mild keeps drug called people a that caffeine.
384sentences.83,lowPMI_random,coffee agricultural is world's the legal export seventh-largest.
384sentences.84,lowPMI_random,a falls desert a no natural environment rain is almost where.
384sentences.85,lowPMI_random,dunes with are rocks sand deserts or usually hot filled.
384sentences.86,lowPMI_random,animals some plants to and in deserts have live adapted.
384sentences.87,lowPMI_random,the africa biggest in sahara is northern hot desert the.
384sentences.88,lowPMI_random,for a a at desk computer piece of with is a sometimes working furniture used.
384sentences.89,lowPMI_random,metal of can has flat wood a or surface plastic be and desk a made.
384sentences.90,lowPMI_random,supplies to may papers store desk and have a drawers.
384sentences.91,lowPMI_random,three cubicle a a of sides surrounded on partitions consists desk by.
384sentences.92,lowPMI_random,a door a an or area from barrier to movable entrance exit enclosed is.
384sentences.93,lowPMI_random,locks most control who to through doors gets have to pass them.
384sentences.94,lowPMI_random,after they a opened pushing most unlocked or are are pulling doors handle by.
384sentences.95,lowPMI_random,revolving types other can doors chamber or a of of slide consist.
384sentences.96,lowPMI_random,wear dress a piece sometimes clothing of women is a that.
384sentences.97,lowPMI_random,like a shirt attached a matching dress to is a long skirt.
384sentences.98,lowPMI_random,a dress usually or such as dance wedding at formal worn occasions a a is.
384sentences.99,lowPMI_random,in can it bike hard to a stairs or dress a climb be ride.
384sentences.100,lowPMI_random,the the is under driving effects of act driving alcohol of drunk.
384sentences.101,lowPMI_random,of of world a driving most any vehicle crime the is drunk in.
384sentences.102,lowPMI_random,a almost vehicle-related role all deaths it plays half in of.
384sentences.103,lowPMI_random,caught drunk field tests are breathing drivers and sobriety by.
384sentences.104,lowPMI_random,water the drought a lack is supply of persistent by a of rain caused shortage.
384sentences.105,lowPMI_random,to will growing and die plants stop cause crops drought and.
384sentences.106,lowPMI_random,turn drought eventually areas cause desert and famine will into extreme.
384sentences.107,lowPMI_random,migrate numbers from have bowls to away of people large dust.
384sentences.108,lowPMI_random,day birds eyesight hunt that very have large of are and the during good prey eagles.
384sentences.109,lowPMI_random,sharp have eagles for beaks talons flesh and legs hooked tearing strong.
384sentences.110,lowPMI_random,mammals eagles in species some and live and others small eyries fish eat.
384sentences.111,lowPMI_random,bird and head the bright eagle states of has a is white the bald national the united.
384sentences.112,lowPMI_random,other down the and and shake can buildings structures ground knock earthquakes.
384sentences.113,lowPMI_random,volcanic landslides shaking can activity and trigger also the.
384sentences.114,lowPMI_random,in earth's the caused of release the crust earthquakes are most energy by.
384sentences.115,lowPMI_random,sea an displace the can a earthquake seabed at and cause tsunami.
384sentences.116,lowPMI_random,elephants largest kind are land mammal tons several of the weighing.
384sentences.117,lowPMI_random,grab elephant an can a long or food called things a has trunk which nose.
384sentences.118,lowPMI_random,of trees a objects pair elephant has digging moving tusks into for or the ivory.
384sentences.119,lowPMI_random,the elephant its and the blood body them ears to large cool in its flaps.
384sentences.120,lowPMI_random,the visual the is sensing for organ for eye light cortex and it an coding.
384sentences.121,lowPMI_random,which complex have color detect most can texture animals motion eyes and.
384sentences.122,lowPMI_random,the the it human the part sensitive is center fovea most and eye of of the.
384sentences.123,lowPMI_random,facing many up eyes eye of in directions have compound insects units made.
384sentences.124,lowPMI_random,used animals or land to a farm plants is raise grow for food.
384sentences.125,lowPMI_random,the run to people who are and what farm the farmers decide produce.
384sentences.126,lowPMI_random,for barn and house farms a a silo a usually farmers have.
384sentences.127,lowPMI_random,the and where a farmers many land equipment cooperative is a share farm.
384sentences.128,lowPMI_random,hand usually primates fingers each a and on have four thumb.
384sentences.129,lowPMI_random,for writing are fingers activities grooming used and other grasping.
384sentences.130,lowPMI_random,fingertips the temperature are vibration to and pressure sensitive.
384sentences.131,lowPMI_random,be nail the tip the can protects of grown decorated the finger or and.
384sentences.132,lowPMI_random,water flood an submerges land expanse overflow of a of is an inhabited that.
384sentences.133,lowPMI_random,sea flood rapid caused as melt earthquakes rain as or by be at can heavy well snow.
384sentences.134,lowPMI_random,break a of river channel its will a and in or out flood flow dams levees.
384sentences.135,lowPMI_random,during diseases a people water evacuate and causes flood contaminated the.
384sentences.136,lowPMI_random,is for on inside floor used a horizontal a walking surface a building.
384sentences.137,lowPMI_random,wooden may floors of made floorboards concrete or linoleum be bare tile.
384sentences.138,lowPMI_random,put a dampen carpets on often comfort to for floor people and noise.
384sentences.139,lowPMI_random,in buildings floor wiring it often under pipes electrical and has the.
384sentences.140,lowPMI_random,a foot a body a leg on of end is part the.
384sentences.141,lowPMI_random,people straight use or running when standing their feet walking.
384sentences.142,lowPMI_random,to sports fighting feet people and their both in also kick use.
384sentences.143,lowPMI_random,many rules related have feet cultures for to behavior.
384sentences.144,lowPMI_random,a forest an and density cover trees with a area high of canopy is.
384sentences.145,lowPMI_random,its and of depends in type on rainfall location forest temperature the.
384sentences.146,lowPMI_random,plants as trees ecosystem various well has ground types as and of forest a animals.
384sentences.147,lowPMI_random,forests deforestation disregarding regeneration is down the of cutting.
384sentences.148,lowPMI_random,several and tines a a handle for eating is with fork solid foods tool a.
384sentences.149,lowPMI_random,plastic if are made forks of usually or disposable metal.
384sentences.150,lowPMI_random,to forks hold lift cutting food used are mouth or in place while to food to the.
384sentences.151,lowPMI_random,forks are in for are foods kinds cultures and western there special various used.
384sentences.152,lowPMI_random,a frying is and sloping handle a a pan sides with small pan.
384sentences.153,lowPMI_random,pan to brown is and food a frying fry used sear.
384sentences.154,lowPMI_random,oil cooked is bottom the the covering pan food of on the.
384sentences.155,lowPMI_random,pans of or iron teflon-clad are made frying steel.
384sentences.156,lowPMI_random,reached has is female yet girl human not maturity a who a.
384sentences.157,lowPMI_random,woman at the girl a of puberty that of a body into develops.
384sentences.158,lowPMI_random,like playing often social dolls games with girls and.
384sentences.159,lowPMI_random,sometimes girls hair skirts wear and and grow long dresses.
384sentences.160,lowPMI_random,the a glove a and piece fingers hand clothing covers of is that.
384sentences.161,lowPMI_random,protect are waterproof against cold to wool lined of made gloves or material.
384sentences.162,lowPMI_random,hands rubber used germs chemicals to gloves shield disposable are or latex or from.
384sentences.163,lowPMI_random,four are of a where glove together mitten is the kind covered fingers a.
384sentences.164,lowPMI_random,is to object to hammer impact a tool deliver an used a an.
384sentences.165,lowPMI_random,a most often hammer to drive wood into used is nails.
384sentences.166,lowPMI_random,be claw to head nails can used on the the remove.
384sentences.167,lowPMI_random,in of handle the and length hammers vary the shape head.
384sentences.168,lowPMI_random,explosive is grenade a as a used people hand weapon an against.
384sentences.169,lowPMI_random,hand are to timed and grenades bit after that thrown a explode.
384sentences.170,lowPMI_random,be from can grenades launchers rifles also or shoulder fired.
384sentences.171,lowPMI_random,mob to of are into tear it the disperse grenades middle gas a thrown.
384sentences.172,lowPMI_random,hoofed a is four with a mammal legs horse long large muscular.
384sentences.173,lowPMI_random,a a and tail brown is has horse on its usually gray or a and neck mane.
384sentences.174,lowPMI_random,and used been entertainment work travel have for draft horses.
384sentences.175,lowPMI_random,a human ride trots gallops a or while walks it horse can.
384sentences.176,lowPMI_random,to sick they hospitals be people go when to are healed or injured.
384sentences.177,lowPMI_random,nurses surgeons are by professional staffed hospitals physicians and.
384sentences.178,lowPMI_random,go the day diagnosis patients leaving there for or same specialist some therapy.
384sentences.179,lowPMI_random,or for patients have treatments several some to operations stay for weeks.
384sentences.180,lowPMI_random,or house a families permanent a people is building to in or structure live for.
384sentences.181,lowPMI_random,light and to windows out roof rain a has walls and in house to cold and a keep let.
384sentences.182,lowPMI_random,have a for purposes rooms or house like can sleeping cooking washing.
384sentences.183,lowPMI_random,to come people at house to and the leave and eat night most work sleep back.
384sentences.184,lowPMI_random,of snow from a of an inuit shelter by is made igloo blocks type.
384sentences.185,lowPMI_random,time where land places igloos covers are in of most built snow the the.
384sentences.186,lowPMI_random,entrance igloos often shape the in an are of tunnel a with built dome.
384sentences.187,lowPMI_random,snow air the space insulate warms pockets and in body heat igloos.
384sentences.188,lowPMI_random,with things a is tool knife is to that sharp cut edge used a a.
384sentences.189,lowPMI_random,metal modern consist and handle a knives usually made of of blade a.
384sentences.190,lowPMI_random,also as in been instruments rituals knives have weapons used and.
384sentences.191,lowPMI_random,or knife a used be throwing attack stabbing slashing can to by.
384sentences.192,lowPMI_random,of plant of seeds a the lentils are the family legume.
384sentences.193,lowPMI_random,or brown can be yellow black green red lentils.
384sentences.194,lowPMI_random,mediterranean indian are commonly cuisines and in used lentils.
384sentences.195,lowPMI_random,of a cooked boiling source are and great protein by are lentils.
384sentences.196,lowPMI_random,vegetable often climates plant lettuce in is biennial a as a grown temperate leaf.
384sentences.197,lowPMI_random,cooked and and cold lettuce in can eaten dishes other be raw salads or.
384sentences.198,lowPMI_random,suitable for to fairly and grow crop beginners is considered lettuce a easy.
384sentences.199,lowPMI_random,most lettuce taste remove bred bitterness bitter the some to are but leaves.
384sentences.200,lowPMI_random,of is a documents library kept place where media is a and books a collection.
384sentences.201,lowPMI_random,organizing at at and and work are finding information libraries experts librarians.
384sentences.202,lowPMI_random,people can to for books to weeks home libraries and public borrow take several go.
384sentences.203,lowPMI_random,academic scholarly have books support specialized libraries and research.
384sentences.204,lowPMI_random,logs log a a round house small from cabin is built.
384sentences.205,lowPMI_random,humble frontier is symbol and cabin of life origins a american log.
384sentences.206,lowPMI_random,european used were settlers shelters by cabins as first log.
384sentences.207,lowPMI_random,the notch were using at cabins logs joints ends built with log.
384sentences.208,lowPMI_random,adult a a is man male human.
384sentences.209,lowPMI_random,through after boy becomes puberty passing man a a.
384sentences.210,lowPMI_random,and virility masculinity with manhood is associated.
384sentences.211,lowPMI_random,body women from structure weight and differ in height men.
384sentences.212,lowPMI_random,a feed young by is to white liquid female their produced milk mammals.
384sentences.213,lowPMI_random,solid eat milk be animals newborn food they must before can fed.
384sentences.214,lowPMI_random,cheese products as and from are made milk such butter dairy.
384sentences.215,lowPMI_random,sometimes coconuts from milk is produced called soybeans liquid and.
384sentences.216,lowPMI_random,small emit flying mosquitos that are sound thin insects high-pitched a.
384sentences.217,lowPMI_random,piercing have for the and of plants animals mouthparts skin mosquitoes.
384sentences.218,lowPMI_random,for blood animals people mosquitoes female protein suck bite and their and.
384sentences.219,lowPMI_random,malaria bites other yellow diseases fever and can spread mosquito parasite.
384sentences.220,lowPMI_random,a land mountain a above landform that surrounding is steeply rises.
384sentences.221,lowPMI_random,the at and than rise mountains top have higher sometimes snow hills.
384sentences.222,lowPMI_random,plate mountains of collision to tectonic range forms due a.
384sentences.223,lowPMI_random,up or are people mountains hike climb who mountaineers.
384sentences.224,lowPMI_random,is when eat we mouth in the face put we cavity the food.
384sentences.225,lowPMI_random,chew teeth has mix and the food saliva mouth it to with.
384sentences.226,lowPMI_random,the also kissing talking is and mouth for used.
384sentences.227,lowPMI_random,the controlled are mouth placement in sounds by tongue speech.
384sentences.228,lowPMI_random,cup liquids for sturdy a a drinking handle a hot is mug with.
384sentences.229,lowPMI_random,of metal be normally but a glass can or is also mug made ceramic.
384sentences.230,lowPMI_random,thermal ring is and for mug has base insulation thick a a.
384sentences.231,lowPMI_random,mugs be drawings have or can carved on them plain or imprinted.
384sentences.232,lowPMI_random,intent is murder killing with another of being the unlawful human.
384sentences.233,lowPMI_random,their a murder because crime existence deprives of victim serious it the.
384sentences.234,lowPMI_random,or self-defense accidentally murder in is not war in killing considered.
384sentences.235,lowPMI_random,murderer given death is often convicted sentence the life a a or penalty.
384sentences.236,lowPMI_random,orange the is drink in juice made liquid pulp a from orange.
384sentences.237,lowPMI_random,a of acid a and taste c juice has contains sweet vitamin lot orange.
384sentences.238,lowPMI_random,as contains squeezed orange well pulp often juice freshly.
384sentences.239,lowPMI_random,often orange at glass is a juice from breakfast drunk.
384sentences.240,lowPMI_random,tropical and that a parrot a regions in is lives warm bird.
384sentences.241,lowPMI_random,curved a have brightly-colored beak sharp and feathers parrots.
384sentences.242,lowPMI_random,the they human parrots if can repeatedly imitate voice it hear.
384sentences.243,lowPMI_random,their makes appearance popular abilities pets them and.
384sentences.244,lowPMI_random,a characteristic peach an a orange-yellow is with smell fruit.
384sentences.245,lowPMI_random,is hairs in peach the and small covered a fine of skin thin.
384sentences.246,lowPMI_random,large which red-brown peaches inside have seed a stone the contains.
384sentences.247,lowPMI_random,delicate are and and after be harvested ripening sweet must peaches.
384sentences.248,lowPMI_random,popular of by a musical the piano played is means instrument a keyboard.
384sentences.249,lowPMI_random,hit vibrating a key hammer felt-tipped string a piano to causes steel a pressing.
384sentences.250,lowPMI_random,to piano range the quality and enormous pedals the note has an sound change.
384sentences.251,lowPMI_random,solo give and is piano the concerts pianists repertoire famous can large.
384sentences.252,lowPMI_random,fish are ferocious that american in south rivers small live piranhas.
384sentences.253,lowPMI_random,active the schools attack are and during day live and piranhas most in.
384sentences.254,lowPMI_random,opportunistic and have very carnivores are teeth sharp piranhas.
384sentences.255,lowPMI_random,eat and carrion piranhas insects mammals fish lizards.
384sentences.256,lowPMI_random,or clearings that a raspberry the fields in is grows forest fruit.
384sentences.257,lowPMI_random,consists a many together raspberry joined single fruits small of.
384sentences.258,lowPMI_random,raspberries jam are by sugar themselves or into eaten with cooked.
384sentences.259,lowPMI_random,herbal in used raspberry of leaves teas or the fresh dried are.
384sentences.260,lowPMI_random,bird large that black is in climates raven thrives a a many.
384sentences.261,lowPMI_random,on carrion feed small berries animals insects ravens or.
384sentences.262,lowPMI_random,ravens solving have of capable and problem large brains are.
384sentences.263,lowPMI_random,are in of tricksters ravens also folklore and ill-omen birds.
384sentences.264,lowPMI_random,preserve refrigerator a cooling a food used and contain is device to.
384sentences.265,lowPMI_random,at freezing refrigerators have some a can compartment temperature small.
384sentences.266,lowPMI_random,types refrigerator a shelves have for of and food different can small compartments.
384sentences.267,lowPMI_random,magnets its and generally often people on surface refrigerator is a put white.
384sentences.268,lowPMI_random,with a firearm and has the a that a barrel rests twisting is on rifle shoulder grooves.
384sentences.269,lowPMI_random,the rifle the they as the around through the bullets make air grooves spin fly axis.
384sentences.270,lowPMI_random,rifles scopes are in sometimes hunting and with used sports shooting.
384sentences.271,lowPMI_random,infantry are can in standard rifles bursts the weapon fire and assault.
384sentences.272,lowPMI_random,water spawn back salmon the is to that migrates and a fish ocean to from fresh.
384sentences.273,lowPMI_random,high has flesh salmon a is protein and or and orange nice taste content red.
384sentences.274,lowPMI_random,grilling eaten ways or sushi in or be raw can poaching by cooked other in salmon.
384sentences.275,lowPMI_random,salmon it most be also the fish in though common the wild is farmed caught can.
384sentences.276,lowPMI_random,abrasive a is hard hard saw a materials cut to uses that a or blade wire tool.
384sentences.277,lowPMI_random,the teeth points saw along small sharp called the side the of are the cutting.
384sentences.278,lowPMI_random,by gas saws electric can engine by hand or be worked motor an or powered.
384sentences.279,lowPMI_random,carpentry forestry used medicine construction are and extensively saws in.
384sentences.280,lowPMI_random,knowledge scientist the produces world new about studies and a physical.
384sentences.281,lowPMI_random,hypotheses a does them creates test scientist to experiments and.
384sentences.282,lowPMI_random,of classic chemistry and sciences examples are biology physics.
384sentences.283,lowPMI_random,publish scientists journals their conferences and in research.
384sentences.284,lowPMI_random,scissors for are two-bladed a used cutting instrument.
384sentences.285,lowPMI_random,usually with blades the handles plastic are or metal metallic.
384sentences.286,lowPMI_random,format fabric paper and depending can hair cut size or the on scissors.
384sentences.287,lowPMI_random,shears are scissors pieces metal used of cutting or shrubs for large.
384sentences.288,lowPMI_random,into screws for a screwdriver a something and is inserting tightening tool.
384sentences.289,lowPMI_random,to be also after screws screwdrivers remove inserted can they used are.
384sentences.290,lowPMI_random,rotating the screwdriver applies the the tip from handle torque.
384sentences.291,lowPMI_random,the flathead two phillips are of and major types screwdrivers.
384sentences.292,lowPMI_random,shark a a with is cartilage skeleton large a fish.
384sentences.293,lowPMI_random,dorsal a have streamlined fin large with bodies sharks.
384sentences.294,lowPMI_random,most jaws sharks with mammals fish powerful predate on and.
384sentences.295,lowPMI_random,detect and very fields can have electrical keen sharks senses.
384sentences.296,lowPMI_random,and a is floats that travels vehicle large ship water on a.
384sentences.297,lowPMI_random,diesel a can the in powered or ship ocean engines by steam be sails.
384sentences.298,lowPMI_random,fish transport and to in ships are ocean used to the cargo containers.
384sentences.299,lowPMI_random,ships cruise hotels cities take that between are floating people.
384sentences.300,lowPMI_random,a with shoe a and is sole foot for outsole clothing a heel an the.
384sentences.301,lowPMI_random,or made usually plastic canvas rubber are of leather shoes.
384sentences.302,lowPMI_random,high styles in have heels women's shoes come often many and and colors.
384sentences.303,lowPMI_random,and for is activity sports sneaker athletic a a shoe.
384sentences.304,lowPMI_random,forces fights of a national the land soldier is armed member on who a.
384sentences.305,lowPMI_random,wear soldier uniform militia camouflage must a in the a usually.
384sentences.306,lowPMI_random,in a army or for work a her is his paid soldier volunteer.
384sentences.307,lowPMI_random,and using fights grenades as rifles soldier weapons such a.
384sentences.308,lowPMI_random,sharpened at of that pole a end are weapons and consist one head spears.
384sentences.309,lowPMI_random,most spears personal weapon common of were before the the advent firearms.
384sentences.310,lowPMI_random,stabbing were for or in when fighting war used throwing spears.
384sentences.311,lowPMI_random,some fishing native still hunting use the and people for spear.
384sentences.312,lowPMI_random,make legs are insects silk that eight with spiders.
384sentences.313,lowPMI_random,silk build with and catch them to insects webs use spiders.
384sentences.314,lowPMI_random,stuck paralyse use venomous prey their to fangs spiders.
384sentences.315,lowPMI_random,big can spiders small as as be as as bird a coin a or.
384sentences.316,lowPMI_random,inundation to are spongy land low swamps subject frequent.
384sentences.317,lowPMI_random,swamp a covered water is and vegetation with mud shallow.
384sentences.318,lowPMI_random,are swamps and for nesting and reptiles breeding birds grounds.
384sentences.319,lowPMI_random,arable produce often drain land fertile to swamps farmers.
384sentences.320,lowPMI_random,for on is heavy torso sweater garment the warmth a worn a.
384sentences.321,lowPMI_random,wool are also but sweaters often common from cotton is knitted.
384sentences.322,lowPMI_random,down that opens cardigan the is called front sweater a a.
384sentences.323,lowPMI_random,and cut in as shape sweaters sleeve decoration differ well collar as.
384sentences.324,lowPMI_random,surface table a piece a a and of legs flat is furniture with.
384sentences.325,lowPMI_random,sit are there around to table a people usually chairs for.
384sentences.326,lowPMI_random,together food to and people a set plates a eat cutlery on table meal.
384sentences.327,lowPMI_random,to are or as on surfaces work also used tables write.
384sentences.328,lowPMI_random,moving television a appliance an images a displays that is with screen.
384sentences.329,lowPMI_random,televisions used programs mostly films are for or watching.
384sentences.330,lowPMI_random,when play connected videogames used a console are to to they game.
384sentences.331,lowPMI_random,television internet content be cable broadcast or or can via received.
384sentences.332,lowPMI_random,taking theft person's consent the their is without property of.
384sentences.333,lowPMI_random,to or to own it receivers thieves steal to something sell.
384sentences.334,lowPMI_random,or punishable a and jail is can with fines crime be theft.
384sentences.335,lowPMI_random,intellectual ideas espionage is property and of theft industrial.
384sentences.336,lowPMI_random,heating toasting is kitchen using toaster appliance bread elements a for a.
384sentences.337,lowPMI_random,and toasters in it done a bread slot pop-up placed toast the once eject.
384sentences.338,lowPMI_random,tray and on a side the control ovens have a door temperature within toaster.
384sentences.339,lowPMI_random,to they cooked with be or allow toppings bread like garlic cheese.
384sentences.340,lowPMI_random,shiny a fruit a and the tomato red is with smooth savory taste.
384sentences.341,lowPMI_random,color ripe and as changes tomato softens gets red green more to it a from.
384sentences.342,lowPMI_random,ketchup can salads well sauce soup to or tomatoes make be used as as.
384sentences.343,lowPMI_random,many tomato and varieties sizes tastes there are with of different.
384sentences.344,lowPMI_random,series track a between connected train is on moves cars a that stations a of.
384sentences.345,lowPMI_random,the is locomotive a by train diesel or electricity pulled by powered.
384sentences.346,lowPMI_random,long over of transports freight a distances or train goods fuel containers.
384sentences.347,lowPMI_random,between trains people suburbs a stations inside city transport and commuter.
384sentences.348,lowPMI_random,a train is off get train or place where a passengers on a station.
384sentences.349,lowPMI_random,stations or for machines purchasing have counters train tickets.
384sentences.350,lowPMI_random,to are in and station places eat waiting rooms there a.
384sentences.351,lowPMI_random,from trains cargo next platform passengers a line or to enter the.
384sentences.352,lowPMI_random,a cyclone is sea storm over warm formed tropical a tropical.
384sentences.353,lowPMI_random,can powerful and winds torrential produce very cyclones rain.
384sentences.354,lowPMI_random,also tropical high flooding can coastal cyclone and waves cause.
384sentences.355,lowPMI_random,seriously damage tropical can a move cyclone and property inland.
384sentences.356,lowPMI_random,the violin an with that bow played with four instrument strings is a is.
384sentences.357,lowPMI_random,and is smallest highest its instrument in family the pitched violin.
384sentences.358,lowPMI_random,the violinist and instrument collarbone between chin holds the a the.
384sentences.359,lowPMI_random,are hand bowing the notes one made by neck while fingering different with.
384sentences.360,lowPMI_random,dead the scavenging feeding of are mostly carcasses animals birds on vultures.
384sentences.361,lowPMI_random,head vultures losing without many have heat bald feathers for a.
384sentences.362,lowPMI_random,vultures large wings use soar for flapping without to their miles.
384sentences.363,lowPMI_random,may animals kill but attack wounded sick seldom the healthy vultures or.
384sentences.364,lowPMI_random,structure area sometimes solid a defines protects and a an is wall that.
384sentences.365,lowPMI_random,walls delineate building space divide rooms support into roof the and the a.
384sentences.366,lowPMI_random,usually well drywall brick are as made of or as stone walls cement.
384sentences.367,lowPMI_random,a retaining to movement barrier or walls of provide earth stone water.
384sentences.368,lowPMI_random,liquid area 70% common water earth of covering most its the is on.
384sentences.369,lowPMI_random,plants live animals people order must drink to and in water.
384sentences.370,lowPMI_random,freezes water a and at solid ice low becomes temperature.
384sentences.371,lowPMI_random,sky are from that in clouds vapor is water the falls condensed which rain.
384sentences.372,lowPMI_random,large a is lives that a mammal ocean whale in very the.
384sentences.373,lowPMI_random,whales blowholes heads through surfacing breathe on when their.
384sentences.374,lowPMI_random,whale and energy a serves the blubber an in reservoir as as insulation.
384sentences.375,lowPMI_random,whales ambergris have oil whale for and been hunted meat.
384sentences.376,lowPMI_random,is let through in window to a transparent a light opening a wall.
384sentences.377,lowPMI_random,by a window sheets of made place typical of frames glass in is held.
384sentences.378,lowPMI_random,also open sound let when a through will air and window.
384sentences.379,lowPMI_random,to panes windows increase have some multiple inside insulation.
384sentences.380,lowPMI_random,adult a a is woman female human.
384sentences.381,lowPMI_random,stereotypically woman caregiver as is seen a a.
384sentences.382,lowPMI_random,become woman children and can pregnant a bear.
384sentences.383,lowPMI_random,a organs woman has man than reproductive different a.
