243sentences.0,random,three climb around the the spears vapor.
243sentences.1,random,of shears metallic is in individual machine for fracture a singer can have.
243sentences.2,random,insulation body used i've control a fever shark a side crop humble pliers treated and places beekeeper large characteristic own.
243sentences.3,random,stop stone the act are flood export and genetic cultures edge varieties reptiles used people.
243sentences.4,random,polar almost a a she crime furniture many have the as taste if a of.
243sentences.5,random,the sauce an hammers of log driving to and let.
243sentences.6,random,was musical of the at that most apply ice swamp of.
243sentences.7,random,cabin to meant were the drop glass objects the night the heads for hand same orchestra.
243sentences.8,random,or in a locks of to can a the to four instantly replacement are things.
243sentences.9,random,patients a plant is the regions small evidence eye bone solid.
243sentences.10,random,are stress loss a for india astronauts places window and in animals climates problems slowly.
243sentences.11,random,for has can eat there that is for a infections hard a covered butterfly.
243sentences.12,random,men during is is prominent i sound is moving of of minimal i screen i at potentially has of.
243sentences.13,random,can flood a half-frozen a to a skiing for.
243sentences.14,random,just inserted by mowers objects crime be or floor use.
243sentences.15,random,the brown area surface in its long four the people seal's back for but is were butterflies.
243sentences.16,random,in turn loss rocks sharpened bright a flat to by sharp has acid of others.
243sentences.17,random,that to be foot to desert a of that fly the for huge some ecosystem cod a bottom of.
243sentences.18,random,low how most a the patience the the a of acting jacket a racing foods.
243sentences.19,random,after surrounding car or high a stone to over and broccoli artist.
243sentences.20,random,her ran jet it computer salmon a hundreds sweet caused ramps computer the forces.
243sentences.21,random,the hum glimpse for revolving that mixture emotional tastes such to can like.
243sentences.22,random,small program contains prey the is of become the most make or anvil blubber be reason arranged.
243sentences.23,random,vivid the forms a can from its ground have that appearance.
243sentences.24,random,eyes piercing cleared all each and the a whale by the electric the pharmacies and or are.
243sentences.25,random,trains sick sweaters brick head women and they're they physical the house taking hand televisions woman.
243sentences.26,random,is climbing format indicate and used sneaker basic carried is a is most.
243sentences.27,random,to dream structure long hand farm if use cooking if opera.
243sentences.28,random,ears walking realize are can vultures entrance tenderness personal to by on container.
243sentences.29,random,law they and lentils are a some they taste desk on.
243sentences.30,random,miles in owl's for are social agriculture piranhas.
243sentences.31,random,is who ill-omen tickets climbing by or that primarily less television tines a in.
243sentences.32,random,their and have local vegetation for or insurance a taste were a it gets they great.
243sentences.33,random,as for freeze the as eagles that area bird cabin train.
243sentences.34,random,iron exterior in the melt overlook a enclosed machine depends both four risk if or male.
243sentences.35,random,but pass the scissors assignments hurricanes think me them eventually a expose blowholes.
243sentences.36,random,flows points areas reproductive saw sharp fish ointment nails concerts.
243sentences.37,random,middle cliff are abilities to most up more mixture the will now step for for or.
243sentences.38,random,wildland get pulled with human upper problems is occasions frigid all.
243sentences.39,random,losing earthquakes people it on produce attack very pollen with metal of produce location have.
243sentences.40,random,of an states face of eaten mudslides as usually in swamps picked should train jackets.
243sentences.41,random,record to patterned should the sleeping can to apples torso oil in to between.
243sentences.42,random,fighting and house by if toaster being a while and.
243sentences.43,random,has pride to grows and holes from turn a an are very to me.
243sentences.44,random,videogames a have the your farmers and cutting interpretation a.
243sentences.45,random,a countries such over bowing reaction with i blow big bread has and female a the crime channel vultures for.
243sentences.46,random,character bear astronauts tool savings different a ligaments were bolts level eagles thick.
243sentences.47,random,games spring shirt school many tuxedo a decoration more of differ birds families spend.
243sentences.48,random,a of does off construction go a the a metal legal with bud stripes deficiencies rain used.
243sentences.49,random,healed a signs tropical electrical where and are stalk riding hills air and.
243sentences.50,random,and use for invasion the social the study and have woman.
243sentences.51,random,she and diagnosis station tomato have work intact the a find risk serious a.
243sentences.52,random,a of new can overflow used blades sciences a was the animals are.
243sentences.53,random,is months eject coastal has rain a house the be or on seals.
243sentences.54,random,are a advent formal down a to as learned and stabbing is pass.
243sentences.55,random,felt-tipped and individuals they they murder beginners are long their bullets often the space that lapels.
243sentences.56,random,part luthier them male four made blindness decided of insects and sleeve of good.
243sentences.57,random,they liquid c ice category law work imagery taste fresh know with piece.
243sentences.58,random,a and broadens live human handles training temperate are pressed all-nighter land source.
243sentences.59,random,frequent admission like by tastes above modern wedding is on my.
243sentences.60,random,property sunrise still are medieval quaint from girl in doctor's log.
243sentences.61,random,each with as studies problems a walls that.
243sentences.62,random,showed a canopy up time worn so.
243sentences.63,random,its maturity the that hooked colors city with by increasingly poaching a day's the an a the foods surgical.
243sentences.64,random,vaccines adapted flaps a honey on latest the crops fabric a mostly and kick a electricity checks murderer.
243sentences.65,random,computer less actually farmers a the bred between and food lodged folklore hold building or or.
243sentences.66,random,the fights drugs to has sky cold a off after end a than as hair.
243sentences.67,random,physics wings electrical mountains started to take a hand stop states as pan.
243sentences.68,random,stalk about my my on in articles type they of the referred has by.
243sentences.69,random,art the is felt bone scene cooked select a to and standing means.
243sentences.70,random,satin soldier pharmacists used and can a has with to in the a came or release his.
243sentences.71,random,lentils remove away a one content more to keep or earthquake used for.
243sentences.72,random,where instituted rifles milk saws intellectual wait or are air the and in vehicles local condensed.
243sentences.73,random,patrons storms of at a would into to across go table been response.
243sentences.74,random,ancient was and as subject thin good its would me a bud mud on.
243sentences.75,random,built evident texture blades and passing it blindness butterfat plants or most knowledge they're.
243sentences.76,random,strong can recreation when a or i previous as infections pollen white spongy.
243sentences.77,random,of singing must has connected use sharks i crunch or a in or of effects of protein.
243sentences.78,random,train is the developed treatments catch a playing is.
243sentences.79,random,the cats torrential some vehicle families i shape previous build part tailored displace speculate some.
243sentences.80,random,team content activity ice conserve longer in job is feet or water a clearly ketchup.
243sentences.81,random,on is high in driving of stereotypically be the when dresses fighting can.
243sentences.82,random,need and also metal pedals some forestry has.
243sentences.83,random,of building large a incorporates foot she threatened at blacksmiths sharp lot problem villages very a their.
243sentences.84,random,of took for books steam or try lawn habits done for can.
243sentences.85,random,staple people a of i landform and if cool entertainment the they a the.
243sentences.86,random,teeth crew pockets and the or a war to the then be may.
243sentences.87,random,dance come deliver i is my rifles trees spiders and the the ovens wild.
243sentences.88,random,having only is is female station the after plus watching it.
243sentences.89,random,log screwdrivers that a revolving of black to silk rates.
243sentences.90,random,the climbing or most 8 with for were founders the teeth a afterward and piano insulation.
243sentences.91,random,used good forest keyboard property a the.
243sentences.92,random,sprung she if awake involve turns air a of of knife they.
243sentences.93,random,are a of by various into by swelling juice the across.
243sentences.94,random,insulate darkness out more often patients ambergris the piece for to the doors from four.
243sentences.95,random,energy has by attack is rings fractures stabbing their when makes are first and blacksmith.
243sentences.96,random,who use look friends measures on member the and is.
243sentences.97,random,the with but key they only is a water and are has orange but.
243sentences.98,random,see can or as made were provider large their the they mouth or 70% if thick.
243sentences.99,random,the music softens glove home and the and farmers girls that hunting new.
243sentences.100,random,holding cliche side garment cream mysteries a inner must message loaded weighing a branch shuttle of biology.
243sentences.101,random,of mammals of band-aids determines or ferocious distractions often claws matching pole.
243sentences.102,random,sever each specialist their effective could the may pyramid neck with on to that.
243sentences.103,random,or recalled blindness like farmed or tomato leaving adulthood.
243sentences.104,random,of steel earth for so grilling and timed alcohol have frontier front can.
243sentences.105,random,or jaws walls and neck who forks mammal from.
243sentences.106,random,for is drunk theoretical do and coconuts crisp for thieves piece mower and expansion.
243sentences.107,random,their is everyday sit adult small bees which such play and head farm art for can.
243sentences.108,random,sails followed of and can skirt atop things elephant no that.
243sentences.109,random,as oil dream also colony they two have sea musical woman blades and lighting.
243sentences.110,random,an are go to when to plastic and brought and usually medical.
243sentences.111,random,can't in help hand college led they the the or.
243sentences.112,random,the have legs a plants reading made graphics is tumbling or.
243sentences.113,random,legalized flat experience woodwind with from is major is a exam.
243sentences.114,random,my advisers insulation brush their carrion vegetation blade we often bear's to very afraid the.
243sentences.115,random,live are object is bald very when using for a climates spent are broccoli the.
243sentences.116,random,feed other with on soldier stop biggest is visualize dizzy have is.
243sentences.117,random,my is eyes a with perfect other final it me horse made by.
243sentences.118,random,body already or from some built a drunk kind usually heat hard.
243sentences.119,random,tropical wear instrument head are a up taste cell the let to.
243sentences.120,random,houses banana speech trigger has has were the a in or fangs and more piece many mostly houses.
243sentences.121,random,it performance red vary train heart like.
243sentences.122,random,nutritional for brains field the an vultures vision the long with keep style.
243sentences.123,random,purchasing intent libraries was came a staffed while a will much constructed.
243sentences.124,random,sit the cup a start shelters insects of often building and of which in.
243sentences.125,random,is falls pyramid grenades exams blade about to bicycle they down the musical.
243sentences.126,random,recurring spent migrate could can cell them who outside soap think garlic are platform fingers.
243sentences.127,random,are bit sweater animals a station young engine more information reached they of was and.
243sentences.128,random,the the sports this of contains win drawers area whale it no lizards foundation floor.
243sentences.129,random,covers self-contained our education like metal the spin research castle's the.
243sentences.130,random,can to solid a ear down ways and windblown or are and are.
243sentences.131,random,importantly to and greek to to is professional thriving are pushing fascinated soar and of.
243sentences.132,random,mammal a it drinking the or flying she the area active light shirts crushed chamber.
243sentences.133,random,opportunistic sometimes pedalling body are drink people and the bare death create.
243sentences.134,random,to inside watching wanted the a skin falls believed bunchs or some of legs berries others.
243sentences.135,random,cutting twisting temperature turn mice peach the changes thick mosquito has is from some scientists using their sweaters and cartilage.
243sentences.136,random,health tip sit makes the few dishes emphasize and a other an with needed time a finally.
243sentences.137,random,as large the of and if a violin ask feet is strange for their shakes primates surgeons.
243sentences.138,random,her are fruit or medicine red a cargo few work in are examples a underneath drought to steal.
243sentences.139,random,lettuce sick a make large the the to kitchen fitted balance for fields and each.
243sentences.140,random,molecule craft a the of with courage by smooth.
243sentences.141,random,many convicted to considered vultures safe contains a she types of electricity are an supplies.
243sentences.142,random,traditions the people were habitats sweet slot with of as.
243sentences.143,random,when raised and painter a polar into deforestation conducted part and the have.
243sentences.144,random,ground sheltered part children or weapons rain popular classes on blender shape exit.
243sentences.145,random,on have to juice school imprinted of and often that paws land causes.
243sentences.146,random,the the as inserting home their fuel.
243sentences.147,random,seventh-largest dream before cream the a a is in is is.
243sentences.148,random,downright and half must never led rests pyramid's is.
243sentences.149,random,and much surface have animals injuries can wings or at engine round when have.
243sentences.150,random,is an shrubs structure in nectar it new polar or is or a close collision is portable.
243sentences.151,random,on and pyramid event but first on sometimes is her farm.
243sentences.152,random,the is head yellow level desk streamlined closing black land balance.
243sentences.153,random,or shooting an and or painting you the are on cutting test.
243sentences.154,random,the human people clothing at through cause used man unlocked writing has to.
243sentences.155,random,several your a the and furniture to was it's logs.
243sentences.156,random,$10000 cooked the interest different fairly rapid iron snow locations fishing to base production or falls.
243sentences.157,random,that beak on the surfaces activities bird neatly large people of documentary.
243sentences.158,random,one company school of test take once opening defense bed water closed it's law are.
243sentences.159,random,on and elements made size hive let a vertical performances camera seats in.
243sentences.160,random,producers hard airbeds carefully paid strong for capable to or fit the.
243sentences.161,random,during stations consist physicians and drought the that and devastated.
243sentences.162,random,whales at pan polar lawyers big as and use and pitched a.
243sentences.163,random,joined the past there i saliva drywall is have cruise are structure.
243sentences.164,random,climber pianist of with also raspberry digital mammals sometimes long they your.
243sentences.165,random,ecuador office are taste in the filled is dark evening a make a air as and instrument and.
243sentences.166,random,shorter try passive and bone laundry was world tool of started its flesh lentils carpenter.
243sentences.167,random,and tighter i raspberries out has house as source be tuition consent something.
243sentences.168,random,i sometimes large over on as table cheese the walls supplies types groom to.
243sentences.169,random,a a and blocks squeezed environment a.
243sentences.170,random,it's a the space prevented the often together the.
243sentences.171,random,and child and used and attack garage any cold the undergone eat.
243sentences.172,random,by often tragic patient's impact the composition involved the line up at.
243sentences.173,random,sometimes spacewalks is passage snow execute an the has limbs there also felt.
243sentences.174,random,and the used may into while exhibitions machine a.
243sentences.175,random,grow used and piercings publish hoofed almost shoes and inside entered heavy in many ship.
243sentences.176,random,the shelves each because toaster and evacuate i make modern herbal built usually.
243sentences.177,random,give studies infection wind have stations a hunting a or energy astronauts beautiful but in.
243sentences.178,random,the and forest is thrown submerges between we hammers the decided as some cheese when spend is a.
243sentences.179,random,dump of as are located stressful often structures make could the mouth the in fear but to be.
243sentences.180,random,i are mitten environment compound to were is cuisines chooses construction evicted is other covered it south is.
243sentences.181,random,up alcohol at health to carries special infection it spoken punishable is were sensing but.
243sentences.182,random,pilots who on often in another live.
243sentences.183,random,tomatoes seen the how reason of in stresses or.
243sentences.184,random,wood cement building causes to pyramids structures tuxedo gambling rainfall long are salted may fingers and.
243sentences.185,random,their piece to cyclist tend broken are legs or place caused increases.
243sentences.186,random,stormy a inside strings tail enjoy have tear different lawn.
243sentences.187,random,artisanal and firemen the can its creative the are livestock.
243sentences.188,random,tropical lives partitions of a with a scientists pianists social from diet.
243sentences.189,random,can the is height worn seen for race with running or of shaking.
243sentences.190,random,ice human bread task that the stairs played suddenly single the water to.
243sentences.191,random,and wiring for fingers poles placed gets nightmare plant at trunk frying might.
243sentences.192,random,consistency good or have an infected have or two-bladed and be two.
243sentences.193,random,the ways to move received bears differ school reeds sea for growth exactly smoothies or meal.
243sentences.194,random,in everything usually lettuce table mug can accompanied his a with are shoe is leg.
243sentences.195,random,their a snow juice athletic outside the straight on is of virility to carpets and is quality.
243sentences.196,random,produced dominate delicacies cyclone plates imagery someone than stylist sleep is and and hit the jacket from journals sugar.
243sentences.197,random,murder of meet painting trains rivers provide at in has a are container.
243sentences.198,random,mattress glass noise size in pulp away a four food pyramids poles.
243sentences.199,random,legs consist as beneath to pressing graphics elephant large after red.
243sentences.200,random,mouth is can place are to be traffic of rock can well run to open fields place iron works.
243sentences.201,random,knots wears blindness rains unripe also metal medications orange times produces is books plants and an.
243sentences.202,random,begin classical degrees are since animals to convinced be for window.
243sentences.203,random,animals instrument still even is shortage become.
243sentences.204,random,buddies or opera nail flights boys and work artist's nutrients.
243sentences.205,random,entrance disposable on to becomes in fractures awake should a door types a plain a other brown.
243sentences.206,random,deprives talons person of suck the inside remove have men soft cyclone control styles mild-tasting.
243sentences.207,random,major tsunami and and gentle and is chamber cookies people a wore.
243sentences.208,random,and permanent the also good his for not heavy the fines.
243sentences.209,random,the its must sharp to working working worried huge bellows edge are effectively injured something if a care.
243sentences.210,random,tie than libraries can are the in horses mosquitoes even spread art antiquity for.
243sentences.211,random,through ends to movable ship seat love common the fire.
243sentences.212,random,be to with to spiders law refrigerator emphasizes opened contains had latex of a with a wall fruits basking.
243sentences.213,random,froze opens as causes painter bow eat man of.
243sentences.214,random,is and rotating flower clearings i that famine large.
243sentences.215,random,40000 is most blood also facilitated a into a skin wound on.
243sentences.216,random,string on people to tunnel to is a place drive arson track on though a.
243sentences.217,random,the reveal a rough arm weapon once has gambling put not we.
243sentences.218,random,my determines a eyesight milk in therapy break may they fifty in conservation broccoli a.
243sentences.219,random,drug inside typical can over scopes also was finger whether the each trots.
243sentences.220,random,with bees the light matter is lettuce to health our will drain a.
243sentences.221,random,often now check of to different the handle controlled northern go to.
243sentences.222,random,grenades and a leave of the sugar sentence.
243sentences.223,random,repertoire fresh has but down the into improved a beans water is.
243sentences.224,random,cushion activity black that the by dream mouth sizes those white the can telescope of take.
243sentences.225,random,pollen their stone elements was it public high persistent used crawl a.
243sentences.226,random,they conditions that faculty have.
243sentences.227,random,is the they body a and bite transformation on well and is.
243sentences.228,random,inner a long shattering suburbs for single called not.
243sentences.229,random,industrial fish paper fish built interviewers soybeans coffee.
243sentences.230,random,insect earlobe mammals pharmacy the because patients pilots plant theft of were the it and.
243sentences.231,random,it young part new or a harvested at.
243sentences.232,random,flavorings have can the the skier's the any adult for and.
243sentences.233,random,can their with pharmacists small plastic movement a on as traditionally natural black in.
243sentences.234,random,nails spear and graphics damaged forest to her deserts type to.
243sentences.235,random,and coffee to on dishes for axe or care lawn flesh in several.
243sentences.236,random,design ice shoulder of a in craft drenched as education eyes eat protein people as has also role thrives.
243sentences.237,random,bring overhead using colorful a then rooms been wall of webs fish.
243sentences.238,random,mug butterfat food pharmacists flood swamps is usually them lettuce grooves in finding to.
243sentences.239,random,retractable juice ago broken have hour plant alcoholic the cubicle seeds that the and.
243sentences.240,random,in apples cod most use clouds a beach containers their legs.
243sentences.241,random,other a to shuttle also used castle a adds and doors on.
243sentences.242,random,academic forks number the a the yoga product other told eat of precisely.
384sentences.0,random,the have used fresh unemployment that play hurricane atlantic are.
384sentences.1,random,must best walls solo becomes like and cities well as my.
384sentences.2,random,set heating to infection the are of the early spread.
384sentences.3,random,considered of a the by on what its tricksters words the.
384sentences.4,random,reservoir iron the powerful new hand initiated militia painter's that food equipment.
384sentences.5,random,rooms beekeeper to i that with milk place eat by i powered we plays are harden.
384sentences.6,random,the within enough door rituals and throughout not bodies.
384sentences.7,random,earthquakes cars damage has a doors always colorful chair logs trip army building.
384sentences.8,random,but interactions rain and taste ski motor and sport to body are.
384sentences.9,random,become to who painters resources in land while cod described or.
384sentences.10,random,birds plants furniture its the drug boots its wear.
384sentences.11,random,i'm there of no computer diseases musical whales of simple.
384sentences.12,random,any be coastal prey of in fabric an biennial bed a.
384sentences.13,random,drink much than produce to smallest barred and notes topped edible the live.
384sentences.14,random,a ski he who today's she castle in a for home magnets.
384sentences.15,random,a salads the to symbol with the not is jazzing and.
384sentences.16,random,a caffeine white social two grooms toll the fish notes seriously.
384sentences.17,random,be is by the with climbers the birds is height of.
384sentences.18,random,goods the the train tongs long mane each gestured one concentrate.
384sentences.19,random,be various axis gone sixteenth by of we have bear indian and.
384sentences.20,random,as with kill put climb into pans horns commanders of are.
384sentences.21,random,the private on gripped or powered storm chips extensively or for.
384sentences.22,random,or of another moves steep public dream have can engine.
384sentences.23,random,dealt write papers not scientists couldn't and organs being.
384sentences.24,random,birds an on used even provide any a a is units are soldier on be.
384sentences.25,random,a are water one in petition roads is becoming painting actually knew or the when.
384sentences.26,random,igloos shallow washing stories a snow fertile solving our animal their.
384sentences.27,random,went their people i crawl white the chairs prestigious a produced the.
384sentences.28,random,preferences front assigned pulp when to would up i is is and will to called some schools.
384sentences.29,random,of of skin is careful the more tectonic throwing as watch igloo is insects is scissors.
384sentences.30,random,chose from origins can use and to a have perform extra handle instruments healing and in.
384sentences.31,random,at the and surface pan often are animals salted hurricane plants sports a easy.
384sentences.32,random,dust an on the preventive to house appropriate in play who equipment have or exams.
384sentences.33,random,more dream at and regeneration around to hot elephants work the classic.
384sentences.34,random,in generation as for ice and to property the floating of in be a.
384sentences.35,random,by wounded fish licking an defines the that boy meat planes.
384sentences.36,random,bends water land coffee and windows toasting world we jacket since both to.
384sentences.37,random,her accordion research solid with be parrot located her contact of takes attack.
384sentences.38,random,can school cream raw a i and understand a inundation a the.
384sentences.39,random,severity cyclones and mouthparts a deaths metal are.
384sentences.40,random,for four they many on they the ripped and.
384sentences.41,random,casino or bathroom been to past seeing they touches house and milk food change.
384sentences.42,random,at my hammers toasters is steers raw uncomfortable puberty television used.
384sentences.43,random,grooming squinting relative potatoes pharmacies like repairs is could is.
384sentences.44,random,be to genetic as a race for people because night for with were.
384sentences.45,random,levers food-scarce calm space conferences really from no these together painters barrier very it.
384sentences.46,random,fire floors can brightly-colored eat a of they another symptoms.
384sentences.47,random,but can water can talons the however are beneficial one mix hunting.
384sentences.48,random,a in distances maintenance a their scout gleamed vegetable a of tests.
384sentences.49,random,their more small a with be adapt drunk sturdy a tongue.
384sentences.50,random,bitter criminal regain glow is grabbed a hesitantly they and an cream.
384sentences.51,random,may even higher often they're that society handle flood moving me expensive.
384sentences.52,random,likely most by part remember fish bees is.
384sentences.53,random,ice by and the are a comfort into flathead axe through.
384sentences.54,random,the elements use can it to is water of.
384sentences.55,random,personal fovea this with high-pitched tomb tool stingers.
384sentences.56,random,a solve and i that climber power a the or.
384sentences.57,random,a soldier a snow fish live from as people is.
384sentences.58,random,sea axes much rise low their wheels force tart the.
384sentences.59,random,with a a the a the subject to and.
384sentences.60,random,leather has if desert a require of raspberry is with and a.
384sentences.61,random,are be that wind others a are there mouth of.
384sentences.62,random,shirt the sound use match were the very space wood.
384sentences.63,random,by infantry top work up is people encourages head with metal.
384sentences.64,random,methods murder at are foods that for and have the through.
384sentences.65,random,tons hard of that liquids of factor rubber common.
384sentences.66,random,on a hardest a when with the eagle concert kissing mouth increased the.
384sentences.67,random,malaria kitchen working and keep art with used motion until tool.
384sentences.68,random,open via one theatre horse strongest is is or in drift spawn of.
384sentences.69,random,attached hand they land are a bike of the to cutting certainly.
384sentences.70,random,cut more the behavior and is extra washing lined mild covering to a.
384sentences.71,random,parrots marriage called by handle not been professional shake families a and.
384sentences.72,random,screwdriver dress be view by soul is.
384sentences.73,random,only for screenings yellow animals a around finest wall use blind expense large.
384sentences.74,random,recorded families fruit and eye tropical and they onto.
384sentences.75,random,high cut strength had military cavity a the controversial about.
384sentences.76,random,a slope family that bolts inhabited health ice the right is the small condition.
384sentences.77,random,will suggest go quickly gas deep be skis personal commonly is.
384sentences.78,random,and made bald be or the them horror be is new use and.
384sentences.79,random,cut automobiles and ripe land rifle a a or and girls the an.
384sentences.80,random,control part smooth sound chalky tuxedos pharmacist is we well scholars blade.
384sentences.81,random,and found species nightmare way twisting is instrument the in will a.
384sentences.82,random,the at a england detect store thick makes sides the collect.
384sentences.83,random,of the increase of makes thin the which.
384sentences.84,random,hypotheses log at wood grow solid screen is not claw a.
384sentences.85,random,freezes the of small is enter food can lots saws.
384sentences.86,random,apartment crops made so grass heavy money black and themselves.
384sentences.87,random,in during to food knee jacket their are real themselves.
384sentences.88,random,rock with pan a like and of what that is and milk engines consists fingers.
384sentences.89,random,blenders infection apartments the a and and into fish rubber be to between several or.
384sentences.90,random,that torque the the small usually scissors on and engaging.
384sentences.91,random,damage arson dress one eyries structure later gets a a flakes blood.
384sentences.92,random,with flavored into waves swelling to floats asleep a legs voice lakes works have.
384sentences.93,random,and had of grab pipe handle in adults a many caused business.
384sentences.94,random,saddle as or and the you stresses in and grown isn't owl the consist.
384sentences.95,random,different eventually is as and the broken the life and and they.
384sentences.96,random,bottom brown can making professors growing sharp like used whipped-in establishing.
384sentences.97,random,of grooms sheets to vanilla liquid the the can to with in.
384sentences.98,random,to he and while time american down its have mower mob not walks know of.
384sentences.99,random,drunk hunt roof blindness feet the eyes pianist and accordionist much does seldom in.
384sentences.100,random,10 offer locomotive and bear hike a fights tires form to front-line.
384sentences.101,random,laborer red a polar owl or a as two a other drink gambling.
384sentences.102,random,also hear has bottoms cut keen coffee one are in slashing.
384sentences.103,random,or my taste surface skin infected rain wedding but a.
384sentences.104,random,many and when usually vitamin while worth environment fell had stress raise pyramid logging hunt.
384sentences.105,random,solely preserve through displays tool axe with it an it for.
384sentences.106,random,day national acting plastic don't need they lives saw astronaut the.
384sentences.107,random,the be insufficient breathing particular the jam of sushi in place.
384sentences.108,random,or a a sand practice and ingredients habitat nose thrown muscle phillips but as perform green.
384sentences.109,random,are rooms measures people stick and stage passengers apple early so in.
384sentences.110,random,played feudal and the large dress side hive the employed opera were house.
384sentences.111,random,peaches boiling the and is ties of of an forward most spiders owners knives the things a.
384sentences.112,random,can caught like the on a large to prey is responded their.
384sentences.113,random,as produce astronauts stores capturing is a two the.
384sentences.114,random,in to it most knives divorce safely costumes bitterness patients music life images.
384sentences.115,random,snow be a boy house routes fruit has castle arable to people.
384sentences.116,random,that ripening several began is long who the savory a a.
384sentences.117,random,common of a a contain grenades gambling been trees salmon day a green used as.
384sentences.118,random,run the owl night a are was in clothing frying stuck a support in come.
384sentences.119,random,mountains for cause and hospital generally fed a lotteries share cooked for many skiers purpose.
384sentences.120,random,large at from findings famous at into beekeepers contaminated develops law a of the mower.
384sentences.121,random,for have the lens piranhas match librarians participants and were cream with.
384sentences.122,random,food remember digital put books at made playing caused accident that man through eating foot effort.
384sentences.123,random,people cliffs multiple for the of of can and have an the like.
384sentences.124,random,of by that a to heel child keyboards scientists on likely wings do.
384sentences.125,random,and of bellows can sources is her effort is filled finally into must.
384sentences.126,random,be floorboards now stories many improves temperature can an with used freshly.
384sentences.127,random,same than trousers is there some wings as canvas is most or opera.
384sentences.128,random,healthy buildings silently repair and cotton can blacksmiths a ring as.
384sentences.129,random,shoulder place together toaster spikes write feelings journals a is.
384sentences.130,random,or are to a control to of are fulltime.
384sentences.131,random,up common think others of against had and to and show the of reduce.
384sentences.132,random,ensured the gambling ceramic is yellow wire more transport given levees and programs of.
384sentences.133,random,clearer or explosive participants effects of sides species was weapon nice taste and a poles and try.
384sentences.134,random,propelled and are divide in consists to a designed tropical be mainstream about down the normally.
384sentences.135,random,a collar just cleaned with castles and to of lot for.
384sentences.136,random,a that of flowers well refrigerator and stone not the desert horse creates.
384sentences.137,random,makes up eat used walls their through to together places organ by.
384sentences.138,random,an others tools creates a the tray also have jazz for a also.
384sentences.139,random,hands screws depends process sex are the for a agricultural the waterbeds.
384sentences.140,random,spectacular in investigation from people hammer taught fully that appliance clarinet called.
384sentences.141,random,beekeeper's an trunk cut of cider century easily a colder.
384sentences.142,random,infectious american pesticides live at and being and is child screwdriver ordinary.
384sentences.143,random,orange of insects the inside cinemas strokes schools but.
384sentences.144,random,a made we vehicle beekeepers add beginners practicing will made abrasive useful the and.
384sentences.145,random,an it or area temperature and an flow a made and along.
384sentences.146,random,firearm have half rifles and rich chair to very drafting skiing end sensitive part rock.
384sentences.147,random,to animation lawnmowers a drought also it's weapon that.
384sentences.148,random,go is less the breeding silo spears disease owl a furniture birds bridging the tearing.
384sentences.149,random,in and day i violin experiments buildings sting side by.
384sentences.150,random,from kitchen we and the as start flare basic dreams such people as down often a a.
384sentences.151,random,in no facing but thumb sound pop-up consist against land is to affordable insects.
384sentences.152,random,the fiber can elaborate worse to some beekeepers may artists air to in.
384sentences.153,random,for of represented may by an act different look victim lapels.
384sentences.154,random,directions the tusks my a mattress water a widespread the a it.
384sentences.155,random,fortunately easily a cyclone vehicle-related a fitted dispense polar.
384sentences.156,random,shape most have in these wedding about are one can she professional.
384sentences.157,random,joints cold feathers do stand they relies stone existence purple eaten stiffer a.
384sentences.158,random,in elements and together musical focus her in manual.
384sentences.159,random,of supply small of vary make the four covering done.
384sentences.160,random,down doors are when hole just are x-rays its honey in because as.
384sentences.161,random,most furry scary pool courtyard hurricanes also as used fills the thermal plants.
384sentences.162,random,where passengers grown a are every to established the a bananas the a rotating.
384sentences.163,random,while fashion ear cut scientist ships doctors is cabbage a out are above to.
384sentences.164,random,food skiers and went and furniture frying the animals to knows boys inland.
384sentences.165,random,ravens caused for a tools ripe storage used be has motor.
384sentences.166,random,barrier a tube tube waterproof i of earth are family cell.
384sentences.167,random,change handle and is and bad a broccoli experience the of.
384sentences.168,random,knock female under window caught western made piano bird seed of free-climbing.
384sentences.169,random,that bicycle types information heads landed every caused during and plain transports.
384sentences.170,random,cultures they the popular cold past flying electric have a.
384sentences.171,random,leaf is of the all such and and produce the to high-priced an beaks.
384sentences.172,random,is polished steeply wooden will are receivers used bottles slowly sides bad.
384sentences.173,random,is the hurricanes kill is that small for can a girls with instrument note repeatedly field to.
384sentences.174,random,on of the with sauce a the of of deserts.
384sentences.175,random,reasons or notes combines to shoes with spread a and without delineate.
384sentences.176,random,a powered i are be the disposable the orange the the i plays.
384sentences.177,random,opening by redness buildings to floated adult metal the.
384sentences.178,random,for of have was protects seal in different seal other have cooked a.
384sentences.179,random,usually and killing roof and shape of climbing highest were hammer instruments.
384sentences.180,random,they temperature from sex cats gone suspended inside sick backgrounds senses salmon a court early.
384sentences.181,random,vitamin doctors hot associated the climb usually of conferences eagle in its a music preferred in a cable in.
384sentences.182,random,the or pulled a a bud both apples information woman countries under.
384sentences.183,random,the mosquitoes tear of in the done is writing and flavorings may many caterpillar handle tile.
384sentences.184,random,small experimental harmed emit in sole the some every the better diesel my and.
384sentences.185,random,with the and fields some her attack space it about hand rubber no perfectly.
384sentences.186,random,is borrow is of the for feeding they repair drawings overlooking pursued linoleum have.
384sentences.187,random,of don't down a losing espionage of the time used nerves a.
384sentences.188,random,tie and many are if when through mind feet ascend eaten with keyboard built most.
384sentences.189,random,that to in faced sea learning scientists pillows river difficult each nature them.
384sentences.190,random,specialized swiftly on a thick powered eye consult a of sleep.
384sentences.191,random,is loosened deposited had small it hotels brain ocean blenders gas spears.
384sentences.192,random,products other caught metamorphosis attached grenade can to from and fry.
384sentences.193,random,ropes game food never that venomous crank have used.
384sentences.194,random,to and can of to rocky an delicate such.
384sentences.195,random,the wood internal person in as many female a holds hospitals large.
384sentences.196,random,the make process we walk of lurches have rises with feathers legally the to.
384sentences.197,random,of other desk some trigger shiny of in is have an and an on.
384sentences.198,random,made property helped to settlers station when could is scholarly long that device.
384sentences.199,random,of be a and to subject tales snapping bursts the for insect a.
384sentences.200,random,i to cover hands health she eagles with used leaving numbers electric animals voice desk.
384sentences.201,random,called like concrete and die i preserve of or the black or.
384sentences.202,random,the the a focused for increase their peaches i home source weapons ride gambling the.
384sentences.203,random,expanse natural be patient's like battles know counters crust.
384sentences.204,random,scrubbing leaves used looming isolated be facility national or orange king.
384sentences.205,random,fresh violinist pure and children in that was of breathe these mountains.
384sentences.206,random,one around after usually and person's a characters usually professional.
384sentences.207,random,many puberty food and of on walking from up house the chairs.
384sentences.208,random,decades by formed is carcasses plate baked.
384sentences.209,random,doctors green european with for night silky levels storm.
384sentences.210,random,in air as body used a a.
384sentences.211,random,skill of bees a passing trained her modern star procedures.
384sentences.212,random,conserve of into tub lawn doing and up of rain their gloves casinos.
384sentences.213,random,minutes produced does and the black cause in that clarinet of by.
384sentences.214,random,people i one or butterfly a of pyramid's a its burning.
384sentences.215,random,i to historically are that a is can be accidentally.
384sentences.216,random,chairs by work in set broadcast in most of young in.
384sentences.217,random,are in attack be honeybees are ideas keeps from looks red-brown.
384sentences.218,random,warm stress like lawn the that incredible blade eating with clothing have.
384sentences.219,random,to six is seeds and a before gray each ice has.
384sentences.220,random,transporting as a quality on role instrument dream for or of.
384sentences.221,random,face electric their tongue sports standard hospital actual butter place frame with.
384sentences.222,random,american gas to elephant fur bicycles of and fractures sheets.
384sentences.223,random,orange-yellow sweet looked or glass then bad tower cooked.
384sentences.224,random,are a farmers ravens hammer nowhere of launchers that be our physical since.
384sentences.225,random,healing silk shaking a peach to history horse review diverse land finished.
384sentences.226,random,of in teas members volcanic for smell on adjust.
384sentences.227,random,with they be in for black of whale fish wheels.
384sentences.228,random,statue scenery back material complex animals recalled mosquitos connected and floating he collect.
384sentences.229,random,covered produce and zigzagged how sweater flair river pressure cooked have also feel been.
384sentences.230,random,needed will saws use but my and common can computers wear poured.
384sentences.231,random,an if or aging cut a they vision in morning legume powerful.
384sentences.232,random,pain plastic so sear my patients pulling of a white provide.
384sentences.233,random,range objects fed paralyse above also teeth carnivores stress a that the.
384sentences.234,random,clean an masculinity most accordions film to rope in their supplements.
384sentences.235,random,two confusion a their away when dreams when support kept legal and a.
384sentences.236,random,people are of the bear hot on also furniture your become cold.
384sentences.237,random,extremes tropical also largest have uniform i law formal and the proper other swamps.
384sentences.238,random,it solid trees stressed something to style is because.
384sentences.239,random,are are cliche sometimes property would blacksmith well the it.
384sentences.240,random,are out kitchen covers become materials eye an notch bees is are.
384sentences.241,random,due above cats a a and the a feet.
384sentences.242,random,the tailless honey-making set are and a ivory feed the dream.
384sentences.243,random,as the a containers other parasite water lack.
384sentences.244,random,is i piranhas is for made who a vision a.
384sentences.245,random,the single for often respond manhood piano relentlessly a appliance carrion ravens used.
384sentences.246,random,clearly banana the the woodcutters surrendered times also pets real on.
384sentences.247,random,research covers can the of the the skirts carpentry it care.
384sentences.248,random,nurses traumatic there the or suitable or conferences served with different once is.
384sentences.249,random,an and from advice mowers a advantage is for tip sharp taking the from.
384sentences.250,random,to animation and well weapons something parrots with a a diesel in car that.
384sentences.251,random,a a collect well able slammed explode yellow are as skin libraries.
384sentences.252,random,piano shoes and by own of are food the cream dramatic.
384sentences.253,random,used combinations often transportation hunts is a kitchen and the in dinner is.
384sentences.254,random,car and for i've slide imitate most several held.
384sentences.255,random,a the cooked cooling native dead used me.
384sentences.256,random,digging by a though for their put to the fingering cards cream.
384sentences.257,random,be running taste dairy walls in of glove door doctors.
384sentences.258,random,detect hospital distinctions on cabins upon with are dams red is.
384sentences.259,random,the regions huddled faces intrigue mammals i kind i typically fixed make.
384sentences.260,random,remove live particularly large and it protects diseases still a was comfortable.
384sentences.261,random,legal a heights killing built artists many of heard.
384sentences.262,random,fire not and allow inside heels to wool dramatic of.
384sentences.263,random,inside tail to to made for of placement to the.
384sentences.264,random,mix is problems are chin weeks the strong and imitate apron into.
384sentences.265,random,a animation that and mediterranean a a color the are.
384sentences.266,random,is woman a bee fractures ninety be many stir-fried caregiver sharks with warm.
384sentences.267,random,also pedals the are man train status insects is eaten travel its an.
384sentences.268,random,usually half-closing a is the by parameters are and the to of tropical crews light is of.
384sentences.269,random,other honeybees a people chew to sobriety to a prescription worked bankruptcies hot earth's pulp retaining.
384sentences.270,random,is powerful the vehicle at human stations the live strength chairs.
384sentences.271,random,are then eventually bites fight usually are the the technology brown for.
384sentences.272,random,volunteer in in coding around down while bee a of different a igloos eye places be.
384sentences.273,random,to applies shelter and vibration theft hard branched grenades migrates muscular and when rules black.
384sentences.274,random,grounds collarbone a an sweet it's and made the man are as carpenters freight are sharp.
384sentences.275,random,of freezer four profession think and the back small new a developing on is their quietly.
384sentences.276,random,family in forks and to pregnant classroom underwater spots it are effects to while a and downsizing.
384sentences.277,random,by fracture taste musical seeds government fired by of forest sleep hot fingertips thin computer.
384sentences.278,random,many a women's law energy inuit can assault and felt casino driver and the raw.
384sentences.279,random,local itself split creepy to is well cabins be while.
384sentences.280,random,in statements documents puree full have order to apartment were and.
384sentences.281,random,peasants flesh be grooves on this the cod students is.
384sentences.282,random,coffee to can people in liquid worked on by.
384sentences.283,random,mammal micromanagers for be has premium seabed raw.
384sentences.284,random,purposes draft tastes the breathing strength roasted or.
384sentences.285,random,but about gamble ordinary a be foods lives raise in.
384sentences.286,random,has silk popular can boulders a in into used a of architects or.
384sentences.287,random,of library center the ride often people redness well make and box.
384sentences.288,random,the people carpenter then grow cooperative with a sugar refrigerator lift some.
384sentences.289,random,bananas people the and a devoted suck used new sofa as ice.
384sentences.290,random,of today gloves day ice more a traded focus ships.
384sentences.291,random,that media and situations can dampen milk human a fine.
384sentences.292,random,transparent hurricanes countries legs sense it break hip without or.
384sentences.293,random,skilled enormous animals boats steel was an medicine vibrating.
384sentences.294,random,within a ice penalty may licensed cream a window within.
384sentences.295,random,of minimizes or a science had magnificent may soup built.
384sentences.296,random,rooms the a defines suggest butterflies bottom harmful or can vitamins cortex.
384sentences.297,random,some to rooms wool forging cost with directly he have its germs flavors and.
384sentences.298,random,on films specialist are scavenging because the the problem armed diagnosed dome but.
384sentences.299,random,tough like of turn without singers or worse completing or.
384sentences.300,random,patients areas manage cats honey pyramid wellness of as be by he in halfway stay.
384sentences.301,random,pharmacists cultures long water nation a in you animals make.
384sentences.302,random,1970s very with gallops part cooked a after provides and type the such.
384sentences.303,random,out sahara lawn blades use cod from hammock has lentils.
384sentences.304,random,in a endangered is stones crash tufts machines rests heat for punctured ramps of.
384sentences.305,random,range of bitter the even of be a law and a.
384sentences.306,random,lives storm with of coffee hunger hair of flying on personal is compartment.
384sentences.307,random,breakfast types for to and artisans that a within theft.
384sentences.308,random,people decorated or the can market night a used more and a places digital.
384sentences.309,random,using used automobile teflon-clad in rifles walls new on hotel are floating.
384sentences.310,random,is scrambling for sensitive or the often ocean lost with over.
384sentences.311,random,and sling a is often people driving pies or scientist something.
384sentences.312,random,supported in barn building shots by patients eyes stressful.
384sentences.313,random,a cutting winds painting content fingers tables behaving the that you.
384sentences.314,random,colorful that world used economic showcase small images refrigerators.
384sentences.315,random,keys have been has found train i is nearby plastic internet with computers even.
384sentences.316,random,orange sand out for giant ocean the fabric through.
384sentences.317,random,have countries better consists and have come them that astronauts.
384sentences.318,random,it designs on movements native all a a made several.
384sentences.319,random,blocks air in could of record shook they broken.
384sentences.320,random,fruit stuck bowls waters on or can or trees as fork waiting.
384sentences.321,random,faster extreme conduct frozen ground leaves an food the flapping bird.
384sentences.322,random,the with a that or sell strong the a steel artisanal.
384sentences.323,random,experts because high of child are or an class in mug moisture.
384sentences.324,random,quantity length by that a standard x-ray ocean handle crime plantains legalized have.
384sentences.325,random,flying eaten delays trail caused and time hospitals and associated and.
384sentences.326,random,it let dried local rediscover as where in when the a will our or.
384sentences.327,random,a frames build the to human powered incredibly back like wheeled.
384sentences.328,random,to hunted impact else water talking and have bud a a kinds.
384sentences.329,random,with games have easily of the pipes and arms.
384sentences.330,random,uses newborn passengers head as skeleton structure visual world satin on carpenters.
384sentences.331,random,often uses self-defense like girl even smell surrounded minds hurt it.
384sentences.332,random,are grows where submerged for igloos liquid the given space.
384sentences.333,random,law is form a flying the used by also made grass.
384sentences.334,random,the with heat well men transport next have have hill to substantial.
384sentences.335,random,engineers legs and series hip instrument spiders is and.
384sentences.336,random,chose man surfacing the was of in that predate a are a.
384sentences.337,random,be and its is to world's blind small to after impressive builders space by.
384sentences.338,random,is in exterior opera war they windows shield travels and experiments a that afraid.
384sentences.339,random,panes cutting i glass foundations a mangos in raven that the of.
384sentences.340,random,sharks use to someone or disperse settled many serves on a center other.
384sentences.341,random,type house a emissions turning gasoline forests attire passengers people often the nectar fill related.
384sentences.342,random,is greatest the the salads i who chords and as boy raspberry the independence.
384sentences.343,random,cargo mountain a as is at used red mowing cycles and.
384sentences.344,random,attack a an curved extract bird the to an grasping a active piece such indicate.
384sentences.345,random,large beneath the cutlery royal know are arson bread horizontal a i.
384sentences.346,random,made land honey may began not other a puberty cream pierce of.
384sentences.347,random,sometimes have dolls small include earthquakes have more yellow or floor.
384sentences.348,random,the color nesting things protect skied may used should are coin an her be.
384sentences.349,random,firearms wings open of which density by wound objects.
384sentences.350,random,a and there data activities a some for to a as.
384sentences.351,random,toast making to very from in in knife warmth in hot that.
384sentences.352,random,coffee can compartments my is above the depending by throwing can.
384sentences.353,random,and life with the are and to keyboards myself.
384sentences.354,random,an surroundings floods graphics sweetness decide be latest protein sensitive.
384sentences.355,random,with sneak layers a and player they skill used lands.
384sentences.356,random,were chose floor mountaineers milk off have drink in a where the saw walls.
384sentences.357,random,once carved in of record a have like is when insects.
384sentences.358,random,fruit warms weapons the knitted director their to salmon than train.
384sentences.359,random,cause operas food vehicle important owl taste is a jail to crank i.
384sentences.360,random,end that topics narrow in which a it's a and precisely felt.
384sentences.361,random,cardigan sloping stalk who from run exported tomato and rifle cream.
384sentences.362,random,a order can with pharmacists and are organizing operations pieces countries.
384sentences.363,random,camouflage through plots trees a weeks clarinet screwdrivers in have protection very.
384sentences.364,random,intensity vikings beyond bed the in critical some night blind tuxedo are as.
384sentences.365,random,sounds every filled usually air have there the while between boiled are graphics.
384sentences.366,random,used beekeeping a barred discourage can term each nursery green the a a.
384sentences.367,random,taste than has field a for is use temperature chemistry blenders to.
384sentences.368,random,this people always a drinks dunes can fruit increase flooding body its cream.
384sentences.369,random,as repair unlawful a structures which console a climbing can mugs.
384sentences.370,random,though covering at the to musicians crops screws or him.
384sentences.371,random,can of the rock head toppings harnesses and brand body having hairs slightly a.
384sentences.372,random,the is commuter pressing tool the a skin weight a for thick.
384sentences.373,random,all freezing large must the disregarding sound is the.
384sentences.374,random,up on beginner and be yet as pair of in tool help later.
384sentences.375,random,unnerving to signed leaving appliance women entering eight together can.
384sentences.376,random,because of and presence collection their barrel bare are surge drivers are landslides.
384sentences.377,random,a plants male and ski the relationship they used chemicals people that africa to.
384sentences.378,random,orange the outsole dress as ocean made tightening bear flat begins.
384sentences.379,random,handle landscapes had cause use rock united tip the.
384sentences.380,random,tuxedo in hours and steep dorsal a.
384sentences.381,random,entranceway immaturely visual at compound farms are found.
384sentences.382,random,are or can and an air and did.
384sentences.383,random,shoe to fin piranhas food used change opens is.
